StartDate,EndDate,Status,Progress,Duration (in seconds),Finished,RecordedDate,ResponseId,DistributionChannel,UserLanguage,CONSENT,DEM_GENDER,DEM_GENDER_2_TEXT,DEM_AGE,DEM_EDU,ATTCHECK_NUMBER,SCIINFO_newspapersmags,SCIINFO_tvradio,SCIINFO_newswebsitesapps,SCIINFO_videospodcasts,SCIINFO_filmsseries,SCIINFO_books,SCIINFO_socialmedia,SCIINFO_messengers,SCIINFO_museumszoos,SCIINFO_rlconversations,SCIENGAGE_conversations,SCIENGAGE_messengers,SCIENGAGE_socialmedia,SCIENGAGE_publicprotests,BENEFIT_OPEN,TRUST_OPEN,BENEFIT_ONESELF,BENEFIT_REGION_MOST,BENEFIT_REGION_LEAST,GOALS_PRIO_health,GOALS_PRIO_energy,GOALS_PRIO_poverty,GOALS_PRIO_defense,GOALS_TACKLE_health,GOALS_TACKLE_energy,GOALS_TACKLE_poverty,GOALS_TACKLE_defense,influence_integrate,influence_advocate,influence_communicate,influence_involved,NORMPERC_outreach,influence_independent,WILLVUL_gov,WILLVUL_you,competence_expert,integrity_honest,benevolence_concerned,openness_open,competence_intelligent,integrity_ethical,benevolence_improve,openness_transparent,competence_qualified,integrity_sincere,benevolence_otherinterest,openness_otherviews,trust_method,TRUST_PEW,OUTSPOKEN_othersthink,OUTSPOKEN_isolate,OUTSPOKEN_against,SCIPOP_common,SCIPOP_good,SCIPOP_advantage,SCIPOP_cahoots,SCIPOP_influence,SCIPOP_involved,SCIPOP_lifeexp,SCIPOP_rely,ATTCHECK_RES,SDO_allgroupsconsider,SDO_notpushequality,SDO_equalityideal,SDO_superiordominate,CLIM_TRUST,CLIM_EMO_helpless,CLIM_EMO_anxious,CLIM_EMO_optimistic,CLIM_EMO_angry,CLIM_EMO_guilty,CLIM_EMO_ashamed,CLIM_EMO_depressed,CLIM_EMO_pessimistic,CLIM_EMO_indifferent,CLIM_GOV_concerns,CLIM_GOV_doingenough,CLIM_GOV_dismisspeople,CLIM_GOV_science,CLIM_GOV_futuregens,CLIM_GOV_trustworthy,CLIM_GOV_lying,CLIM_POLSUPPORT_fueltax,CLIM_POLSUPPORT_publictransport,CLIM_POLSUPPORT_sustenergy,CLIM_POLSUPPORT_protection,CLIM_POLSUPPORT_foodtax,CLIM_WEATHERPAST_floods,CLIM_WEATHERPAST_heatwaves,CLIM_WEATHERPAST_heavystorms,CLIM_WEATHERPAST_wildfires,CLIM_WEATHERPAST_heavyrain,CLIM_WEATHERPAST_droughts,CLIM_WEATHERFUTU_floods,CLIM_WEATHERFUTU_heatwaves,CLIM_WEATHERFUTU_heavystorms,CLIM_WEATHERFUTU_wildfires,CLIM_WEATHERFUTU_heavyrain,CLIM_WEATHERFUTU_droughts,DEM_INCOME,DEM_POL_conservative,DEM_POL_right,DEM_RELIGIOUS,DEM_RESIDENCE,disciplines_trust_general,disciplines_trust_biology,disciplines_trust_physics,disciplines_trust_climate,disciplines_trust_economics,disciplines_trust_sociology,disciplines_consensus_general,disciplines_consensus_biology,disciplines_consensus_physics,disciplines_consensus_climate,disciplines_consensus_economics,disciplines_consensus_sociology,disciplines_precision_general,disciplines_precision_biology,disciplines_precision_physics,disciplines_precision_climate,disciplines_precision_economics,disciplines_precision_sociology,CT_climate...140,CT_vaccine...141,CT_lantian...142,VJS_1,VJS_2,subjective_status,CT_climate...146,Q122_5...147,CT_vaccine...148,Q122_6...149,CT_climate...150,Q122_5...151,CT_vaccine...152,Q122_6...153,CT_climate...154,Q122_5...155,CT_vaccine...156,Q122_6...157,ATT_AI _P1...158,ATT_AI _P2...159,ATT_AI _P3...160,ATT_AI _N1...161,ATT_AI _N2...162,ATT_AI _N3...163,ATT_TRUST_AI_11,ATT_TRUST_AI_12,ATT_AI _P1...166,ATT_AI _P2...167,ATT_AI _P3...168,ATT_AI _N1...169,ATT_AI _N2...170,ATT_AI _N3...171,CT_lantian...172,ID,attcheck_number,attcheck_res,id,benevolence,competence,integrity,openness,influence_policy,influence_lifestyle,trust_composite,trust_composite_reduced,education_numeric,education,gender,age,religious,residence,income,income_log,date
2023-02-21 15:19:13,2023-02-21 15:29:14,0,100,600,1,2023-02-21 15:29:14,R_32VXnZ71AvC7qlT,anonymous,FR,1,1,NA,38,4,213,5,5,5,4,4,2,3,3,2,5,5,4,2,2,les scientifiques à travers leurs publications et leurs travails,NA,4,4,3,4,4,3,4,4,3,3,3,4,4,4,5,5,3,4,5,4,5,4,3,4,5,4,4,4,4,3,4,4,4,4,3,5,4,3,4,2,4,3,1,4,1,7,5,8,9,4,4,4,2,5,2,1,3,4,1,2,3,4,3,2,2,4,3,4,2,3,2,2,4,4,4,2,5,5,5,5,5,5,5,68000,4,4,1,2,5,5,5,5,5,5,4,4,4,4,3,3,4,4,4,4,4,4,1,1,1,2,3,7,NA,NA,NA,NA,NA,NA,NA,NA,NA,NA,NA,NA,NA,NA,NA,NA,NA,NA,NA,NA,NA,NA,NA,NA,NA,NA,NA,236591981817036,213,1,2,3.6666666666666665,4,4.666666666666667,3.6666666666666665,4,4,4,3.8333333333333335,4,"Higher education (e.g., university degree or higher education diploma)",Man,38,Not religious at all (1),Urban,68000,11.127262984158243,"February 21, 2023"
2023-02-21 15:42:49,2023-02-21 16:02:29,0,100,1179,1,2023-02-21 16:02:29,R_2z7sBx5c5R5OtZS,anonymous,FR,1,0,NA,35,3,213,2,3,1,2,1,1,3,1,2,2,3,3,3,3,NA,Il faut que son idée a fait ses preuves,3,4,1,5,5,5,5,5,5,5,5,5,5,5,5,5,5,5,5,5,4,5,5,5,5,5,5,5,5,5,5,5,5,5,5,5,5,5,3,5,1,1,5,1,1,10,10,10,10,5,5,1,1,1,1,1,1,5,1,5,5,1,3,3,3,3,3,3,3,3,3,5,5,5,5,5,5,5,5,5,5,5,5,18000,1,3,1,1,5,5,5,5,5,5,5,5,5,5,5,5,5,5,5,5,5,5,7,7,9,7,7,10,NA,NA,NA,NA,NA,NA,NA,NA,NA,NA,NA,NA,NA,NA,NA,NA,NA,NA,NA,NA,NA,NA,NA,NA,NA,NA,NA,236591981683919,213,1,4,5,5,4.666666666666667,5,5,5,4.916666666666667,5,3,"Secondary education (e.g., high school)",Woman,35,Not religious at all (1),Rural,18000,9.798127036878302,"February 21, 2023"
2023-02-21 16:25:00,2023-02-21 16:33:25,0,100,505,1,2023-02-21 16:33:26,R_OdPZBUVHQwiPY2d,anonymous,FR,1,0,NA,22,4,213,1,4,5,3,4,4,5,1,3,5,3,2,1,1,je ne sais pas,NA,4,4,5,4,5,3,2,4,4,3,3,1,1,2,1,5,5,5,4,4,3,3,3,4,3,3,3,3,2,2,3,5,4,4,4,4,5,5,1,4,1,2,2,3,1,10,8,10,1,2,3,4,1,2,1,3,4,5,3,2,2,5,2,1,1,5,3,4,3,4,3,5,5,5,5,5,5,5,5,5,5,5,5,60000,99,1,1,2,4,4,4,4,3,3,4,4,4,4,3,3,4,5,5,4,3,3,1,1,5,1,5,7,NA,NA,NA,NA,NA,NA,NA,NA,NA,NA,NA,NA,NA,NA,NA,NA,NA,NA,NA,NA,NA,NA,NA,NA,NA,NA,NA,236591981818071,213,1,7,2.6666666666666665,3.6666666666666665,2.6666666666666665,3,2,5,3,3.1666666666666665,4,"Higher education (e.g., university degree or higher education diploma)",Woman,22,Not religious at all (1),Urban,60000,11.002099841204238,"February 21, 2023"
2023-02-21 16:54:44,2023-02-21 17:12:50,0,100,1086,1,2023-02-21 17:12:51,R_1j8MkaSROCAu4D8,anonymous,FR,1,1,NA,39,4,213,1,4,4,2,2,1,3,2,3,2,5,3,2,1,L'espèce humaine car elle a bénéficié de découvertes scientifiques qui ont contribué à son développement et longévité,NA,4,4,1,4,5,4,2,5,3,2,5,4,5,4,4,5,2,4,4,4,4,4,2,4,4,4,3,4,4,4,2,3,4,4,3,4,3,3,2,2,2,4,2,1,1,8,3,9,2,3,4,3,2,4,3,3,4,4,1,3,2,3,2,1,2,4,2,2,3,3,1,4,4,4,3,4,4,4,4,4,4,4,4,44000,3,4,4,2,4,4,4,4,3,3,4,4,4,3,3,2,3,4,4,3,4,2,1,2,4,3,3,6,NA,NA,NA,NA,NA,NA,NA,NA,NA,NA,NA,NA,NA,NA,NA,NA,NA,NA,NA,NA,NA,NA,NA,NA,NA,NA,NA,236591981815992,213,1,9,4,4,4,2.3333333333333335,3.8,4,3.5833333333333335,4,4,"Higher education (e.g., university degree or higher education diploma)",Man,39,(4),Urban,44000,10.691944912900398,"February 21, 2023"
2023-02-21 17:01:13,2023-02-21 17:17:24,0,100,971,1,2023-02-21 17:17:25,R_2aDfbz23mmG7OE3,anonymous,FR,1,0,NA,63,3,213,3,3,2,2,2,1,2,1,1,1,3,2,2,2,"Une partie de la population, qui peuvent y accéder .",NA,4,4,1,5,4,5,3,4,3,2,4,2,3,3,3,5,5,5,4,4,2,3,3,4,4,4,3,4,3,4,3,4,3,5,5,5,5,5,4,5,4,3,4,5,1,8,10,10,4,3,4,1,3,3,1,3,2,3,1,1,1,5,4,1,1,5,2,3,1,2,1,4,5,5,4,4,5,4,5,5,3,4,5,240000,3,4,2,1,4,5,3,4,3,3,4,4,3,4,3,2,4,3,4,3,4,4,1,5,3,5,5,3,NA,NA,NA,NA,NA,NA,NA,NA,NA,NA,NA,NA,NA,NA,NA,NA,NA,NA,NA,NA,NA,NA,NA,NA,NA,NA,NA,236591981675692,213,1,10,3.6666666666666665,4,3,3,3.2,4,3.4166666666666665,3.8333333333333335,3,"Secondary education (e.g., high school)",Woman,63,(2),Rural,240000,12.388394202324129,"February 21, 2023"
2023-02-21 19:21:36,2023-02-21 19:53:38,0,100,1922,1,2023-02-21 19:53:39,R_riqHqm8Pz2dZABj,anonymous,FR,1,1,NA,54,3,213,2,5,5,2,2,3,3,1,1,1,3,6,6,1,NA,leurs métier et leurs publications et leurs situation dans leurs métier,5,4,1,5,5,5,4,5,5,4,5,4,3,2,2,4,3,5,3,4,4,3,3,4,4,5,4,4,4,4,3,4,5,2,1,2,3,2,2,2,1,2,3,2,1,9,3,9,1,3,4,1,4,3,1,1,1,1,1,3,3,3,4,4,3,4,3,3,3,3,4,3,4,3,3,2,2,2,2,2,3,2,3,1100,99,5,3,2,5,5,4,2,2,3,4,4,4,2,2,3,4,4,4,3,2,3,2,2,6,2,4,4,NA,NA,NA,NA,NA,NA,NA,NA,NA,NA,NA,NA,NA,NA,NA,NA,NA,NA,NA,NA,NA,NA,NA,NA,NA,NA,NA,236591981819124,213,1,14,4,4,4,3.3333333333333335,2.8,4,3.8333333333333335,4,3,"Secondary education (e.g., high school)",Man,54,(3),Urban,1100,7.003065458786462,"February 21, 2023"
2023-02-21 19:05:44,2023-02-21 19:57:17,0,100,3092,1,2023-02-21 19:57:17,R_2QhQLQhVVzgR9q3,anonymous,FR,1,0,NA,33,4,213,1,1,1,1,1,1,1,1,1,1,3,1,1,1,NA,"Les études, son ethique",2,4,1,4,4,4,5,5,5,2,3,4,5,5,5,5,4,4,4,4,4,4,4,4,4,4,4,4,4,4,4,4,4,3,3,3,3,3,2,3,3,3,2,3,1,6,7,7,7,3,4,3,2,4,4,4,4,4,2,1,1,5,1,1,1,5,2,3,3,3,1,4,4,4,4,4,4,5,5,5,5,5,5,39000,99,99,1,1,4,4,4,4,4,4,4,4,4,4,4,4,4,4,4,4,4,4,2,3,5,7,5,5,NA,NA,NA,NA,NA,NA,NA,NA,NA,NA,NA,NA,NA,NA,NA,NA,NA,NA,NA,NA,NA,NA,NA,NA,NA,NA,NA,236591981685979,213,1,15,4,4,4,4,4.6,4,4,4,4,"Higher education (e.g., university degree or higher education diploma)",Woman,33,Not religious at all (1),Rural,39000,10.571316925111784,"February 21, 2023"
2023-02-21 20:18:36,2023-02-21 20:41:19,0,100,1362,1,2023-02-21 20:41:21,R_1GCWD1Cauyf1MZX,anonymous,FR,1,0,NA,21,3,213,1,5,4,1,1,1,6,1,1,1,4,4,4,2,NA,Les études effectuées,4,4,1,3,5,3,2,5,2,3,1,2,1,4,5,5,4,5,4,4,4,4,2,5,4,4,4,4,4,4,4,4,4,4,2,3,2,2,2,3,1,4,3,2,1,10,3,10,1,4,5,5,1,5,5,4,5,4,1,1,1,5,1,1,1,5,3,3,3,3,3,5,5,5,5,5,5,5,5,5,5,5,5,61000,1,1,2,1,4,4,4,4,4,4,4,4,4,4,2,4,4,4,4,4,4,4,1,2,7,7,5,5,NA,NA,NA,NA,NA,NA,NA,NA,NA,NA,NA,NA,NA,NA,NA,NA,NA,NA,NA,NA,NA,NA,NA,NA,NA,NA,NA,236591981817037,213,1,17,4,4.333333333333333,4,3.3333333333333335,3.2,5,3.9166666666666665,4.166666666666667,3,"Secondary education (e.g., high school)",Woman,21,(2),Rural,61000,11.018629143155449,"February 21, 2023"
2023-02-21 20:24:39,2023-02-21 20:50:12,0,100,1533,1,2023-02-21 20:50:13,R_1rrEO1AsJxfJUoB,anonymous,FR,1,1,NA,65,4,213,5,6,4,3,3,1,3,2,2,5,6,2,4,1,La planète entière,NA,5,2,5,5,5,5,5,4,3,2,3,3,3,3,4,5,3,5,4,3,3,4,3,3,3,3,3,4,3,3,3,5,3,4,4,4,3,2,3,3,3,3,2,3,1,10,1,10,1,2,3,3,3,5,3,1,2,3,1,1,1,1,1,1,1,1,1,1,1,1,1,3,3,3,3,3,3,3,3,3,3,3,3,NA,4,4,4,1,4,4,4,3,3,4,3,4,4,2,3,4,4,4,4,3,3,4,2,4,5,4,4,4,NA,NA,NA,NA,NA,NA,NA,NA,NA,NA,NA,NA,NA,NA,NA,NA,NA,NA,NA,NA,NA,NA,NA,NA,NA,NA,NA,236591981815984,213,1,18,3.3333333333333335,3.3333333333333335,3,3,3.2,5,3.1666666666666665,3.3333333333333335,4,"Higher education (e.g., university degree or higher education diploma)",Man,65,(4),Rural,NA,NA,"February 21, 2023"
2023-02-21 15:33:15,2023-02-21 21:48:42,0,100,22527,1,2023-02-21 21:48:43,R_3iIse5yrNPN1iJx,anonymous,FR,1,0,NA,37,4,213,2,4,4,3,1,1,4,1,2,1,2,1,2,1,NA,.,5,6,1,5,4,4,3,5,4,3,2,4,4,5,5,4,4,5,4,4,4,4,4,4,3,4,4,5,4,4,3,3,3,4,4,4,3,2,3,2,3,2,4,4,1,8,8,10,1,4,3,4,2,4,2,2,2,4,1,2,2,3,2,2,3,2,1,3,3,3,1,5,5,5,5,5,5,5,5,5,5,5,5,25000,4,4,2,2,4,5,5,3,3,4,4,3,4,3,3,3,4,4,4,3,2,3,1,1,3,5,6,3,NA,NA,NA,NA,NA,NA,NA,NA,NA,NA,NA,NA,NA,NA,NA,NA,NA,NA,NA,NA,NA,NA,NA,NA,NA,NA,NA,236591981682889,213,1,20,4,4.333333333333333,3.6666666666666665,3.6666666666666665,4.4,4,3.9166666666666665,4.166666666666667,4,"Higher education (e.g., university degree or higher education diploma)",Woman,37,(2),Urban,25000,10.126631103850338,"February 21, 2023"
2023-02-21 22:31:02,2023-02-21 22:48:52,0,100,1069,1,2023-02-21 22:48:52,R_Qnb6D3OTNusNMmR,anonymous,FR,1,0,NA,57,3,213,1,3,1,1,1,1,1,1,1,2,2,1,1,1,Les nouvelles technologies  et les entreprises,NA,4,4,1,4,5,3,2,4,4,3,3,1,1,5,5,5,5,5,3,4,3,3,3,4,3,4,3,4,3,3,3,3,4,3,1,2,4,2,2,4,3,4,3,3,1,9,4,4,1,5,4,2,3,4,3,3,1,4,1,3,2,3,3,2,2,3,2,3,4,4,3,4,5,3,4,3,5,4,4,4,5,3,5,3000,99,99,1,1,5,4,3,5,4,3,3,3,3,5,4,3,5,4,4,4,4,1,5,3,1,3,4,6,NA,NA,NA,NA,NA,NA,NA,NA,NA,NA,NA,NA,NA,NA,NA,NA,NA,NA,NA,NA,NA,NA,NA,NA,NA,NA,NA,236591981818078,213,1,22,3.3333333333333335,4,3,3,3.4,1,3.3333333333333335,3.6666666666666665,3,"Secondary education (e.g., high school)",Woman,57,Not religious at all (1),Rural,3000,8.006367567650246,"February 21, 2023"
2023-02-22 06:48:18,2023-02-22 07:01:56,0,100,818,1,2023-02-22 07:01:56,R_301XErlxIszIgHc,anonymous,FR,1,0,NA,69,3,213,2,3,1,1,1,1,1,1,1,3,3,1,1,1,NA,Je ne sais pas,2,4,1,4,3,4,3,3,2,2,3,3,4,3,3,4,3,4,4,3,3,2,3,4,3,3,3,3,2,2,2,2,2,3,3,3,2,2,3,4,4,3,3,4,1,9,8,8,3,2,5,2,2,2,1,1,1,3,1,2,2,4,2,1,3,3,2,2,3,3,2,5,3,4,3,3,4,4,3,3,4,4,4,50000,99,99,3,1,3,3,3,2,2,3,3,3,3,3,3,3,3,3,3,2,2,3,4,7,9,5,4,5,NA,NA,NA,NA,NA,NA,NA,NA,NA,NA,NA,NA,NA,NA,NA,NA,NA,NA,NA,NA,NA,NA,NA,NA,NA,NA,NA,236591981815978,213,1,25,2.3333333333333335,3.3333333333333335,2.6666666666666665,2.6666666666666665,3.2,3,2.75,2.8333333333333335,3,"Secondary education (e.g., high school)",Woman,69,(3),Rural,50000,10.819778284410283,"February 22, 2023"
2023-02-22 08:55:47,2023-02-22 09:05:42,0,100,595,1,2023-02-22 09:05:43,R_3CZVcxPJQgzY3ok,anonymous,FR,1,0,NA,63,3,213,4,5,1,1,5,6,4,4,1,1,1,1,1,1,nspp,NA,5,3,1,5,5,5,5,5,5,5,5,4,4,4,4,4,4,5,5,5,4,5,5,4,4,4,4,4,4,4,4,5,5,5,5,5,1,1,3,5,5,5,3,3,1,10,10,10,10,1,5,5,1,5,5,5,5,5,1,1,1,1,1,1,1,1,4,4,4,4,4,5,5,5,5,5,5,5,5,5,5,5,5,15000,99,5,1,1,5,5,5,5,5,5,5,5,5,5,5,5,5,5,5,5,5,5,7,7,5,7,7,1,NA,NA,NA,NA,NA,NA,NA,NA,NA,NA,NA,NA,NA,NA,NA,NA,NA,NA,NA,NA,NA,NA,NA,NA,NA,NA,NA,236591981817026,213,1,27,4.333333333333333,4.333333333333333,4,4.333333333333333,4,5,4.25,4.333333333333333,3,"Secondary education (e.g., high school)",Woman,63,Not religious at all (1),Rural,15000,9.615805480084347,"February 22, 2023"
2023-02-22 08:58:35,2023-02-22 09:24:16,0,100,1541,1,2023-02-22 09:24:17,R_A6ijtrMGupNRAxH,anonymous,FR,1,1,NA,49,3,213,2,3,3,1,3,1,1,1,2,3,5,1,1,1,NA,Sa notoriété,4,4,1,5,5,4,3,4,4,3,3,1,2,1,2,5,4,5,5,5,4,4,3,5,4,4,4,4,4,4,3,4,3,4,4,4,4,2,3,3,3,3,3,3,1,5,7,5,2,4,3,2,2,4,2,3,3,2,1,1,1,4,2,3,1,4,3,3,3,3,2,4,4,4,2,4,4,4,4,4,2,4,4,5000,4,5,2,1,3,4,5,4,2,4,4,4,4,4,3,4,4,4,4,4,3,3,1,4,8,7,7,5,NA,NA,NA,NA,NA,NA,NA,NA,NA,NA,NA,NA,NA,NA,NA,NA,NA,NA,NA,NA,NA,NA,NA,NA,NA,NA,NA,236591981687011,213,1,28,4,4.666666666666667,4,3.3333333333333335,2,4,4,4.333333333333333,3,"Secondary education (e.g., high school)",Man,49,(2),Rural,5000,8.517193191416238,"February 22, 2023"
2023-02-22 09:41:17,2023-02-22 09:58:03,0,100,1005,1,2023-02-22 09:58:03,R_3Jt4J6DiDP5Dkh3,anonymous,FR,1,0,NA,57,4,213,2,4,3,1,3,3,3,1,2,3,3,3,3,1,"je pense que c'est au niveau de la recherche concernant l'univers, la recherche spatiale car plusieurs pays investissent ainsi que des investisseurs privés. La médecine a aussi beaucoup progressé",NA,3,6,1,5,5,5,3,5,5,1,5,2,5,3,3,5,5,5,3,4,5,4,2,4,4,4,4,5,4,4,4,1,4,5,4,5,4,3,1,1,1,1,2,1,1,10,10,10,1,1,4,5,1,3,2,2,4,4,1,1,1,5,1,1,1,5,3,3,3,3,3,5,5,5,5,1,5,5,5,5,5,5,5,18000,99,99,1,1,5,5,5,5,5,5,5,5,5,5,5,5,5,5,5,5,5,5,1,1,9,7,1,5,NA,NA,NA,NA,NA,NA,NA,NA,NA,NA,NA,NA,NA,NA,NA,NA,NA,NA,NA,NA,NA,NA,NA,NA,NA,NA,NA,236591981675689,213,1,30,4,4.333333333333333,4.333333333333333,3.3333333333333335,3.6,5,4,4.166666666666667,4,"Higher education (e.g., university degree or higher education diploma)",Woman,57,Not religious at all (1),Rural,18000,9.798127036878302,"February 22, 2023"
2023-02-22 18:59:50,2023-02-22 19:27:50,0,100,1680,1,2023-02-22 19:27:51,R_voZWMptRy7QCfS1,anonymous,FR,1,0,NA,31,4,213,1,3,3,2,5,3,2,1,1,4,4,1,1,1,"Les scientifiques, les entreprises, les états parce que : - la science est peu facile d'accès pour Mr Mme tout le monde. Les publications paraissent dans des revues internationales peu facile d'accès (payante, trouvable par mot clés très précis...) et peu compréhensible (vocabulaire très pointu, langue anglaise uniquement...). Les résultats des recherches servent donc en premier lieu aux autres chercheurs. - La science sert pour l'innovation. Les entreprises surveillent les avancés scientifiques pour tirer profit d'un concept ou d'une nouvelle méthode (nouveaux matériaux, molécules, procédés...). - Aux états pour protéger les citoyens (domaine de la santé par exemple), faire des économies (dans l'énergie par exemple), se protéger (crise/guerre)",NA,2,6,5,4,5,3,1,3,4,2,4,3,4,3,4,5,5,4,4,3,4,2,2,5,3,3,3,4,2,2,1,3,3,3,2,1,3,2,3,4,1,1,5,2,1,3,7,8,1,4,5,1,1,2,1,1,4,3,1,1,1,1,1,2,1,1,3,2,2,3,1,5,5,5,5,4,5,5,5,4,5,3,5,64800,99,4,1,2,2,4,5,4,3,4,3,2,5,5,3,3,2,3,5,4,3,3,1,4,6,7,3,6,NA,NA,NA,NA,NA,NA,NA,NA,NA,NA,NA,NA,NA,NA,NA,NA,NA,NA,NA,NA,NA,NA,NA,NA,NA,NA,NA,236591981732000,213,1,32,2.3333333333333335,4,3,2,3.8,4,2.8333333333333335,3.1666666666666665,4,"Higher education (e.g., university degree or higher education diploma)",Woman,31,Not religious at all (1),Urban,64800,11.079060882340366,"February 22, 2023"
2023-02-22 22:09:00,2023-02-22 22:29:22,0,100,1222,1,2023-02-22 22:29:23,R_cMWa9dNa6kq8Ied,anonymous,FR,1,0,NA,49,4,213,3,1,2,1,2,1,2,3,1,1,3,3,2,1,NA,Elle ne parle pas de théorie du complot. Elle fait des recherches et parlent simplement de celle-ci,3,6,1,5,3,5,3,3,3,3,3,4,4,4,4,3,3,4,4,3,2,3,3,3,3,3,3,4,3,3,3,4,2,3,3,3,3,2,4,3,3,3,3,5,1,10,10,10,1,1,5,5,1,3,4,4,4,5,1,2,2,4,2,3,2,2,4,2,3,2,3,2,4,4,4,4,4,4,4,4,4,4,4,21000,3,99,2,2,3,3,3,3,3,3,3,3,3,3,3,3,3,3,3,3,3,3,4,6,5,3,6,4,NA,NA,NA,NA,NA,NA,NA,NA,NA,NA,NA,NA,NA,NA,NA,NA,NA,NA,NA,NA,NA,NA,NA,NA,NA,NA,NA,236591981719668,213,1,34,3,3.3333333333333335,2.6666666666666665,3,3.8,4,3,3.1666666666666665,4,"Higher education (e.g., university degree or higher education diploma)",Woman,49,(2),Urban,21000,9.95227771670556,"February 22, 2023"
2023-02-24 12:45:49,2023-02-24 12:59:50,0,100,841,1,2023-02-24 12:59:51,R_1d0oUX7JwEwZ4R8,anonymous,FR,1,1,NA,51,4,213,1,1,1,1,1,1,1,1,1,1,1,1,1,1,NA,je ne sais pas ce qui peut rendre un(e) scientifique digne de confiance sauf si il est possible de vérifier ce qu'il ou elle dit,3,1,3,4,5,1,2,3,2,1,2,4,3,3,5,4,5,5,4,4,4,3,3,4,4,3,4,4,4,3,3,3,4,3,3,3,3,3,2,3,3,3,3,3,1,8,5,6,1,3,4,4,2,4,2,2,3,3,2,2,2,4,2,2,2,4,2,2,3,3,1,5,5,5,4,5,5,5,5,5,5,5,5,59000,99,3,1,2,4,4,3,4,2,2,3,3,3,3,3,3,3,3,3,3,3,3,1,3,5,4,4,6,NA,NA,NA,NA,NA,NA,NA,NA,NA,NA,NA,NA,NA,NA,NA,NA,NA,NA,NA,NA,NA,NA,NA,NA,NA,NA,NA,236591981665401,213,1,37,3,4,4,3.3333333333333335,4,3,3.5833333333333335,3.5,4,"Higher education (e.g., university degree or higher education diploma)",Man,51,Not religious at all (1),Urban,59000,10.985292722887856,"February 24, 2023"
2023-02-24 13:28:15,2023-02-24 13:38:20,0,100,604,1,2023-02-24 13:38:21,R_1QPz4KN3ex03j5T,anonymous,FR,1,1,NA,28,4,213,5,4,5,4,3,5,6,4,2,7,7,2,1,1,Les grandes sociétés car elles ont les capitaux pour récupérer les découvertes et mettre en avant celles qui leur sont profitables.,NA,3,6,1,5,5,3,4,2,3,1,5,3,3,4,3,4,5,3,2,3,4,2,3,4,4,2,2,3,4,4,2,4,2,1,5,3,2,1,1,2,1,1,3,3,1,4,8,4,4,5,5,2,3,5,1,1,1,3,1,1,1,1,1,1,1,3,4,3,2,3,3,5,5,5,5,5,5,5,5,5,5,5,5,65000,4,4,3,2,4,3,3,5,2,4,2,4,5,4,1,3,3,4,5,5,1,1,1,1,4,4,3,5,NA,NA,NA,NA,NA,NA,NA,NA,NA,NA,NA,NA,NA,NA,NA,NA,NA,NA,NA,NA,NA,NA,NA,NA,NA,NA,NA,236850617483290,213,1,38,2.6666666666666665,3.3333333333333335,4,2.3333333333333335,3.6,4,3.0833333333333335,3,4,"Higher education (e.g., university degree or higher education diploma)",Man,28,(3),Urban,65000,11.082142548877775,"February 24, 2023"
2023-02-24 13:29:47,2023-02-24 13:48:49,0,100,1142,1,2023-02-24 13:48:50,R_2U0jQqx4u5z2H6A,anonymous,FR,1,0,NA,47,3,213,2,6,5,5,3,2,7,2,2,2,3,3,3,3,NA,"Son intégrité, son indépendance.",3,6,1,5,5,5,3,2,2,2,2,3,3,3,3,3,5,3,3,3,3,3,3,3,2,2,2,3,2,2,2,3,2,3,3,3,3,2,4,5,4,3,3,4,1,7,6,5,3,4,4,2,1,3,2,2,2,4,1,3,3,3,3,3,3,3,1,3,2,3,1,4,4,4,4,4,4,4,4,4,4,4,4,58000,4,4,3,1,3,3,3,3,3,3,3,3,3,3,3,3,3,3,3,3,3,3,2,5,8,6,6,6,NA,NA,NA,NA,NA,NA,NA,NA,NA,NA,NA,NA,NA,NA,NA,NA,NA,NA,NA,NA,NA,NA,NA,NA,NA,NA,NA,236850617201906,213,1,41,2.3333333333333335,3,2.3333333333333335,2.3333333333333335,3.4,3,2.5,2.6666666666666665,3,"Secondary education (e.g., high school)",Woman,47,(3),Rural,58000,10.968198289528557,"February 24, 2023"
2023-02-24 13:37:51,2023-02-24 13:52:02,0,100,850,1,2023-02-24 13:52:02,R_1CDBOIVr3lakEPS,anonymous,FR,1,0,NA,26,4,213,2,2,1,1,2,1,3,1,1,2,2,2,1,1,Les générations futur,NA,3,2,1,5,2,3,3,3,4,2,4,3,3,4,3,4,3,3,3,4,3,4,3,4,3,3,3,4,3,3,3,3,3,5,5,5,5,4,3,2,3,4,3,3,1,9,1,10,1,3,4,3,3,3,3,3,3,3,3,3,3,3,3,3,3,3,4,3,3,3,4,4,4,4,4,4,4,5,5,5,5,5,5,20000,99,99,1,2,3,3,3,3,3,3,3,3,3,3,3,3,3,3,3,3,3,3,3,4,5,6,6,5,NA,NA,NA,NA,NA,NA,NA,NA,NA,NA,NA,NA,NA,NA,NA,NA,NA,NA,NA,NA,NA,NA,NA,NA,NA,NA,NA,236850617483293,213,1,43,3.3333333333333335,4,3,3,3.2,3,3.3333333333333335,3.6666666666666665,4,"Higher education (e.g., university degree or higher education diploma)",Woman,26,Not religious at all (1),Urban,20000,9.903487552536127,"February 24, 2023"
2023-02-24 13:46:00,2023-02-24 13:55:53,0,100,593,1,2023-02-24 13:55:54,R_1BWbZozK40VWnku,anonymous,FR,1,0,NA,33,4,213,1,5,5,6,4,1,5,5,3,5,5,5,5,3,NA,C’est là sériosité de ses recherches,3,4,1,5,4,5,3,5,4,2,4,1,1,4,3,5,5,4,4,4,3,3,2,4,4,4,3,4,4,5,3,4,4,4,4,5,4,3,1,3,2,4,3,2,1,10,8,10,1,4,3,4,1,4,2,1,3,4,1,3,4,1,3,2,3,2,1,3,3,3,1,4,5,5,5,5,5,4,5,5,5,5,4,33000,3,3,5,2,3,5,5,4,4,2,2,5,4,4,4,2,3,5,5,2,4,2,1,4,8,4,4,4,NA,NA,NA,NA,NA,NA,NA,NA,NA,NA,NA,NA,NA,NA,NA,NA,NA,NA,NA,NA,NA,NA,NA,NA,NA,NA,NA,236850617215042,213,1,44,4,4,3.6666666666666665,2.6666666666666665,2.8,4,3.5833333333333335,4,4,"Higher education (e.g., university degree or higher education diploma)",Woman,33,Very strongly religious (5),Urban,33000,10.404262840448617,"February 24, 2023"
2023-02-24 13:52:17,2023-02-24 14:01:02,0,100,524,1,2023-02-24 14:01:03,R_3frFs3aoVWRwFAZ,anonymous,FR,1,0,NA,32,3,213,1,1,1,1,7,1,7,1,1,7,1,7,7,1,Je né saisnpas,NA,3,4,2,3,3,3,3,3,3,3,3,3,3,3,3,3,3,3,3,3,3,3,3,3,3,3,3,3,3,3,3,3,1,3,2,2,3,3,3,3,3,3,3,3,1,5,6,6,5,3,3,2,3,1,3,1,1,3,3,3,3,3,3,3,3,3,4,4,4,4,4,3,3,3,3,3,3,3,3,3,3,3,3,33674,99,99,2,1,3,3,3,3,3,3,3,3,3,2,3,3,3,3,3,3,3,2,4,4,5,4,4,5,NA,NA,NA,NA,NA,NA,NA,NA,NA,NA,NA,NA,NA,NA,NA,NA,NA,NA,NA,NA,NA,NA,NA,NA,NA,NA,NA,236850617214017,213,1,46,3,3,3,3,3,3,3,3,3,"Secondary education (e.g., high school)",Woman,32,(2),Rural,33674,10.424481305217745,"February 24, 2023"
2023-02-24 13:50:13,2023-02-24 14:05:45,0,100,932,1,2023-02-24 14:05:46,R_1QAFC8UDowb8wMz,anonymous,FR,1,1,NA,63,4,213,2,3,1,3,3,3,3,3,3,3,3,1,1,1,NA,ça dépend !!!!,3,6,1,4,5,3,3,2,2,1,4,2,3,2,2,5,5,4,4,3,3,2,2,3,2,3,2,3,3,2,2,3,3,3,3,3,2,2,4,3,3,3,3,4,1,8,3,7,2,4,4,2,3,3,2,1,3,3,3,3,2,3,2,2,2,4,2,2,2,3,1,3,3,3,3,3,3,3,3,3,3,3,3,23000,2,3,2,1,3,3,3,3,3,3,3,3,3,3,3,3,3,3,3,3,3,3,1,5,5,4,4,6,NA,NA,NA,NA,NA,NA,NA,NA,NA,NA,NA,NA,NA,NA,NA,NA,NA,NA,NA,NA,NA,NA,NA,NA,NA,NA,NA,236850617175073,213,1,47,2.3333333333333335,3,2.6666666666666665,2,2.8,4,2.5,2.6666666666666665,4,"Higher education (e.g., university degree or higher education diploma)",Man,63,(2),Rural,23000,10.043249494911286,"February 24, 2023"
2023-02-24 13:53:18,2023-02-24 14:09:08,0,100,950,1,2023-02-24 14:09:09,R_3m1SqlIVVePWdC0,anonymous,FR,1,1,NA,49,4,213,3,3,1,1,2,2,1,1,1,3,3,1,1,1,Tout le monde bénéficie des progrès techniques engendrés par la science.,NA,4,6,1,4,4,3,3,5,4,1,5,4,4,4,4,4,4,4,4,3,4,4,4,4,4,4,4,4,4,3,4,5,4,4,4,4,3,4,3,2,4,4,2,2,1,8,2,10,1,4,3,3,2,3,3,3,3,4,2,2,2,4,1,1,2,5,1,2,3,3,1,4,4,4,4,4,4,4,4,4,4,4,4,2900,2,2,1,2,4,4,4,3,3,3,4,4,4,3,2,2,4,4,4,2,2,2,1,1,4,3,3,6,NA,NA,NA,NA,NA,NA,NA,NA,NA,NA,NA,NA,NA,NA,NA,NA,NA,NA,NA,NA,NA,NA,NA,NA,NA,NA,NA,236850617486416,213,1,50,3.6666666666666665,3.6666666666666665,4,4,4,4,3.8333333333333335,3.6666666666666665,4,"Higher education (e.g., university degree or higher education diploma)",Man,49,Not religious at all (1),Urban,2900,7.9724660159745655,"February 24, 2023"
2023-02-24 14:03:42,2023-02-24 14:25:49,0,100,1326,1,2023-02-24 14:25:49,R_su7ZsBciVKtM6aJ,anonymous,FR,1,0,NA,61,3,213,6,6,4,3,2,2,4,4,4,4,5,3,3,3,NA,"Que les faits relatés soient vrais, vérifiés et vérifiables",5,4,1,5,5,5,3,3,3,3,2,4,5,4,5,5,5,5,5,4,2,3,4,4,3,3,3,4,2,2,3,4,2,4,4,5,4,3,5,5,4,4,4,3,1,6,10,6,1,3,5,4,1,5,4,5,4,5,1,5,5,5,5,5,5,5,1,3,3,3,3,5,5,3,5,3,5,5,5,5,5,5,5,2900,3,3,1,2,2,2,2,3,2,2,3,3,2,4,2,2,3,3,2,4,2,2,1,7,9,1,1,7,NA,NA,NA,NA,NA,NA,NA,NA,NA,NA,NA,NA,NA,NA,NA,NA,NA,NA,NA,NA,NA,NA,NA,NA,NA,NA,NA,236850617493696,213,1,53,2.6666666666666665,4,2.3333333333333335,3.3333333333333335,4.6,5,3.0833333333333335,3.3333333333333335,3,"Secondary education (e.g., high school)",Woman,61,Not religious at all (1),Urban,2900,7.9724660159745655,"February 24, 2023"
2023-02-24 14:27:58,2023-02-24 14:35:23,0,100,445,1,2023-02-24 14:35:24,R_3nxCv4j6VtMXdBN,anonymous,FR,1,0,NA,25,4,213,3,4,4,3,1,1,5,1,3,3,4,3,2,1,NA,"Informations basées sur des faits, des preuves",5,4,1,4,4,3,1,4,4,3,3,4,3,4,4,5,2,4,4,4,4,4,4,4,3,4,4,4,3,4,4,4,4,4,3,4,4,3,1,2,3,3,3,2,1,8,3,9,1,4,3,3,1,4,5,4,3,4,2,2,2,5,2,1,2,4,3,3,3,4,3,5,5,5,5,5,5,5,5,5,5,5,5,1370,2,2,2,2,4,5,4,5,4,4,4,4,4,4,4,3,4,4,4,4,4,4,1,3,5,5,6,6,NA,NA,NA,NA,NA,NA,NA,NA,NA,NA,NA,NA,NA,NA,NA,NA,NA,NA,NA,NA,NA,NA,NA,NA,NA,NA,NA,236850617210917,213,1,54,4,4,3.3333333333333335,4,3.4,4,3.8333333333333335,4,4,"Higher education (e.g., university degree or higher education diploma)",Woman,25,(2),Urban,1370,7.222566018822171,"February 24, 2023"
2023-02-24 14:21:18,2023-02-24 14:38:37,0,100,1038,1,2023-02-24 14:38:38,R_2sdqj0SCfU6qQyO,anonymous,FR,1,0,NA,29,3,213,1,1,1,1,1,1,1,1,1,1,3,1,2,1,"Les chercheurs, les ingénieurs, les laboratoires, les archéologues, les médecins",NA,3,4,1,5,5,5,5,5,5,5,5,3,3,3,3,3,3,5,5,3,3,3,3,3,3,3,3,3,3,3,3,4,4,4,4,4,3,3,3,3,4,4,3,3,1,5,6,6,5,5,4,4,3,5,3,4,3,3,1,2,1,5,3,1,1,5,4,4,2,3,4,5,5,5,5,5,5,5,5,5,5,5,5,1200,99,99,3,1,4,4,4,4,4,4,3,3,3,3,3,3,3,3,3,3,3,3,1,4,9,7,7,6,NA,NA,NA,NA,NA,NA,NA,NA,NA,NA,NA,NA,NA,NA,NA,NA,NA,NA,NA,NA,NA,NA,NA,NA,NA,NA,NA,236850617194673,213,1,55,3,3,3,3,3,5,3,3,3,"Secondary education (e.g., high school)",Woman,29,(3),Rural,1200,7.090076835776092,"February 24, 2023"
2023-02-24 14:27:33,2023-02-24 14:42:48,0,100,915,1,2023-02-24 14:42:49,R_2AMQ4o2guo6zL1v,anonymous,FR,1,0,NA,29,3,213,2,2,1,1,2,2,2,1,1,2,1,1,1,1,NA,Quand il prouve ses theories,2,4,1,3,1,1,5,2,2,2,2,1,3,3,5,5,5,5,5,3,2,1,3,3,3,3,3,3,3,3,3,3,1,5,5,5,2,1,4,5,4,5,5,5,1,6,5,10,1,1,5,2,1,2,1,1,2,5,2,1,1,5,1,1,1,5,4,2,3,3,1,5,5,5,5,3,5,5,5,5,4,5,5,30000,3,3,1,1,1,1,1,1,1,1,1,1,1,1,1,1,4,5,4,2,1,2,4,7,9,4,4,9,NA,NA,NA,NA,NA,NA,NA,NA,NA,NA,NA,NA,NA,NA,NA,NA,NA,NA,NA,NA,NA,NA,NA,NA,NA,NA,NA,236850617491608,213,1,57,2.3333333333333335,3,2.6666666666666665,3,3.4,4,2.75,2.6666666666666665,3,"Secondary education (e.g., high school)",Woman,29,Not religious at all (1),Rural,30000,10.308952660644293,"February 24, 2023"
2023-02-24 15:08:22,2023-02-24 15:16:49,0,100,507,1,2023-02-24 15:16:50,R_2wzqGZGc1xquk5n,anonymous,FR,1,1,NA,60,4,213,5,5,5,5,4,4,5,3,5,5,4,3,4,3,je ne sais pas répondre à cette question,NA,3,4,1,4,5,5,3,4,4,3,4,4,4,4,4,5,3,4,3,4,4,4,4,4,4,4,4,4,4,4,4,5,4,3,3,3,3,3,1,1,2,3,2,2,1,7,1,9,1,4,3,3,2,3,3,3,2,3,2,3,2,3,3,3,3,4,2,3,3,3,2,4,4,4,4,4,4,4,4,4,4,4,4,27000,2,2,1,1,4,4,4,4,4,4,4,4,4,4,4,4,4,4,4,4,4,4,1,1,1,4,4,6,NA,NA,NA,NA,NA,NA,NA,NA,NA,NA,NA,NA,NA,NA,NA,NA,NA,NA,NA,NA,NA,NA,NA,NA,NA,NA,NA,236850617498649,213,1,60,4,4,4,4,3.8,4,4,4,4,"Higher education (e.g., university degree or higher education diploma)",Man,60,Not religious at all (1),Rural,27000,10.203592144986466,"February 24, 2023"
2023-02-24 14:57:16,2023-02-24 15:25:11,0,100,1674,1,2023-02-24 15:25:11,R_2fHTNgQ5An5rxwW,anonymous,FR,1,1,NA,38,3,213,1,3,4,6,6,2,6,3,1,2,5,6,2,1,NA,Un scientifique qui dévoile les découverts qu'il a pu faire et qui pourra aider les populations,4,1,2,4,4,5,4,4,3,2,3,4,3,3,2,5,5,4,4,3,3,4,5,4,3,4,4,5,4,4,4,5,4,4,3,4,3,1,2,3,3,4,3,2,1,10,7,10,1,5,4,4,3,3,4,4,4,3,3,4,3,4,4,2,4,3,2,3,3,2,2,5,5,5,5,5,5,5,5,5,5,5,5,20160,99,99,4,1,4,4,4,4,4,4,5,5,4,4,5,5,4,4,4,5,4,3,1,2,5,5,5,8,NA,NA,NA,NA,NA,NA,NA,NA,NA,NA,NA,NA,NA,NA,NA,NA,NA,NA,NA,NA,NA,NA,NA,NA,NA,NA,NA,236850617488503,213,1,63,4,4,3.3333333333333335,4.333333333333333,3.4,4,3.9166666666666665,4,3,"Secondary education (e.g., high school)",Man,38,(4),Rural,20160,9.911455722185305,"February 24, 2023"
2023-02-24 15:19:11,2023-02-24 15:38:30,0,100,1158,1,2023-02-24 15:38:31,R_3EJSbupk7yFHaZh,anonymous,FR,1,0,NA,62,3,213,2,3,1,1,3,1,1,1,2,1,4,1,1,1,"les progrès sur la médecine, la lutte contre le cancer, la vaccination, l'homme bénéficie de toutes ces avancées scientifiques",NA,5,4,1,5,5,4,3,5,4,3,3,4,4,3,3,4,4,5,4,4,4,4,3,4,4,4,4,5,4,4,4,4,5,4,4,3,3,3,2,2,2,4,1,5,1,8,9,10,2,5,4,2,1,2,2,2,3,3,1,2,2,2,3,2,3,1,3,3,3,3,3,5,5,5,5,5,5,5,5,5,5,5,5,50000,4,4,3,2,4,4,4,4,3,3,4,4,4,4,3,3,4,4,4,4,3,3,1,1,1,4,4,5,NA,NA,NA,NA,NA,NA,NA,NA,NA,NA,NA,NA,NA,NA,NA,NA,NA,NA,NA,NA,NA,NA,NA,NA,NA,NA,NA,236850617198810,213,1,65,4,4.333333333333333,4,3.6666666666666665,3.6,5,4,4.166666666666667,3,"Secondary education (e.g., high school)",Woman,62,(3),Urban,50000,10.819778284410283,"February 24, 2023"
2023-02-24 14:48:50,2023-02-24 15:45:54,0,100,3424,1,2023-02-24 15:45:55,R_1PaT2qiq6FY1VNv,anonymous,FR,1,1,NA,44,4,213,4,4,1,1,5,1,1,1,1,1,6,5,1,1,NA,Je ne sais pas,4,4,1,4,3,3,4,4,3,4,3,4,4,4,4,3,3,4,4,4,4,3,3,4,4,4,3,4,3,3,4,4,4,4,3,3,3,3,3,3,4,3,4,4,1,6,4,4,7,4,NA,4,3,4,3,4,3,NA,3,3,3,4,3,4,3,4,3,3,2,3,2,4,4,3,4,4,4,5,5,5,5,5,5,3500,4,2,1,1,4,4,3,4,4,4,3,4,2,4,3,2,3,3,3,4,3,3,3,2,4,3,3,5,NA,NA,NA,NA,NA,NA,NA,NA,NA,NA,NA,NA,NA,NA,NA,NA,NA,NA,NA,NA,NA,NA,NA,NA,NA,NA,NA,236850617301089,213,1,66,3.3333333333333335,4,3.6666666666666665,3.3333333333333335,3.8,4,3.5833333333333335,3.6666666666666665,4,"Higher education (e.g., university degree or higher education diploma)",Man,44,Not religious at all (1),Rural,3500,8.160518247477505,"February 24, 2023"
2023-02-24 15:46:45,2023-02-24 16:01:08,0,100,863,1,2023-02-24 16:01:09,R_2zGPLvF1MgL7abp,anonymous,FR,1,0,NA,21,4,213,5,5,6,5,4,4,5,3,3,4,5,3,1,1,NA,Lorsqu’il travaille sans conflit d’intérêt. Les publications doivent être illustrées par des exemples concrets ou s’appuyer sur des faits reconnus pour expliquer un concept.,5,6,1,5,5,5,4,5,4,3,4,4,1,2,4,5,2,5,4,4,3,4,3,4,4,4,2,4,3,4,2,4,4,5,4,5,4,1,2,4,1,2,2,1,1,10,10,10,1,2,2,1,2,3,1,2,1,3,3,1,1,3,3,3,2,4,2,3,2,3,1,4,5,5,5,5,5,5,5,5,NA,5,5,70000,99,4,4,2,4,4,4,3,3,3,4,4,3,4,3,3,4,5,4,4,3,3,1,5,6,7,5,7,NA,NA,NA,NA,NA,NA,NA,NA,NA,NA,NA,NA,NA,NA,NA,NA,NA,NA,NA,NA,NA,NA,NA,NA,NA,NA,NA,236850617524236,213,1,68,4,4,3.3333333333333335,2.3333333333333335,2.6,4,3.4166666666666665,4,4,"Higher education (e.g., university degree or higher education diploma)",Woman,21,(4),Urban,70000,11.156250521031495,"February 24, 2023"
2023-02-24 15:51:29,2023-02-24 16:07:11,0,100,942,1,2023-02-24 16:07:11,R_3nHkKHVkke9oid8,anonymous,FR,1,0,NA,43,4,213,2,3,1,1,3,1,1,3,2,3,4,2,2,1,NA,"son comportement, ses études, neutre dans la politique",4,3,1,5,4,5,3,4,4,2,3,3,1,5,3,5,5,4,4,4,4,4,3,4,4,3,3,4,4,3,3,4,4,1,1,1,3,3,2,4,4,3,3,3,1,10,10,10,1,4,3,2,3,1,1,3,1,3,1,2,1,5,3,3,2,2,1,4,3,4,1,5,5,4,5,4,5,5,5,5,5,5,5,38000,3,4,3,1,5,4,4,3,4,4,5,5,5,5,5,5,4,5,5,4,5,5,3,3,6,6,6,5,NA,NA,NA,NA,NA,NA,NA,NA,NA,NA,NA,NA,NA,NA,NA,NA,NA,NA,NA,NA,NA,NA,NA,NA,NA,NA,NA,236850617510923,213,1,70,3.3333333333333335,4,4,3,3.4,3,3.5833333333333335,3.6666666666666665,4,"Higher education (e.g., university degree or higher education diploma)",Woman,43,(3),Rural,38000,10.545341438708522,"February 24, 2023"
2023-02-24 15:46:15,2023-02-24 16:12:21,0,100,1565,1,2023-02-24 16:12:22,R_2uIGvjDqxKqv0sy,anonymous,FR,1,1,NA,48,4,213,3,4,4,3,5,6,5,5,6,5,5,4,4,5,la recherche,NA,4,6,1,3,4,4,3,3,3,4,4,4,4,4,3,5,4,3,4,4,5,3,4,4,5,4,4,5,4,5,4,5,5,3,4,4,4,5,4,4,4,4,5,4,1,7,9,8,7,5,4,4,3,3,3,3,4,4,1,3,3,4,4,3,3,4,3,3,2,3,4,4,3,3,4,4,4,3,3,4,4,3,4,89000,2,4,2,2,4,5,4,4,3,2,4,5,4,4,3,2,4,4,5,4,3,2,1,1,3,2,6,8,NA,NA,NA,NA,NA,NA,NA,NA,NA,NA,NA,NA,NA,NA,NA,NA,NA,NA,NA,NA,NA,NA,NA,NA,NA,NA,NA,236850617484340,213,1,71,4,4.333333333333333,4.666666666666667,4,3.8,4,4.25,4.166666666666667,4,"Higher education (e.g., university degree or higher education diploma)",Man,48,(2),Urban,89000,11.396391648714276,"February 24, 2023"
2023-02-24 16:21:14,2023-02-24 16:38:40,0,100,1046,1,2023-02-24 16:38:41,R_3DuOBlTYfVfMq0L,anonymous,FR,1,1,NA,46,4,213,4,5,5,4,5,6,6,5,5,5,3,4,4,3,NA,son comportement face aux probleme actuel de la planete,3,4,1,5,5,4,1,2,2,3,4,4,2,4,4,5,5,5,4,2,3,4,3,4,4,4,4,4,3,4,3,4,4,4,4,4,4,4,3,2,2,4,4,5,1,6,8,3,2,4,3,4,3,5,3,3,2,4,1,2,1,3,2,1,2,4,1,1,2,2,2,4,4,5,4,4,5,4,5,4,4,4,5,60000,1,4,3,2,3,4,4,4,3,3,3,4,3,2,2,3,3,4,3,3,3,4,1,1,1,6,6,8,NA,NA,NA,NA,NA,NA,NA,NA,NA,NA,NA,NA,NA,NA,NA,NA,NA,NA,NA,NA,NA,NA,NA,NA,NA,NA,NA,236850617521358,213,1,75,4,3.3333333333333335,3.3333333333333335,3.3333333333333335,3.8,4,3.5,3.6666666666666665,4,"Higher education (e.g., university degree or higher education diploma)",Man,46,(3),Urban,60000,11.002099841204238,"February 24, 2023"
2023-02-24 14:38:11,2023-02-24 16:53:56,0,100,8144,1,2023-02-24 16:53:56,R_2vYOIH43mlNZvi5,anonymous,FR,1,0,NA,37,4,213,4,5,4,5,4,3,6,5,2,5,5,5,5,1,"Connaissance régulière qui choisit une partie de l'univers ou des événements comme sujet, et essaie de faire des lois basées sur des méthodes et des faits empiriques.",NA,4,4,1,5,5,5,3,3,4,1,4,2,2,2,2,1,2,4,4,4,4,3,4,4,4,3,2,4,4,4,3,4,4,3,4,4,3,4,2,2,4,4,2,2,1,8,6,8,2,4,4,3,4,4,2,2,3,3,2,2,3,2,4,4,4,2,1,3,3,3,1,3,4,3,3,4,5,4,3,4,3,4,5,50000,3,3,4,1,4,4,4,4,3,3,4,3,4,4,4,4,4,3,4,4,4,4,4,5,6,2,5,8,NA,NA,NA,NA,NA,NA,NA,NA,NA,NA,NA,NA,NA,NA,NA,NA,NA,NA,NA,NA,NA,NA,NA,NA,NA,NA,NA,236850617487471,213,1,77,3.3333333333333335,4,4,3,2,4,3.5833333333333335,3.6666666666666665,4,"Higher education (e.g., university degree or higher education diploma)",Woman,37,(4),Rural,50000,10.819778284410283,"February 24, 2023"
2023-02-24 16:39:32,2023-02-24 17:09:18,0,100,1786,1,2023-02-24 17:09:19,R_33jV9xEAtdFhVEw,anonymous,FR,1,0,NA,30,4,213,2,5,3,2,4,4,4,1,1,4,6,5,4,1,NA,"la remise en question, le fait que cette personne ne soit pas subventionnée par des lobby",2,6,1,5,5,4,1,2,2,1,5,3,3,3,3,5,3,3,3,3,3,4,3,3,2,3,2,3,4,3,2,3,3,5,4,4,2,1,4,4,3,5,5,5,1,10,7,10,1,1,5,2,1,5,3,1,2,5,1,1,1,3,1,1,1,5,2,2,2,3,2,5,5,5,5,5,5,5,5,5,5,5,5,800,NA,NA,1,2,3,4,4,4,1,3,3,3,3,3,3,3,3,4,4,3,3,1,1,2,6,5,3,1,NA,NA,NA,NA,NA,NA,NA,NA,NA,NA,NA,NA,NA,NA,NA,NA,NA,NA,NA,NA,NA,NA,NA,NA,NA,NA,NA,236850617176110,213,1,78,3.3333333333333335,3,3,2.3333333333333335,3,3,2.9166666666666665,3.1666666666666665,4,"Higher education (e.g., university degree or higher education diploma)",Woman,30,Not religious at all (1),Urban,800,6.684611727667927,"February 24, 2023"
2023-02-24 17:05:11,2023-02-24 17:10:45,0,100,333,1,2023-02-24 17:10:45,R_1LIDxNBeHkWcKk2,anonymous,FR,1,1,NA,46,3,213,6,6,6,5,5,7,7,5,5,6,7,4,6,6,la science est  la pour la recherche de nouveaux médicaments,NA,4,4,1,4,4,5,4,5,4,4,4,4,5,4,5,4,4,4,4,4,4,5,4,4,4,5,5,4,4,5,5,5,5,4,5,4,5,5,3,4,4,4,4,2,1,8,7,9,7,4,4,2,3,2,1,2,1,2,1,3,3,3,4,5,4,3,3,3,3,3,4,5,5,5,4,5,5,4,4,5,4,5,4,2200,99,99,1,2,5,4,4,4,4,4,5,5,4,4,5,5,4,4,4,4,5,5,5,6,4,5,4,10,NA,NA,NA,NA,NA,NA,NA,NA,NA,NA,NA,NA,NA,NA,NA,NA,NA,NA,NA,NA,NA,NA,NA,NA,NA,NA,NA,236850617184358,213,1,79,5,4,4,4.666666666666667,4.4,3,4.416666666666667,4.5,3,"Secondary education (e.g., high school)",Man,46,Not religious at all (1),Urban,2200,7.696212639346407,"February 24, 2023"
2023-02-24 17:37:21,2023-02-24 18:04:53,0,100,1651,1,2023-02-24 18:04:53,R_qxBYtYiV3wVgxUt,anonymous,FR,1,0,NA,55,4,213,4,5,5,5,5,3,5,3,3,3,4,4,4,2,NA,ces preuve scientifique chiffrés et respect des lois en vigueur,4,2,1,4,4,4,2,2,2,2,4,3,2,3,3,5,4,4,4,4,3,3,3,4,3,3,3,3,3,2,2,3,3,4,4,4,3,3,4,4,4,4,4,3,1,5,7,5,4,3,2,4,2,4,3,4,4,4,1,1,1,5,1,1,1,5,2,3,3,3,2,5,5,5,5,5,5,5,5,5,5,5,5,24000,3,3,4,2,3,4,3,3,3,4,3,4,3,2,3,3,3,4,3,2,2,3,2,3,7,5,4,6,NA,NA,NA,NA,NA,NA,NA,NA,NA,NA,NA,NA,NA,NA,NA,NA,NA,NA,NA,NA,NA,NA,NA,NA,NA,NA,NA,236850617487456,213,1,82,2.6666666666666665,3.6666666666666665,3,2.6666666666666665,3,4,3,3.1666666666666665,4,"Higher education (e.g., university degree or higher education diploma)",Woman,55,(4),Urban,24000,10.085809109330082,"February 24, 2023"
2023-02-24 18:02:22,2023-02-24 18:16:18,0,100,835,1,2023-02-24 18:16:18,R_3lRe62TnV3srgOQ,anonymous,FR,1,1,NA,40,4,213,6,5,5,2,3,3,1,1,5,5,6,1,2,1,NA,"SES DIPLOMES, SES PUBLICATIONS",5,6,1,5,5,4,3,5,5,4,4,3,2,3,3,5,2,4,3,4,4,4,5,5,4,4,4,5,5,5,4,5,5,5,4,5,3,4,1,2,2,1,2,1,1,8,4,8,2,4,4,2,3,3,4,3,2,2,1,3,3,3,4,4,4,1,3,3,3,3,1,4,4,4,4,3,4,4,5,5,5,4,5,50000,3,4,1,2,5,5,5,4,3,3,4,5,5,4,3,3,4,5,5,4,2,2,1,1,1,2,2,6,NA,NA,NA,NA,NA,NA,NA,NA,NA,NA,NA,NA,NA,NA,NA,NA,NA,NA,NA,NA,NA,NA,NA,NA,NA,NA,NA,236850617200879,213,1,84,4.333333333333333,4.666666666666667,4.333333333333333,4.333333333333333,2.6,4,4.416666666666667,4.5,4,"Higher education (e.g., university degree or higher education diploma)",Man,40,Not religious at all (1),Urban,50000,10.819778284410283,"February 24, 2023"
2023-02-24 18:02:07,2023-02-24 18:27:47,0,100,1540,1,2023-02-24 18:27:48,R_2wgySR7R2J28DRC,anonymous,FR,1,1,NA,49,4,213,4,4,3,3,3,2,3,2,2,2,5,2,2,1,Les entreprises et les particuliers...,NA,3,4,3,4,4,4,3,3,3,3,3,3,4,4,3,4,2,4,4,4,4,4,3,5,4,4,3,4,4,4,4,5,4,4,5,4,4,3,2,3,2,3,2,3,1,8,3,8,3,3,2,4,1,5,2,2,3,4,1,2,2,3,2,2,2,4,3,2,2,3,1,4,4,4,5,4,4,5,5,5,5,5,5,48000,2,3,1,1,4,4,4,4,4,4,4,4,4,4,3,3,4,4,4,4,4,4,1,1,3,3,4,7,NA,NA,NA,NA,NA,NA,NA,NA,NA,NA,NA,NA,NA,NA,NA,NA,NA,NA,NA,NA,NA,NA,NA,NA,NA,NA,NA,236850617491612,213,1,87,4,4.333333333333333,4,3.3333333333333335,3.2,4,3.9166666666666665,4.166666666666667,4,"Higher education (e.g., university degree or higher education diploma)",Man,49,Not religious at all (1),Rural,48000,10.778956289890028,"February 24, 2023"
2023-02-24 18:37:41,2023-02-24 18:53:49,0,100,967,1,2023-02-24 18:53:49,R_3emNEShrAZebVYK,anonymous,FR,1,0,NA,62,4,213,5,6,5,1,6,2,1,1,3,2,3,1,1,1,NA,Les études vérifiées,4,6,1,4,4,3,1,3,4,1,4,4,1,3,4,3,2,4,3,3,3,2,2,4,3,4,2,4,3,2,2,5,3,4,3,4,4,1,4,1,2,1,3,1,1,7,6,6,1,4,5,5,2,4,5,3,1,4,2,3,2,5,2,2,2,3,1,3,3,4,1,5,5,5,5,5,5,5,5,5,5,5,5,2500,99,99,1,2,3,4,4,4,2,4,3,3,3,3,3,3,4,4,4,4,4,4,1,1,6,7,1,1,NA,NA,NA,NA,NA,NA,NA,NA,NA,NA,NA,NA,NA,NA,NA,NA,NA,NA,NA,NA,NA,NA,NA,NA,NA,NA,NA,236850617483300,213,1,89,2.6666666666666665,3.6666666666666665,3,2,2.8,3,2.8333333333333335,3.1666666666666665,4,"Higher education (e.g., university degree or higher education diploma)",Woman,62,Not religious at all (1),Urban,2500,7.824046010856292,"February 24, 2023"
2023-02-24 18:39:15,2023-02-24 19:12:16,0,100,1980,1,2023-02-24 19:12:16,R_2QYXJ2qmhlh9HwS,anonymous,FR,1,1,NA,53,3,213,2,6,4,1,4,4,3,2,2,2,3,3,5,1,L ETRE HUMAIN CAR LA SCIENCE NOUS FAIT VIVRE PLUS LONGTEMPS,NA,4,6,1,5,5,3,1,5,3,3,1,3,3,3,3,3,3,5,5,4,4,4,4,4,4,4,4,4,4,4,3,5,4,5,5,5,3,3,3,3,2,3,3,3,1,6,6,6,6,5,3,3,3,3,3,3,3,3,3,3,3,3,3,3,3,3,1,2,4,4,1,3,3,3,3,3,3,3,3,3,3,3,3,1200,3,4,1,1,4,4,4,4,4,4,2,3,3,3,3,3,4,4,4,4,4,4,2,4,3,4,1,4,NA,NA,NA,NA,NA,NA,NA,NA,NA,NA,NA,NA,NA,NA,NA,NA,NA,NA,NA,NA,NA,NA,NA,NA,NA,NA,NA,236850617199848,213,1,90,4,4,4,3.6666666666666665,3,3,3.9166666666666665,4,3,"Secondary education (e.g., high school)",Man,53,Not religious at all (1),Rural,1200,7.090076835776092,"February 24, 2023"
2023-02-24 19:03:34,2023-02-24 19:26:52,0,100,1398,1,2023-02-24 19:26:53,R_bP1A2quAfNI4NqN,anonymous,FR,1,1,NA,55,4,213,1,1,1,1,1,1,1,1,1,1,4,4,4,4,NA,La vérité,3,4,1,5,5,5,5,5,5,5,5,5,5,5,5,5,5,5,5,4,4,4,4,4,4,4,4,4,4,4,4,3,4,3,3,3,4,4,3,1,3,3,3,4,1,7,7,7,7,4,3,5,1,5,3,4,3,5,1,1,1,1,1,1,1,5,1,3,3,3,3,5,5,5,5,5,5,5,5,5,5,5,5,21000,3,3,3,2,4,4,4,4,4,4,4,4,4,4,4,4,4,4,4,4,4,4,1,1,7,7,7,5,NA,NA,NA,NA,NA,NA,NA,NA,NA,NA,NA,NA,NA,NA,NA,NA,NA,NA,NA,NA,NA,NA,NA,NA,NA,NA,NA,236850617484331,213,1,92,4,4,4,4,5,5,4,4,4,"Higher education (e.g., university degree or higher education diploma)",Man,55,(3),Urban,21000,9.95227771670556,"February 24, 2023"
2023-02-24 19:37:24,2023-02-24 19:53:48,0,100,983,1,2023-02-24 19:53:48,R_1OIHGm1OxR9k83A,anonymous,FR,1,0,NA,47,4,213,4,4,5,4,3,3,4,3,3,3,4,3,1,1,NA,Peer review and degree,4,4,1,4,4,4,2,4,4,3,3,4,2,5,4,4,4,4,3,4,4,4,3,4,4,4,3,4,4,4,3,5,4,4,4,3,4,3,2,3,2,2,2,2,1,7,5,7,3,4,4,3,3,2,1,1,2,4,3,3,2,3,2,3,2,3,3,3,3,3,1,3,4,4,4,3,4,3,4,3,4,3,4,NA,2,2,4,2,5,5,5,5,4,5,5,5,5,4,3,3,4,4,5,4,3,3,1,1,2,2,4,8,NA,NA,NA,NA,NA,NA,NA,NA,NA,NA,NA,NA,NA,NA,NA,NA,NA,NA,NA,NA,NA,NA,NA,NA,NA,NA,NA,236850617185391,213,1,95,4,4,4,3,3.8,4,3.75,4,4,"Higher education (e.g., university degree or higher education diploma)",Woman,47,(4),Urban,NA,NA,"February 24, 2023"
2023-02-24 19:55:22,2023-02-24 20:10:10,0,100,887,1,2023-02-24 20:10:10,R_3n2E6VnytFIkZyd,anonymous,FR,1,0,NA,37,3,213,1,3,3,3,1,3,3,1,1,1,3,3,2,1,NA,"son comportement constant dans son métier, son passé irréprochable et aucun scandale ou autre à son actif.",3,6,1,3,3,2,3,3,2,2,3,3,3,3,2,4,4,4,3,3,4,3,3,4,3,4,3,4,3,3,3,4,3,3,1,2,3,3,2,3,3,2,3,2,1,8,5,8,3,3,4,3,3,3,2,2,1,3,1,2,2,4,2,2,2,4,1,2,3,3,2,3,4,3,3,2,3,3,4,4,4,2,3,31000,3,4,1,1,4,3,3,3,2,2,4,4,3,3,2,3,4,3,3,3,2,2,1,3,3,6,5,5,NA,NA,NA,NA,NA,NA,NA,NA,NA,NA,NA,NA,NA,NA,NA,NA,NA,NA,NA,NA,NA,NA,NA,NA,NA,NA,NA,236850617484344,213,1,97,3.3333333333333335,3.6666666666666665,3.3333333333333335,3,3,3,3.3333333333333335,3.5,3,"Secondary education (e.g., high school)",Woman,37,Not religious at all (1),Rural,31000,10.341742483467284,"February 24, 2023"
2023-02-24 19:20:34,2023-02-24 20:35:29,0,100,4495,1,2023-02-24 20:35:29,R_3sympnhEGTBMq1l,anonymous,FR,1,0,NA,44,4,213,4,4,4,4,3,2,4,4,3,5,5,4,2,2,NA,difficile de répondre...,5,4,1,5,4,3,5,4,4,3,3,4,4,5,3,5,3,4,3,4,3,2,4,4,4,3,3,4,3,3,3,4,4,4,3,4,3,3,3,3,4,5,3,3,1,9,5,8,3,4,2,4,2,4,3,4,2,5,1,4,3,3,3,3,3,2,3,3,3,3,1,5,4,4,4,4,4,5,5,5,5,5,5,50000,3,3,1,2,4,4,4,4,3,2,3,4,4,4,3,2,4,4,4,4,3,2,1,1,7,4,4,7,NA,NA,NA,NA,NA,NA,NA,NA,NA,NA,NA,NA,NA,NA,NA,NA,NA,NA,NA,NA,NA,NA,NA,NA,NA,NA,NA,236850617482246,213,1,99,2.6666666666666665,4,3.3333333333333335,3.3333333333333335,3.8,3,3.3333333333333335,3.3333333333333335,4,"Higher education (e.g., university degree or higher education diploma)",Woman,44,Not religious at all (1),Urban,50000,10.819778284410283,"February 24, 2023"
2023-02-24 20:45:56,2023-02-24 20:59:54,0,100,837,1,2023-02-24 20:59:54,R_3spsRM4HqAAB1Lk,anonymous,FR,1,1,NA,25,3,213,1,1,1,1,5,1,6,6,1,4,5,1,1,1,ce qui ont des maladies,NA,4,4,1,4,4,2,3,3,3,3,3,3,2,3,3,2,3,3,3,4,4,3,3,4,3,3,3,4,4,4,3,4,4,4,4,3,3,3,3,3,3,3,3,3,1,9,6,6,6,4,5,4,3,4,3,2,1,3,1,4,3,3,3,4,4,4,1,2,2,3,2,4,4,4,4,4,4,4,4,4,4,4,4,1390,99,99,3,1,3,3,3,3,3,3,3,3,4,4,3,4,3,3,3,3,3,3,1,4,5,4,3,6,NA,NA,NA,NA,NA,NA,NA,NA,NA,NA,NA,NA,NA,NA,NA,NA,NA,NA,NA,NA,NA,NA,NA,NA,NA,NA,NA,236850617194676,213,1,100,3.3333333333333335,4,3.6666666666666665,3,2.8,3,3.5,3.6666666666666665,3,"Secondary education (e.g., high school)",Man,25,(3),Rural,1390,7.237059026124737,"February 24, 2023"
2023-02-24 21:21:52,2023-02-24 21:25:57,0,100,244,1,2023-02-24 21:25:57,R_1lAEmhHIcTfYXdi,anonymous,FR,1,1,NA,29,4,213,5,5,5,6,6,6,5,5,6,6,5,5,6,6,NA,L'efficacité de ses recherches,5,4,1,3,3,4,4,3,4,3,4,4,4,4,5,5,4,5,4,4,4,2,4,4,4,3,4,4,4,4,2,4,4,4,4,4,4,4,3,5,4,4,4,4,1,8,8,7,7,4,4,4,3,4,4,3,3,3,4,3,3,4,4,4,4,4,3,3,4,4,3,3,3,4,4,4,3,4,4,3,3,4,4,50000,5,5,3,1,4,3,4,4,3,3,4,5,3,4,3,4,4,4,4,4,3,3,6,5,7,6,5,9,NA,NA,NA,NA,NA,NA,NA,NA,NA,NA,NA,NA,NA,NA,NA,NA,NA,NA,NA,NA,NA,NA,NA,NA,NA,NA,NA,236850617189522,213,1,102,3,4,4,3.3333333333333335,4.2,4,3.5833333333333335,3.5,4,"Higher education (e.g., university degree or higher education diploma)",Man,29,(3),Rural,50000,10.819778284410283,"February 24, 2023"
2023-02-24 22:08:17,2023-02-24 22:25:52,0,100,1054,1,2023-02-24 22:25:52,R_esvuqPwAMVUOVUZ,anonymous,FR,1,1,NA,48,4,213,2,5,6,5,4,2,5,4,2,4,4,3,3,2,NA,"Un ou une scientitifique, rien ; mais pour ce qui est d'un ou d'une scientifique (sic), j'imagine que c'est sa formation, puis la démarche utilisée pour établir, puis communiquer sur le résultats de ses recherches.",5,6,1,5,5,4,4,4,4,2,5,5,4,5,5,5,2,5,4,4,5,5,5,5,5,5,5,5,5,5,5,5,5,5,5,5,5,4,1,1,2,4,1,1,1,10,10,10,1,5,4,1,1,4,1,4,2,5,1,1,1,4,1,1,2,4,3,3,3,3,2,5,5,5,5,5,5,5,5,5,5,5,5,4275,2,4,3,2,5,5,5,5,4,4,5,5,5,4,4,4,4,4,4,3,3,3,1,1,1,5,1,8,NA,NA,NA,NA,NA,NA,NA,NA,NA,NA,NA,NA,NA,NA,NA,NA,NA,NA,NA,NA,NA,NA,NA,NA,NA,NA,NA,236850617167099,213,1,105,5,4.666666666666667,5,5,4.2,5,4.916666666666667,4.833333333333333,4,"Higher education (e.g., university degree or higher education diploma)",Man,48,(3),Urban,4275,8.360539381370861,"February 24, 2023"
2023-02-24 22:21:46,2023-02-24 22:37:42,0,100,955,1,2023-02-24 22:37:43,R_a9RnMoG7AmsPSnL,anonymous,FR,1,1,NA,37,4,213,2,3,2,1,2,1,1,1,2,2,3,2,1,1,Les personnes qui veulent se donner bonne conscience mais gaspillent les énergies plus que les autres,NA,2,6,1,4,5,2,3,4,3,2,5,2,4,2,5,4,4,5,4,3,3,2,2,3,4,2,1,4,3,3,2,5,2,4,4,4,4,2,4,4,2,3,3,3,1,4,6,3,8,2,4,3,2,4,2,3,2,4,3,1,1,4,2,2,1,4,2,3,3,3,1,5,5,5,4,4,4,5,5,5,3,5,5,45000,3,4,2,2,3,4,4,2,2,2,3,3,3,3,3,3,3,4,4,2,3,2,1,2,8,1,1,7,NA,NA,NA,NA,NA,NA,NA,NA,NA,NA,NA,NA,NA,NA,NA,NA,NA,NA,NA,NA,NA,NA,NA,NA,NA,NA,NA,236850617216082,213,1,107,2.3333333333333335,3.3333333333333335,3.3333333333333335,1.6666666666666667,3.4,3,2.6666666666666665,2.8333333333333335,4,"Higher education (e.g., university degree or higher education diploma)",Man,37,(2),Urban,45000,10.714417768752456,"February 24, 2023"
2023-02-25 04:17:06,2023-02-25 04:31:21,0,100,854,1,2023-02-25 04:31:21,R_2afZWutgRxB0d4A,anonymous,FR,1,1,NA,37,4,213,3,3,3,3,3,3,3,1,2,3,3,2,1,1,NA,Publication officielle avec corroboration de la communauté scientifique.,3,6,1,5,3,2,1,3,3,1,5,4,2,1,5,4,5,4,3,2,3,3,3,3,3,3,3,3,3,3,3,4,3,1,1,1,2,2,3,3,2,4,1,1,1,5,4,9,1,3,3,1,1,2,2,2,2,4,1,1,1,5,1,1,1,5,1,3,3,4,2,3,4,2,4,1,5,4,4,4,4,4,4,2000,3,3,1,2,3,4,4,4,2,2,3,3,3,3,3,3,3,4,4,4,1,1,1,1,5,1,5,4,NA,NA,NA,NA,NA,NA,NA,NA,NA,NA,NA,NA,NA,NA,NA,NA,NA,NA,NA,NA,NA,NA,NA,NA,NA,NA,NA,236850617181261,213,1,109,3,2.6666666666666665,3,3,3.4,3,2.9166666666666665,2.8333333333333335,4,"Higher education (e.g., university degree or higher education diploma)",Man,37,Not religious at all (1),Urban,2000,7.600902459542082,"February 25, 2023"
2023-02-25 07:14:22,2023-02-25 07:58:57,0,100,2674,1,2023-02-25 07:58:57,R_sNKBItaabW8CFt7,anonymous,FR,1,0,NA,56,3,213,3,4,4,4,5,3,5,1,1,3,3,4,3,1,les animaux tester un médicaments si il est compatible a l'humain. l'être humain ensuite si les traitement sont bien adapté . pourquoi ? pour soigner les personnes malades ou atteint de virus grave,NA,5,4,1,5,5,1,5,5,4,1,4,4,4,5,5,5,5,5,5,4,4,1,4,4,4,5,3,5,4,4,4,5,5,4,4,4,4,5,1,1,3,5,4,5,1,10,7,5,1,5,5,4,4,5,4,5,5,5,1,3,3,1,4,5,3,4,4,3,3,4,1,5,5,5,5,1,5,5,5,5,5,3,5,1500,99,99,2,1,3,3,2,5,2,4,5,5,4,4,4,3,4,3,3,5,3,3,1,6,9,1,7,3,NA,NA,NA,NA,NA,NA,NA,NA,NA,NA,NA,NA,NA,NA,NA,NA,NA,NA,NA,NA,NA,NA,NA,NA,NA,NA,NA,236850617486421,213,1,111,3.3333333333333335,4.333333333333333,4,3.6666666666666665,4.6,5,3.8333333333333335,3.8333333333333335,3,"Secondary education (e.g., high school)",Woman,56,(2),Rural,1500,7.313220387090301,"February 25, 2023"
2023-02-25 07:44:23,2023-02-25 08:10:11,0,100,1547,1,2023-02-25 08:10:11,R_2CCaKdkcI6TAb4Z,anonymous,FR,1,0,NA,38,4,213,5,3,4,2,3,4,4,3,4,3,4,4,2,1,NA,Les résultats de ces recherches et l utilité pour amélioré les choses,3,6,1,5,3,3,3,3,3,2,2,2,2,2,2,3,4,3,3,4,4,4,3,4,4,4,3,4,3,3,3,4,3,3,3,4,4,3,3,3,4,4,3,4,1,8,7,8,2,4,4,4,3,4,2,3,4,3,3,2,2,4,3,2,3,3,2,3,3,2,1,4,4,4,3,4,4,4,4,4,4,4,4,36000,99,99,4,1,3,3,2,2,2,2,3,3,2,3,2,3,2,2,3,3,3,2,3,4,8,6,4,7,NA,NA,NA,NA,NA,NA,NA,NA,NA,NA,NA,NA,NA,NA,NA,NA,NA,NA,NA,NA,NA,NA,NA,NA,NA,NA,NA,236850617211949,213,1,112,3.6666666666666665,4,3.6666666666666665,3,2.4,3,3.5833333333333335,3.8333333333333335,4,"Higher education (e.g., university degree or higher education diploma)",Woman,38,(4),Rural,36000,10.491274217438248,"February 25, 2023"
2023-02-25 09:08:08,2023-02-25 09:16:31,0,100,502,1,2023-02-25 09:16:32,R_tVsZkMSEgKya1uF,anonymous,FR,1,1,NA,27,4,213,2,3,4,3,4,1,6,2,1,5,6,6,6,1,NA,Sa fiabilité en terme de propos,5,4,1,5,4,4,2,5,3,2,1,2,1,1,4,5,1,3,5,4,3,3,3,5,2,4,4,5,2,2,2,5,5,5,5,3,5,3,5,1,4,1,4,5,1,10,8,5,1,1,5,5,1,5,5,5,5,1,1,1,1,5,2,1,1,5,4,3,3,3,1,5,5,5,5,5,5,5,5,5,5,5,5,30000,1,4,1,2,5,5,5,1,1,2,5,5,5,5,1,2,4,5,5,1,3,5,4,7,9,7,7,5,NA,NA,NA,NA,NA,NA,NA,NA,NA,NA,NA,NA,NA,NA,NA,NA,NA,NA,NA,NA,NA,NA,NA,NA,NA,NA,NA,236923091658889,213,1,114,3,4.666666666666667,2.3333333333333335,3,1.8,5,3.25,3.8333333333333335,4,"Higher education (e.g., university degree or higher education diploma)",Man,27,Not religious at all (1),Urban,30000,10.308952660644293,"February 25, 2023"
2023-02-25 09:11:18,2023-02-25 09:21:32,0,100,614,1,2023-02-25 09:21:33,R_10oYHXDHDm7MJ8v,anonymous,FR,1,1,NA,29,4,213,4,4,5,3,3,3,4,3,2,3,6,6,6,1,NA,La recherche,4,6,1,4,4,3,4,4,4,2,3,5,3,5,5,5,5,4,4,4,3,3,4,4,4,4,4,4,4,3,3,4,4,4,3,4,2,1,2,3,1,4,1,3,1,6,5,5,4,4,3,3,3,3,3,3,3,3,3,3,3,3,2,3,3,3,2,3,2,3,2,3,3,3,4,3,3,3,3,3,3,3,3,60000,4,4,1,1,4,4,4,3,2,3,3,3,3,2,2,3,4,4,4,3,3,3,3,1,8,6,4,7,NA,NA,NA,NA,NA,NA,NA,NA,NA,NA,NA,NA,NA,NA,NA,NA,NA,NA,NA,NA,NA,NA,NA,NA,NA,NA,NA,236923091658905,213,1,116,3.3333333333333335,4,3.6666666666666665,3.6666666666666665,4.6,4,3.6666666666666665,3.6666666666666665,4,"Higher education (e.g., university degree or higher education diploma)",Man,29,Not religious at all (1),Rural,60000,11.002099841204238,"February 25, 2023"
2023-02-25 09:12:05,2023-02-25 09:24:16,0,100,730,1,2023-02-25 09:24:16,R_1re3wwhk9JvusUw,anonymous,FR,1,1,NA,42,4,213,6,4,1,1,3,1,4,1,1,1,2,1,2,1,NA,La véracité de ce qu'il raconte,4,4,4,5,5,5,5,3,4,2,3,2,3,3,2,4,5,5,4,3,3,2,3,4,3,3,4,4,4,3,3,5,4,1,3,1,5,1,3,4,4,4,2,3,1,10,9,9,1,1,1,4,2,4,1,1,1,4,2,1,1,5,4,1,1,4,1,3,3,3,1,5,5,5,5,4,5,5,5,5,5,5,5,5800,99,5,1,2,4,4,3,4,2,3,4,3,5,5,5,4,4,4,4,3,2,2,1,5,9,1,1,7,NA,NA,NA,NA,NA,NA,NA,NA,NA,NA,NA,NA,NA,NA,NA,NA,NA,NA,NA,NA,NA,NA,NA,NA,NA,NA,NA,236923091030220,213,1,118,2.6666666666666665,3.6666666666666665,3.3333333333333335,3.3333333333333335,3,3,3.25,3.1666666666666665,4,"Higher education (e.g., university degree or higher education diploma)",Man,42,Not religious at all (1),Urban,5800,8.66561319653451,"February 25, 2023"
2023-02-25 09:12:34,2023-02-25 09:25:14,0,100,760,1,2023-02-25 09:25:14,R_Q0vY7yOOj03SNz3,anonymous,FR,1,0,NA,65,4,213,6,4,2,1,4,1,1,3,2,2,4,4,3,4,"Evolution des procedures, rapidité",NA,3,6,1,5,5,5,4,3,3,3,4,3,4,3,3,3,3,3,3,4,4,4,3,3,3,3,3,4,3,3,3,4,4,3,3,3,5,3,4,3,3,4,3,3,1,1,5,10,1,3,3,3,4,1,1,3,3,3,3,2,2,5,3,2,2,2,1,3,3,3,1,3,3,3,4,3,3,3,3,3,3,3,3,10000,99,2,2,1,3,3,2,3,4,3,3,3,3,2,2,3,3,2,2,3,2,3,1,3,1,5,5,7,NA,NA,NA,NA,NA,NA,NA,NA,NA,NA,NA,NA,NA,NA,NA,NA,NA,NA,NA,NA,NA,NA,NA,NA,NA,NA,NA,236923091556453,213,1,120,3.3333333333333335,3.6666666666666665,3.3333333333333335,3,3.2,3,3.3333333333333335,3.5,4,"Higher education (e.g., university degree or higher education diploma)",Woman,65,(2),Rural,10000,9.210340371976184,"February 25, 2023"
2023-02-25 09:12:24,2023-02-25 09:26:20,0,100,835,1,2023-02-25 09:26:21,R_3rVDztpfUeXZEz5,anonymous,FR,1,1,NA,47,4,213,3,3,1,3,1,1,1,1,1,1,3,1,3,1,NA,Transparence,3,2,1,5,5,5,1,3,3,3,5,1,1,1,5,5,5,5,3,4,3,3,4,4,3,3,2,4,3,3,3,5,3,5,5,5,5,1,2,3,1,3,3,3,1,10,10,10,1,4,3,4,2,5,3,4,1,5,1,1,1,5,2,2,1,4,2,3,3,3,1,5,5,5,5,5,5,5,5,5,5,5,5,5400,99,99,1,2,3,3,3,3,3,3,3,3,3,3,3,3,3,3,3,2,1,3,1,1,1,7,4,8,NA,NA,NA,NA,NA,NA,NA,NA,NA,NA,NA,NA,NA,NA,NA,NA,NA,NA,NA,NA,NA,NA,NA,NA,NA,NA,NA,236923091127548,213,1,121,3,4,3,3,2.6,3,3.25,3.5,4,"Higher education (e.g., university degree or higher education diploma)",Man,47,Not religious at all (1),Urban,5400,8.594154232552366,"February 25, 2023"
2023-02-25 09:15:43,2023-02-25 09:27:22,0,100,698,1,2023-02-25 09:27:22,R_sFiBLRbN4r39CbT,anonymous,FR,1,1,NA,27,4,213,3,5,3,3,3,4,3,3,3,3,3,3,1,1,Les couches aisées de la population,NA,5,4,1,5,5,3,1,4,4,3,5,4,5,5,4,5,3,5,4,5,4,4,4,5,3,4,4,4,4,4,4,5,5,5,3,4,4,3,2,3,3,3,4,2,1,10,10,10,1,4,4,5,2,5,3,4,4,5,2,3,1,4,2,1,1,4,1,3,3,3,2,5,5,5,5,5,5,5,5,5,5,5,5,17000,2,2,1,2,5,5,5,5,1,2,5,4,5,4,3,3,4,5,5,4,3,3,1,2,1,7,7,7,NA,NA,NA,NA,NA,NA,NA,NA,NA,NA,NA,NA,NA,NA,NA,NA,NA,NA,NA,NA,NA,NA,NA,NA,NA,NA,NA,236923091648724,213,1,125,4,4.666666666666667,3.6666666666666665,4,4.2,5,4.083333333333333,4.333333333333333,4,"Higher education (e.g., university degree or higher education diploma)",Man,27,Not religious at all (1),Urban,17000,9.740968623038354,"February 25, 2023"
2023-02-25 09:12:22,2023-02-25 09:27:32,0,100,909,1,2023-02-25 09:27:32,R_28Mq5SEF6J7sKke,anonymous,FR,1,1,NA,58,3,213,1,2,2,1,1,1,1,1,1,1,2,1,1,1,"la population dans le sens positif ou negatif, suivant le type de developpement et l'organisation pour laquelle son utilisation est destinée. Internet était destinée aux militaires et s'est démocratisée. Le nucléaire que tous les pays veulent maitriser est un cote negatif pour le peuple et pour l'environnement",NA,3,6,1,5,5,5,3,4,3,2,4,3,3,3,3,3,3,5,5,4,3,3,4,4,3,4,2,3,3,3,2,3,3,2,4,4,3,1,3,5,4,2,5,4,1,5,5,8,1,1,4,4,1,4,4,4,4,4,1,1,1,5,5,5,5,5,2,3,3,3,1,5,5,5,5,5,5,5,5,5,5,5,5,2500,99,99,1,2,2,2,2,2,2,2,3,3,3,2,3,3,3,3,3,3,3,3,3,7,8,2,3,5,NA,NA,NA,NA,NA,NA,NA,NA,NA,NA,NA,NA,NA,NA,NA,NA,NA,NA,NA,NA,NA,NA,NA,NA,NA,NA,NA,236923091557487,213,1,126,3.3333333333333335,3.6666666666666665,3,2.6666666666666665,3,4,3.1666666666666665,3.5,3,"Secondary education (e.g., high school)",Man,58,Not religious at all (1),Urban,2500,7.824046010856292,"February 25, 2023"
2023-02-25 09:16:14,2023-02-25 09:30:11,0,100,837,1,2023-02-25 09:30:12,R_3qTHTfpSwtzFJdO,anonymous,FR,1,1,NA,40,4,213,4,6,5,1,3,2,1,1,2,4,4,1,2,1,NA,La clarté de ces propos et l'explication de manière simple et ludique et pas avec des mots savants que la moitié de la population ne comprend pas. Il y a un réel besoin de retour de la confiance en nos scientifiques car on entend beaucoup de choses mais on ne sait jamais le vrai du faux,4,6,1,3,4,2,3,3,4,2,3,5,3,5,5,5,1,5,4,4,3,3,2,4,3,4,2,4,3,3,2,4,3,3,4,4,3,2,4,2,2,3,2,2,1,5,5,6,2,4,4,3,3,4,1,1,1,1,1,1,1,4,1,1,1,4,2,3,2,3,1,5,5,5,3,5,5,5,5,5,5,5,5,55000,4,4,1,1,4,4,4,2,3,2,4,4,4,2,2,3,4,4,4,2,2,2,1,3,3,3,2,7,NA,NA,NA,NA,NA,NA,NA,NA,NA,NA,NA,NA,NA,NA,NA,NA,NA,NA,NA,NA,NA,NA,NA,NA,NA,NA,NA,236850617517186,213,1,128,3.3333333333333335,4,3,2,3.8,5,3.0833333333333335,3.6666666666666665,4,"Higher education (e.g., university degree or higher education diploma)",Man,40,Not religious at all (1),Rural,55000,10.915088464214607,"February 25, 2023"
2023-02-25 09:13:41,2023-02-25 09:31:41,0,100,1080,1,2023-02-25 09:31:42,R_3hndcQpbNQJbwaQ,anonymous,FR,1,1,NA,68,4,213,1,1,1,1,1,1,1,1,1,2,3,1,1,1,NA,les sources et preuves des allégations proposées,3,4,1,3,3,2,1,3,4,2,2,3,3,3,3,3,3,2,2,3,3,2,3,4,2,2,2,4,2,2,1,2,2,3,3,3,4,3,4,4,3,3,4,3,1,1,5,1,3,2,3,1,4,1,1,1,1,1,5,3,3,3,3,3,3,1,1,2,1,3,1,1,1,1,1,1,1,1,1,1,1,1,1,48000,99,99,1,1,3,4,4,1,2,2,3,4,4,3,1,2,3,4,4,3,1,2,5,1,1,1,1,5,NA,NA,NA,NA,NA,NA,NA,NA,NA,NA,NA,NA,NA,NA,NA,NA,NA,NA,NA,NA,NA,NA,NA,NA,NA,NA,NA,236923091536117,213,1,129,2,3.6666666666666665,2.3333333333333335,2,3,2,2.5,2.8333333333333335,4,"Higher education (e.g., university degree or higher education diploma)",Man,68,Not religious at all (1),Rural,48000,10.778956289890028,"February 25, 2023"
2023-02-25 09:09:57,2023-02-25 09:33:41,0,100,1423,1,2023-02-25 09:33:41,R_3kaZG1H5pgh5pvp,anonymous,FR,1,0,NA,39,4,213,4,5,5,5,3,4,5,5,2,5,5,1,1,1,NA,Les doctorat,3,6,1,5,4,3,2,3,3,3,3,4,4,3,4,4,4,4,4,3,4,4,3,4,3,4,4,4,3,4,4,4,3,4,4,4,4,4,3,4,4,4,2,4,1,5,5,6,6,4,2,3,3,2,3,3,2,2,1,4,4,2,3,2,3,3,2,3,3,3,1,4,5,4,4,4,4,4,4,4,4,4,4,4000,2,2,2,1,3,4,4,4,3,3,4,4,3,4,4,4,4,4,4,4,3,3,2,2,4,5,3,6,NA,NA,NA,NA,NA,NA,NA,NA,NA,NA,NA,NA,NA,NA,NA,NA,NA,NA,NA,NA,NA,NA,NA,NA,NA,NA,NA,236923091613783,213,1,131,4,3.6666666666666665,3.3333333333333335,3.6666666666666665,3.8,4,3.6666666666666665,3.8333333333333335,4,"Higher education (e.g., university degree or higher education diploma)",Woman,39,(2),Rural,4000,8.294049640102028,"February 25, 2023"
2023-02-25 09:21:06,2023-02-25 09:35:43,0,100,877,1,2023-02-25 09:35:44,R_20ZGWj9WjSdrz89,anonymous,FR,1,1,NA,63,3,213,1,1,1,1,1,1,1,1,1,2,2,1,1,1,NA,je ne sais pas,1,6,1,3,3,3,3,3,3,3,3,3,3,3,3,3,3,1,1,3,3,3,3,3,3,3,3,3,3,3,3,3,1,1,1,1,3,3,3,3,3,3,3,3,1,5,5,5,5,3,4,3,3,3,4,3,3,4,1,3,3,4,3,3,3,4,1,1,1,1,1,3,4,4,5,3,5,4,4,4,4,4,4,16000,99,99,1,1,1,1,1,1,1,1,3,3,3,3,3,3,3,3,3,3,3,3,7,7,9,4,4,1,NA,NA,NA,NA,NA,NA,NA,NA,NA,NA,NA,NA,NA,NA,NA,NA,NA,NA,NA,NA,NA,NA,NA,NA,NA,NA,NA,236923091535057,213,1,135,3,3,3,3,3,1,3,3,3,"Secondary education (e.g., high school)",Man,63,Not religious at all (1),Rural,16000,9.680344001221918,"February 25, 2023"
2023-02-25 09:15:53,2023-02-25 09:36:24,0,100,1230,1,2023-02-25 09:36:24,R_12zhZfAvZKpK2fe,anonymous,FR,1,1,NA,64,4,213,4,4,1,1,4,1,1,1,1,1,3,1,1,1,NA,La formation qu'il a pu avoir,3,4,3,3,5,4,4,5,3,3,4,3,3,3,4,3,4,4,4,4,4,3,2,4,3,3,4,4,3,3,4,5,4,3,3,1,3,3,3,4,3,1,2,3,1,5,3,7,2,3,4,3,3,3,1,1,1,5,1,3,2,4,2,3,3,3,2,4,2,2,2,5,5,5,5,5,5,5,5,5,5,5,5,31000,4,4,3,1,3,3,3,3,3,3,3,3,3,3,3,3,3,3,3,3,3,3,2,6,5,5,6,5,NA,NA,NA,NA,NA,NA,NA,NA,NA,NA,NA,NA,NA,NA,NA,NA,NA,NA,NA,NA,NA,NA,NA,NA,NA,NA,NA,236923091353607,213,1,136,3,4,3.3333333333333335,3.3333333333333335,3.4,3,3.4166666666666665,3.5,4,"Higher education (e.g., university degree or higher education diploma)",Man,64,(3),Rural,31000,10.341742483467284,"February 25, 2023"
2023-02-25 09:28:50,2023-02-25 09:41:29,0,100,758,1,2023-02-25 09:41:29,R_3hnDyIjMc1AJDyD,anonymous,FR,1,0,NA,57,3,213,1,2,1,1,4,1,2,1,1,2,4,1,1,1,Les scientifiques en premier qui étudient la science et peuvent expliquer certaines choses,NA,2,4,1,5,5,5,5,5,5,5,5,2,2,1,3,5,3,5,4,4,4,4,3,4,4,4,4,4,4,4,4,4,4,3,1,1,4,3,2,3,3,5,3,2,1,8,6,7,1,4,4,4,3,5,4,4,4,3,1,3,1,4,3,3,3,4,3,3,3,3,2,5,5,5,5,5,5,5,5,5,5,5,5,17500,99,99,2,1,4,4,3,4,3,3,3,3,3,3,3,3,4,4,4,4,4,4,1,4,7,4,5,3,NA,NA,NA,NA,NA,NA,NA,NA,NA,NA,NA,NA,NA,NA,NA,NA,NA,NA,NA,NA,NA,NA,NA,NA,NA,NA,NA,236923091051629,213,1,139,4,4,4,3.6666666666666665,2.2,4,3.9166666666666665,4,3,"Secondary education (e.g., high school)",Woman,57,(2),Rural,17500,9.769956159911606,"February 25, 2023"
2023-02-25 09:20:11,2023-02-25 09:45:00,0,100,1489,1,2023-02-25 09:45:00,R_1LG902MHlPitcvP,anonymous,FR,1,1,NA,23,4,213,1,2,2,1,2,3,3,3,1,3,3,2,1,1,NA,Des preuves,3,6,1,5,5,5,5,2,2,2,2,3,3,3,3,4,3,3,3,3,3,2,3,4,2,3,3,3,2,3,3,3,2,4,4,4,4,2,4,4,3,4,4,3,1,8,3,8,1,2,5,5,1,4,3,4,4,5,2,2,2,3,3,2,1,4,2,3,3,3,1,4,4,4,4,4,4,4,4,4,4,4,4,0,99,2,2,2,2,2,2,2,2,2,2,2,2,2,2,2,3,3,3,3,3,3,2,4,5,6,6,2,NA,NA,NA,NA,NA,NA,NA,NA,NA,NA,NA,NA,NA,NA,NA,NA,NA,NA,NA,NA,NA,NA,NA,NA,NA,NA,NA,236923091537931,213,1,141,2.6666666666666665,3.3333333333333335,2.3333333333333335,3,3,3,2.8333333333333335,3,4,"Higher education (e.g., university degree or higher education diploma)",Man,23,(2),Urban,0,-Inf,"February 25, 2023"
2023-02-25 09:26:56,2023-02-25 09:51:52,0,100,1496,1,2023-02-25 09:51:52,R_2xwPHCINUqS2GqY,anonymous,FR,1,0,NA,33,4,213,1,1,1,1,3,3,3,1,1,1,3,3,3,1,NA,Qu’il ne mente pas,3,1,2,3,5,4,1,1,3,1,5,3,2,3,3,4,5,5,3,3,3,2,3,3,3,3,3,3,3,3,3,3,3,4,4,4,3,2,4,3,2,3,3,4,1,8,8,10,1,1,5,4,1,3,2,2,4,4,2,1,1,5,1,1,1,5,1,2,3,3,1,4,3,3,4,3,4,5,4,4,5,4,4,35000,99,99,3,2,3,3,2,3,1,3,3,3,3,3,5,3,3,3,3,3,1,3,1,5,9,4,4,5,NA,NA,NA,NA,NA,NA,NA,NA,NA,NA,NA,NA,NA,NA,NA,NA,NA,NA,NA,NA,NA,NA,NA,NA,NA,NA,NA,236923091536100,213,1,144,2.6666666666666665,3,3,3,3.2,5,2.9166666666666665,2.8333333333333335,4,"Higher education (e.g., university degree or higher education diploma)",Woman,33,(3),Urban,35000,10.46310334047155,"February 25, 2023"
2023-02-25 09:34:20,2023-02-25 09:52:13,0,100,1073,1,2023-02-25 09:52:14,R_3JwJfRhG0KuUWVK,anonymous,FR,1,0,NA,57,4,213,5,5,4,4,2,1,3,2,1,3,4,4,1,2,NA,NA,3,2,2,5,4,3,3,3,3,1,4,4,4,4,4,4,3,4,4,4,4,4,3,4,4,4,3,4,4,4,3,4,4,4,4,4,4,2,2,3,3,4,3,4,1,3,3,4,2,3,4,3,3,3,2,1,3,4,2,2,2,3,2,2,2,4,2,3,3,3,2,4,4,4,4,4,4,5,5,5,5,5,5,56700,3,2,1,1,3,4,3,3,3,3,3,3,3,3,3,3,3,3,3,3,3,3,2,5,5,1,3,6,NA,NA,NA,NA,NA,NA,NA,NA,NA,NA,NA,NA,NA,NA,NA,NA,NA,NA,NA,NA,NA,NA,NA,NA,NA,NA,NA,236923091224750,213,1,145,4,4,4,3,3.8,4,3.75,4,4,"Higher education (e.g., university degree or higher education diploma)",Woman,57,Not religious at all (1),Rural,56700,10.945529489715843,"February 25, 2023"
2023-02-25 09:32:59,2023-02-25 09:55:39,0,100,1360,1,2023-02-25 09:55:40,R_1QLcdxNBXriHZgy,anonymous,FR,1,1,NA,28,4,213,2,6,6,5,4,2,5,4,3,6,6,5,1,1,NA,"Qu'il puisse faire ce qui est bon pour l'humain , la planète, etc.. sans que ce soit pour des groupes qui ne pensent qu'au fric.",3,4,1,5,5,5,4,5,4,2,5,4,5,3,5,3,5,5,3,5,4,4,4,5,4,4,3,5,4,4,4,5,3,3,3,3,4,2,3,4,2,4,3,2,1,10,10,10,1,4,4,2,4,4,2,1,2,4,2,2,2,4,2,2,2,4,2,3,3,3,1,5,5,5,5,5,5,5,5,5,5,5,5,20000,99,3,1,2,5,5,5,4,4,5,5,5,5,4,5,5,5,5,5,4,5,4,1,2,7,7,7,3,NA,NA,NA,NA,NA,NA,NA,NA,NA,NA,NA,NA,NA,NA,NA,NA,NA,NA,NA,NA,NA,NA,NA,NA,NA,NA,NA,236923091099733,213,1,146,4,5,4,3.6666666666666665,4.4,5,4.166666666666667,4.5,4,"Higher education (e.g., university degree or higher education diploma)",Man,28,Not religious at all (1),Urban,20000,9.903487552536127,"February 25, 2023"
2023-02-25 09:17:49,2023-02-25 10:03:20,0,100,2731,1,2023-02-25 10:03:21,R_1ONrTJTVhqMOTJT,anonymous,FR,1,1,NA,59,3,213,6,7,6,4,5,4,4,1,2,7,6,1,1,2,L'intérêt économique car quand ont voit l'exemple de l'urgence climatique aucune action n'est mise en place s'il n'y a aucun  un intérêt financier qui en découle! Alors qu'il y a un vrai consensus a cette urgence qui incombe la survie de notre planète.,NA,3,6,1,3,5,3,1,3,2,3,5,5,5,5,5,4,1,5,5,4,2,2,4,4,2,3,2,4,2,4,4,4,3,4,4,2,4,1,4,4,3,3,3,4,1,8,6,8,3,2,1,5,1,5,3,5,5,5,1,1,1,3,1,1,1,5,3,3,3,3,3,5,5,5,5,5,5,5,5,5,5,5,5,24000,2,2,1,2,4,4,3,5,3,3,4,4,4,5,2,2,4,5,4,5,2,2,1,2,1,3,2,5,NA,NA,NA,NA,NA,NA,NA,NA,NA,NA,NA,NA,NA,NA,NA,NA,NA,NA,NA,NA,NA,NA,NA,NA,NA,NA,NA,236923091540021,213,1,148,3,4,2,3.3333333333333335,4.2,4,3.0833333333333335,3.5,3,"Secondary education (e.g., high school)",Man,59,Not religious at all (1),Urban,24000,10.085809109330082,"February 25, 2023"
2023-02-25 09:43:43,2023-02-25 10:03:21,0,100,1178,1,2023-02-25 10:03:21,R_2dN0KM5C6Bmm2Kk,anonymous,FR,1,1,NA,45,3,213,1,5,3,1,2,1,1,NA,NA,NA,1,1,1,1,Les personnes qui ont les moyens,NA,2,4,1,3,3,4,2,3,2,3,2,4,3,3,3,3,4,2,3,3,2,3,3,3,3,4,3,3,3,2,2,3,3,3,3,4,4,3,3,4,4,3,4,3,1,4,5,4,5,3,3,3,3,3,3,3,2,4,3,2,2,3,3,3,2,4,1,3,3,3,1,3,3,2,3,4,3,3,2,3,4,4,3,18459,3,3,3,2,2,4,4,4,2,3,4,2,2,4,3,3,3,3,4,4,2,3,5,2,5,4,4,5,NA,NA,NA,NA,NA,NA,NA,NA,NA,NA,NA,NA,NA,NA,NA,NA,NA,NA,NA,NA,NA,NA,NA,NA,NA,NA,NA,236923091070147,213,1,149,3,3,2.6666666666666665,2.6666666666666665,3.4,3,2.8333333333333335,3,3,"Secondary education (e.g., high school)",Man,45,(3),Urban,18459,9.8233073354086,"February 25, 2023"
2023-02-25 10:00:14,2023-02-25 10:13:21,0,100,787,1,2023-02-25 10:13:22,R_2gz1OXgl9aa44mt,anonymous,FR,1,1,NA,18,4,213,4,5,5,6,6,4,6,4,3,4,4,3,4,4,NA,Sa notoriété,4,4,1,5,5,5,1,4,2,1,5,3,5,3,4,5,2,5,5,4,4,4,4,4,3,4,2,4,3,4,4,5,4,5,5,5,2,1,2,5,3,4,3,1,1,8,1,10,1,1,5,4,1,5,3,2,3,4,2,1,1,5,1,1,1,5,3,3,3,3,1,5,5,5,5,5,5,5,5,5,5,5,5,20000,1,1,4,2,4,5,5,5,1,2,4,3,5,5,1,4,3,4,4,5,1,2,1,2,9,6,5,2,NA,NA,NA,NA,NA,NA,NA,NA,NA,NA,NA,NA,NA,NA,NA,NA,NA,NA,NA,NA,NA,NA,NA,NA,NA,NA,NA,236923091657851,213,1,152,4,4,3.3333333333333335,3.3333333333333335,3.4,4,3.6666666666666665,4,4,"Higher education (e.g., university degree or higher education diploma)",Man,18,(4),Urban,20000,9.903487552536127,"February 25, 2023"
2023-02-25 09:59:19,2023-02-25 10:14:57,0,100,937,1,2023-02-25 10:14:57,R_3HUrbCHuek4PNyo,anonymous,FR,1,1,NA,67,4,213,5,5,7,7,3,6,7,3,3,6,6,6,6,2,NA,"L'opinion des pairs, l'absence de la scène médiatique",5,1,3,5,1,2,3,2,1,1,5,3,1,3,1,4,5,4,4,5,1,1,1,2,1,1,1,5,1,1,1,3,1,5,5,5,2,1,5,5,4,2,4,4,1,7,9,9,1,1,2,3,5,1,1,1,3,2,5,1,2,5,1,1,1,5,1,3,1,3,1,1,1,1,1,1,1,1,1,1,1,1,1,1200,5,5,5,2,5,5,5,1,1,1,3,4,4,1,1,1,3,4,4,1,1,1,7,6,2,1,2,4,NA,NA,NA,NA,NA,NA,NA,NA,NA,NA,NA,NA,NA,NA,NA,NA,NA,NA,NA,NA,NA,NA,NA,NA,NA,NA,NA,236923091058825,213,1,153,1,4,1,1,2.6,5,1.75,2.5,4,"Higher education (e.g., university degree or higher education diploma)",Man,67,Very strongly religious (5),Urban,1200,7.090076835776092,"February 25, 2023"
2023-02-25 10:03:35,2023-02-25 10:15:36,0,100,720,1,2023-02-25 10:15:37,R_qIVgj4IGDRio2VH,anonymous,FR,1,0,NA,62,4,213,5,4,5,4,5,3,3,4,3,3,4,3,1,1,NA,le serieux de ses publications,4,6,1,3,4,5,2,3,2,2,3,3,4,4,4,3,5,5,3,3,4,3,3,4,3,3,3,4,3,3,3,5,4,4,3,4,4,3,2,3,3,4,2,3,1,10,1,10,1,3,2,2,2,4,1,2,2,2,1,2,2,4,2,2,1,5,3,3,4,4,4,4,4,4,4,4,4,5,5,5,5,5,5,40000,1,1,1,2,3,3,3,3,3,3,3,3,3,3,3,3,4,4,4,4,4,4,1,1,1,3,4,5,NA,NA,NA,NA,NA,NA,NA,NA,NA,NA,NA,NA,NA,NA,NA,NA,NA,NA,NA,NA,NA,NA,NA,NA,NA,NA,NA,236923091550449,213,1,154,3,3.6666666666666665,3.3333333333333335,3,4,5,3.25,3.3333333333333335,4,"Higher education (e.g., university degree or higher education diploma)",Woman,62,Not religious at all (1),Urban,40000,10.596634733096073,"February 25, 2023"
2023-02-25 10:06:36,2023-02-25 10:17:53,0,100,676,1,2023-02-25 10:17:53,R_6A93W5hgF2lgEgN,anonymous,FR,1,1,NA,28,4,213,4,6,6,5,5,4,6,6,3,6,6,7,3,3,La science bénéficie aux grandes entreprises pour la technologie et la commercialisation des molécules,NA,3,6,1,4,5,3,3,3,4,2,3,4,4,3,3,4,4,4,4,4,4,4,2,4,4,4,4,4,3,4,4,3,3,4,4,4,4,4,3,4,3,4,4,4,1,10,4,8,2,4,4,4,1,5,3,5,3,4,1,4,4,2,3,3,3,3,1,3,3,3,3,4,4,5,4,4,4,4,4,5,4,4,4,24000,2,2,1,2,4,3,4,4,4,4,3,4,3,4,4,4,5,3,3,2,3,3,5,5,7,6,5,6,NA,NA,NA,NA,NA,NA,NA,NA,NA,NA,NA,NA,NA,NA,NA,NA,NA,NA,NA,NA,NA,NA,NA,NA,NA,NA,NA,236923091535063,213,1,157,4,4,3.6666666666666665,3.3333333333333335,3.6,4,3.75,4,4,"Higher education (e.g., university degree or higher education diploma)",Man,28,Not religious at all (1),Urban,24000,10.085809109330082,"February 25, 2023"
2023-02-25 10:00:34,2023-02-25 10:21:48,0,100,1274,1,2023-02-25 10:21:49,R_e51GbSpFhoAm1Wx,anonymous,FR,1,1,NA,47,4,213,1,1,1,1,1,1,1,1,1,1,1,1,1,1,les scientifiques grassement payé et jamais inquiet quand ils se trompent ou manipulent les faits,NA,1,6,1,5,4,5,5,1,1,1,1,3,3,4,3,5,5,4,3,3,2,2,2,3,2,2,2,3,2,2,2,3,2,1,1,1,4,3,5,5,3,2,3,3,1,5,5,6,2,2,3,2,3,3,1,1,3,3,2,3,3,3,3,3,3,3,1,2,3,3,1,3,3,3,3,3,3,3,3,3,3,3,3,8000,3,3,2,2,1,1,1,1,2,1,2,2,2,2,2,2,1,1,1,1,1,1,3,4,5,4,4,5,NA,NA,NA,NA,NA,NA,NA,NA,NA,NA,NA,NA,NA,NA,NA,NA,NA,NA,NA,NA,NA,NA,NA,NA,NA,NA,NA,236923091540025,213,1,159,2,3,2,2,3.6,2,2.25,2.5,4,"Higher education (e.g., university degree or higher education diploma)",Man,47,(2),Urban,8000,8.987196820661973,"February 25, 2023"
2023-02-25 10:01:44,2023-02-25 10:30:37,0,100,1732,1,2023-02-25 10:30:37,R_3OkWUD9eYmeLsUE,anonymous,FR,1,1,NA,45,3,213,4,4,4,1,5,5,4,1,1,5,4,1,1,1,Tout le monde en bénéficie volontairement ou pas .,NA,3,2,1,4,4,3,3,4,4,3,3,1,1,3,1,3,4,3,3,4,3,4,3,4,3,4,4,4,4,4,3,3,3,4,4,4,1,1,3,3,3,3,3,3,1,9,8,3,3,3,3,1,3,1,1,1,1,3,3,2,1,1,2,2,1,4,1,3,3,3,1,4,4,3,4,3,4,3,3,3,4,3,3,NA,99,99,1,2,3,3,3,3,3,3,3,3,3,3,3,3,3,3,3,3,3,3,5,1,7,4,1,5,NA,NA,NA,NA,NA,NA,NA,NA,NA,NA,NA,NA,NA,NA,NA,NA,NA,NA,NA,NA,NA,NA,NA,NA,NA,NA,NA,236923091316918,213,1,162,4,4,3.3333333333333335,3.3333333333333335,2,3,3.6666666666666665,4,3,"Secondary education (e.g., high school)",Man,45,Not religious at all (1),Urban,NA,NA,"February 25, 2023"
2023-02-25 10:12:19,2023-02-25 10:30:58,0,100,1118,1,2023-02-25 10:30:58,R_6GuJgowIa5i7PJ7,anonymous,FR,1,1,NA,33,4,213,5,5,1,1,1,1,1,1,1,1,1,1,1,1,NA,Son indépendance face aux gros industriels et aux gouvernements.,2,6,1,5,5,5,2,1,1,1,4,1,1,2,2,5,5,5,4,3,1,1,3,2,1,2,1,2,1,2,1,3,2,1,1,1,3,1,5,5,4,4,4,4,1,10,1,10,1,1,2,3,2,2,1,1,1,3,4,1,1,5,1,1,1,5,1,3,3,4,1,2,2,2,2,2,2,2,2,2,2,2,2,42000,99,99,1,1,2,2,2,1,1,1,2,2,1,2,2,1,2,2,2,2,2,1,6,4,5,5,5,2,NA,NA,NA,NA,NA,NA,NA,NA,NA,NA,NA,NA,NA,NA,NA,NA,NA,NA,NA,NA,NA,NA,NA,NA,NA,NA,NA,236923091546265,213,1,163,1.6666666666666667,2.3333333333333335,1,1.6666666666666667,2.2,3,1.6666666666666667,2,4,"Higher education (e.g., university degree or higher education diploma)",Man,33,Not religious at all (1),Rural,42000,10.645424897265505,"February 25, 2023"
2023-02-25 10:18:48,2023-02-25 10:31:32,0,100,764,1,2023-02-25 10:31:32,R_3HjF8XKRDe7mcBn,anonymous,FR,1,1,NA,20,4,213,3,1,2,2,3,1,4,1,2,5,5,3,1,1,NA,"Les sciences n'a pas plusieurs résultats, 2+2 sera toujours egale à 4 quelque soit les pensées politiques du scientifique.",4,4,1,3,5,4,1,3,5,2,3,4,4,4,4,5,5,4,3,4,4,3,4,5,3,4,4,5,3,3,4,3,4,4,3,4,4,2,2,2,4,2,3,3,1,9,5,8,3,4,4,4,4,4,1,3,3,3,1,4,2,3,2,2,1,3,2,3,3,3,2,3,4,3,4,4,4,3,5,4,4,5,5,720,2,3,1,2,5,5,5,4,2,2,5,4,5,4,3,2,5,4,5,4,3,2,1,1,2,5,6,8,NA,NA,NA,NA,NA,NA,NA,NA,NA,NA,NA,NA,NA,NA,NA,NA,NA,NA,NA,NA,NA,NA,NA,NA,NA,NA,NA,236923091332269,213,1,164,3.3333333333333335,4.666666666666667,3.3333333333333335,4,4.2,4,3.8333333333333335,4,4,"Higher education (e.g., university degree or higher education diploma)",Man,20,Not religious at all (1),Urban,720,6.579251212010101,"February 25, 2023"
2023-02-25 10:23:46,2023-02-25 10:34:11,0,100,624,1,2023-02-25 10:34:11,R_2X5R9NUfubrUtRE,anonymous,FR,1,1,NA,46,4,213,2,3,4,2,3,2,4,2,2,2,5,2,3,1,NA,qu elle soit délivrée par des doctorants,4,4,1,5,5,5,4,4,4,3,3,4,4,4,5,4,5,4,4,4,4,4,3,4,4,4,3,4,4,4,4,5,4,4,4,5,4,2,2,3,3,3,2,1,1,8,5,8,2,4,5,5,1,5,2,1,4,5,1,1,1,1,1,1,3,4,2,3,3,3,1,5,5,5,5,5,5,5,5,5,5,5,5,23000,2,3,1,2,4,5,5,4,2,2,4,5,5,3,3,4,4,5,5,3,3,4,1,2,2,5,5,7,NA,NA,NA,NA,NA,NA,NA,NA,NA,NA,NA,NA,NA,NA,NA,NA,NA,NA,NA,NA,NA,NA,NA,NA,NA,NA,NA,236923091012700,213,1,166,4,4,4,3.3333333333333335,4.4,4,3.8333333333333335,4,4,"Higher education (e.g., university degree or higher education diploma)",Man,46,Not religious at all (1),Urban,23000,10.043249494911286,"February 25, 2023"
2023-02-25 10:28:09,2023-02-25 10:40:37,0,100,748,1,2023-02-25 10:40:38,R_5gXfZWBQHOr3Mf7,anonymous,FR,1,1,NA,62,4,213,4,5,4,1,3,1,1,1,2,3,4,2,1,1,Consciemment ou inconsciemment nous’ bénéfiçons tous de la science,NA,5,4,1,5,5,5,3,5,4,3,5,5,3,3,3,5,5,4,3,4,4,4,3,3,4,4,3,4,4,4,3,5,4,5,5,5,5,4,2,1,3,4,2,3,1,10,1,10,1,4,4,1,4,1,1,1,1,3,2,3,2,4,3,3,4,1,2,3,3,3,4,4,4,3,5,4,4,4,4,4,4,4,4,48000,2,2,1,2,5,5,5,5,4,4,5,5,5,4,4,4,5,5,5,4,4,3,1,1,1,1,2,7,NA,NA,NA,NA,NA,NA,NA,NA,NA,NA,NA,NA,NA,NA,NA,NA,NA,NA,NA,NA,NA,NA,NA,NA,NA,NA,NA,236923091055735,213,1,169,4,3.6666666666666665,4,3,3.8,4,3.6666666666666665,3.8333333333333335,4,"Higher education (e.g., university degree or higher education diploma)",Man,62,Not religious at all (1),Urban,48000,10.778956289890028,"February 25, 2023"
2023-02-25 10:27:58,2023-02-25 10:50:00,0,100,1321,1,2023-02-25 10:50:00,R_1jqXPGvr46BUGJr,anonymous,FR,1,0,NA,66,3,213,2,3,2,1,1,1,1,1,1,1,4,1,1,1,NA,La recherche effectuée et le type d' étude réalisée,3,4,1,5,4,4,3,3,3,3,3,3,2,3,2,5,4,4,4,4,4,4,4,4,4,4,4,4,4,4,4,4,4,4,3,4,4,4,4,4,5,5,4,3,1,8,7,9,1,4,3,3,2,3,2,2,3,3,1,3,3,4,3,3,3,3,1,2,2,2,2,5,5,5,5,5,5,5,5,5,5,5,5,36000,3,3,1,2,3,3,3,3,3,3,3,3,3,3,3,3,3,3,3,3,3,3,3,4,5,4,5,4,NA,NA,NA,NA,NA,NA,NA,NA,NA,NA,NA,NA,NA,NA,NA,NA,NA,NA,NA,NA,NA,NA,NA,NA,NA,NA,NA,236923091532981,213,1,171,4,4,4,4,2.8,4,4,4,3,"Secondary education (e.g., high school)",Woman,66,Not religious at all (1),Urban,36000,10.491274217438248,"February 25, 2023"
2023-02-25 10:35:36,2023-02-25 10:50:24,0,100,887,1,2023-02-25 10:50:24,R_1NrlOs2jirg8q0W,anonymous,FR,1,1,NA,63,3,213,1,2,2,1,1,1,1,2,1,1,1,1,1,1,NA,Rien,2,2,1,4,4,3,2,2,2,2,2,4,3,3,4,4,4,3,3,4,3,3,3,4,4,4,3,4,4,3,3,3,4,3,2,2,4,4,2,3,3,3,2,4,1,3,6,4,2,2,3,5,3,3,3,3,3,4,3,2,2,3,2,2,2,4,1,3,2,3,1,2,2,2,2,2,2,2,2,2,2,2,2,34000,99,1,2,1,2,2,2,2,2,2,3,3,3,3,3,3,3,3,3,3,4,3,4,5,5,1,2,4,NA,NA,NA,NA,NA,NA,NA,NA,NA,NA,NA,NA,NA,NA,NA,NA,NA,NA,NA,NA,NA,NA,NA,NA,NA,NA,NA,236923091577050,213,1,172,3.3333333333333335,4,3.6666666666666665,3,3.6,3,3.5,3.6666666666666665,3,"Secondary education (e.g., high school)",Man,63,(2),Rural,34000,10.4341158035983,"February 25, 2023"
2023-02-25 10:33:04,2023-02-25 10:51:55,0,100,1130,1,2023-02-25 10:51:55,R_2fAQHVBbgUpJX5U,anonymous,FR,1,1,NA,69,3,213,3,3,2,2,3,2,3,1,2,3,4,3,4,1,Tout le monde en bénéficie car la science est un grand progrès a différent stade,NA,4,4,1,5,5,5,4,5,5,4,4,5,4,5,4,4,2,5,4,4,4,4,4,5,4,5,4,4,4,4,4,4,5,4,3,3,4,3,2,3,4,3,2,5,1,9,8,4,1,3,4,3,2,2,2,1,3,4,2,2,2,3,3,2,4,3,1,2,3,3,1,5,5,5,5,5,5,5,5,5,5,5,5,28000,4,4,2,1,5,5,4,4,3,4,4,5,5,5,3,4,4,5,5,4,4,4,1,1,1,6,4,3,NA,NA,NA,NA,NA,NA,NA,NA,NA,NA,NA,NA,NA,NA,NA,NA,NA,NA,NA,NA,NA,NA,NA,NA,NA,NA,NA,236923091532979,213,1,175,4.333333333333333,4.333333333333333,4,4,4,5,4.166666666666667,4.333333333333333,3,"Secondary education (e.g., high school)",Man,69,(2),Rural,28000,10.239959789157341,"February 25, 2023"
2023-02-25 10:37:48,2023-02-25 10:55:46,0,100,1077,1,2023-02-25 10:55:46,R_3fTXSKX0BRtBpVR,anonymous,FR,1,0,NA,49,4,213,2,4,4,1,3,5,5,1,1,2,2,1,2,1,tout le monde,NA,4,2,1,5,5,5,3,4,4,3,4,3,3,3,3,3,3,5,5,5,3,3,3,5,3,3,3,4,3,3,3,4,3,1,1,1,3,3,2,3,3,3,3,3,1,10,5,10,1,4,3,3,2,3,3,3,3,3,1,1,1,1,1,1,1,3,4,3,3,3,1,5,5,5,5,5,5,5,5,5,5,5,5,19000,99,99,1,1,4,4,4,4,4,4,4,4,4,4,4,4,4,4,4,4,4,4,1,1,1,7,7,3,NA,NA,NA,NA,NA,NA,NA,NA,NA,NA,NA,NA,NA,NA,NA,NA,NA,NA,NA,NA,NA,NA,NA,NA,NA,NA,NA,236923091536110,213,1,176,3,4.666666666666667,3,3,3,5,3.4166666666666665,3.8333333333333335,4,"Higher education (e.g., university degree or higher education diploma)",Woman,49,Not religious at all (1),Rural,19000,9.852194258148577,"February 25, 2023"
2023-02-25 10:27:40,2023-02-25 10:57:43,0,100,1802,1,2023-02-25 10:57:43,R_2ux6FuT2rgB6pN9,anonymous,FR,1,1,NA,55,4,213,5,5,5,5,5,5,5,5,3,5,5,6,6,1,Tout le monde,NA,4,4,1,5,5,5,3,5,4,4,4,4,4,4,4,5,5,4,5,4,4,4,4,4,4,4,4,4,4,5,3,4,4,3,3,2,3,4,2,2,3,4,3,4,1,9,5,8,8,4,2,3,2,3,2,2,3,3,2,3,2,3,2,2,2,3,3,3,3,3,3,3,5,5,5,3,4,3,5,4,5,4,5,30000,3,3,2,2,4,4,4,4,3,4,4,3,3,4,4,4,4,3,4,4,3,4,1,4,5,4,4,4,NA,NA,NA,NA,NA,NA,NA,NA,NA,NA,NA,NA,NA,NA,NA,NA,NA,NA,NA,NA,NA,NA,NA,NA,NA,NA,NA,236923091532980,213,1,177,4.333333333333333,4,4,3.6666666666666665,4.2,4,4,4.166666666666667,4,"Higher education (e.g., university degree or higher education diploma)",Man,55,(2),Urban,30000,10.308952660644293,"February 25, 2023"
2023-02-25 10:51:39,2023-02-25 10:57:50,0,100,371,1,2023-02-25 10:57:50,R_1Qv02WiZl8wAYTf,anonymous,FR,1,1,NA,29,4,213,1,4,2,1,4,2,1,1,3,2,1,1,4,1,Tres cool,NA,4,4,5,4,4,3,5,3,5,3,4,3,3,3,4,5,3,3,4,4,5,3,3,5,3,4,3,4,5,2,1,4,5,4,5,3,5,3,4,3,4,2,2,3,1,4,9,6,4,4,1,3,4,5,3,4,3,5,3,2,3,5,3,3,4,5,4,3,4,2,1,3,1,1,2,3,5,1,3,3,2,NA,1,50000,3,3,1,2,2,4,1,5,2,4,5,5,4,3,3,5,1,5,4,3,3,5,4,6,4,3,7,4,NA,NA,NA,NA,NA,NA,NA,NA,NA,NA,NA,NA,NA,NA,NA,NA,NA,NA,NA,NA,NA,NA,NA,NA,NA,NA,NA,236923091106946,213,1,178,3,4.333333333333333,4.333333333333333,2.3333333333333335,3.2,5,3.5,3.6666666666666665,4,"Higher education (e.g., university degree or higher education diploma)",Man,29,Not religious at all (1),Urban,50000,10.819778284410283,"February 25, 2023"
2023-02-25 10:46:42,2023-02-25 11:07:05,0,100,1223,1,2023-02-25 11:07:06,R_3dXuw4md0rp6Eb6,anonymous,FR,1,1,NA,59,4,213,4,NA,NA,NA,NA,NA,NA,NA,NA,NA,5,1,1,1,NA,Sont dévouement et sont amour du travail,1,2,4,4,4,4,2,2,3,1,4,3,3,2,3,3,3,3,3,3,3,2,3,3,3,3,2,4,3,3,2,1,3,3,3,3,3,2,2,3,4,3,5,4,1,5,6,7,6,2,4,2,2,4,4,4,3,3,2,1,1,5,3,1,1,4,2,4,3,3,1,5,4,4,5,4,3,4,4,4,5,4,4,25000,99,99,2,1,2,2,2,1,3,2,2,2,2,3,2,3,3,2,2,2,2,2,4,4,5,3,4,5,NA,NA,NA,NA,NA,NA,NA,NA,NA,NA,NA,NA,NA,NA,NA,NA,NA,NA,NA,NA,NA,NA,NA,NA,NA,NA,NA,236923091597362,213,1,182,2.6666666666666665,3.3333333333333335,3,2.3333333333333335,2.8,3,2.8333333333333335,3,4,"Higher education (e.g., university degree or higher education diploma)",Man,59,(2),Rural,25000,10.126631103850338,"February 25, 2023"
2023-02-25 11:08:40,2023-02-25 11:20:21,0,100,700,1,2023-02-25 11:20:21,R_2S1B2jEyJONnOzC,anonymous,FR,1,0,NA,38,4,213,2,2,2,1,1,1,1,1,1,1,2,1,1,1,NA,NA,3,4,1,4,3,3,3,3,4,3,3,3,3,3,3,4,3,5,4,3,4,4,3,4,4,4,3,4,4,4,3,4,4,4,4,3,4,3,1,2,3,3,3,2,1,7,7,6,3,3,4,3,3,3,3,3,3,3,2,3,3,4,3,3,4,3,2,4,2,3,4,3,4,3,4,2,3,3,4,4,4,3,4,14000,99,99,2,2,4,4,4,4,4,4,3,3,3,3,3,3,4,4,4,4,4,4,2,2,4,2,2,5,NA,NA,NA,NA,NA,NA,NA,NA,NA,NA,NA,NA,NA,NA,NA,NA,NA,NA,NA,NA,NA,NA,NA,NA,NA,NA,NA,236923091537945,213,1,184,4,3.6666666666666665,4,3,3,4,3.6666666666666665,3.8333333333333335,4,"Higher education (e.g., university degree or higher education diploma)",Woman,38,(2),Urban,14000,9.546812608597396,"February 25, 2023"
2023-02-25 10:58:23,2023-02-25 11:22:42,0,100,1459,1,2023-02-25 11:22:43,R_RF5TFPzuEdvObPX,anonymous,FR,1,1,NA,32,4,213,1,3,2,2,1,3,2,1,1,1,3,1,4,1,NA,Un prix Nobel ?,3,4,1,5,5,5,2,3,1,1,5,5,5,5,5,5,1,5,5,3,3,3,3,4,3,4,3,5,4,3,3,4,5,5,4,5,4,3,2,1,3,3,2,4,1,5,7,7,1,5,5,5,1,4,1,2,5,5,1,1,1,5,1,1,1,5,3,3,3,3,3,5,5,5,5,5,5,5,5,5,5,5,5,16000,1,1,1,1,4,3,3,5,1,2,5,5,3,5,2,3,3,4,2,5,3,4,1,6,5,7,7,2,NA,NA,NA,NA,NA,NA,NA,NA,NA,NA,NA,NA,NA,NA,NA,NA,NA,NA,NA,NA,NA,NA,NA,NA,NA,NA,NA,236923091258468,213,1,188,3.3333333333333335,4,3.3333333333333335,3,4.2,4,3.4166666666666665,3.6666666666666665,4,"Higher education (e.g., university degree or higher education diploma)",Man,32,Not religious at all (1),Rural,16000,9.680344001221918,"February 25, 2023"
2023-02-25 09:22:54,2023-02-25 11:25:49,0,100,7374,1,2023-02-25 11:25:49,R_2OZS9HtTkJVeyJV,anonymous,FR,1,1,NA,22,3,213,1,1,1,1,1,1,1,1,1,1,1,1,1,1,NA,Rien,1,NA,NA,3,1,1,1,3,1,1,1,NA,NA,NA,NA,NA,NA,1,1,2,1,1,1,3,3,3,3,4,2,3,1,1,1,3,3,3,1,1,5,5,1,1,5,5,1,1,1,1,1,1,1,1,1,1,1,1,1,1,1,1,1,1,1,1,1,1,1,1,1,1,1,1,1,1,1,1,1,1,1,1,1,1,1,2000,3,NA,1,2,1,1,1,1,1,1,1,1,1,1,1,1,1,1,1,1,1,1,1,1,1,1,1,6,NA,NA,NA,NA,NA,NA,NA,NA,NA,NA,NA,NA,NA,NA,NA,NA,NA,NA,NA,NA,NA,NA,NA,NA,NA,NA,NA,236923091535075,213,1,189,2.3333333333333335,3,2,1.6666666666666667,NA,1,2.25,2.6666666666666665,3,"Secondary education (e.g., high school)",Man,22,Not religious at all (1),Urban,2000,7.600902459542082,"February 25, 2023"
2023-02-25 10:53:26,2023-02-25 11:30:17,0,100,2211,1,2023-02-25 11:30:18,R_5pSUP3WfhGlhKz7,anonymous,FR,1,1,NA,25,4,213,1,3,3,1,5,1,3,1,1,1,3,1,1,1,NA,"Un scientifique digne de confiance est pour ma part, une personne qui se dévoue à sa passion, qui y consacre une grande partie de son temps à la recherche et au développement de nouvelles opportunités.",4,2,1,5,5,5,2,5,4,3,4,5,4,4,4,5,3,5,4,4,5,5,4,5,5,5,4,5,5,5,5,5,4,4,1,1,5,3,2,2,4,5,3,3,1,9,10,10,1,3,5,1,4,2,3,3,1,5,4,5,3,2,2,2,4,1,3,3,3,3,1,4,5,5,5,2,4,3,5,5,5,5,5,1130,3,3,1,2,5,5,5,5,4,4,3,4,4,5,2,4,4,4,4,4,4,3,1,1,3,2,6,3,NA,NA,NA,NA,NA,NA,NA,NA,NA,NA,NA,NA,NA,NA,NA,NA,NA,NA,NA,NA,NA,NA,NA,NA,NA,NA,NA,236923091113137,213,1,191,5,4.666666666666667,5,4.333333333333333,4,4,4.75,4.833333333333333,4,"Higher education (e.g., university degree or higher education diploma)",Man,25,Not religious at all (1),Urban,1130,7.029972911706386,"February 25, 2023"
2023-02-25 11:16:59,2023-02-25 11:34:39,0,100,1059,1,2023-02-25 11:34:39,R_22xeHDmSMjOwuRc,anonymous,FR,1,0,NA,52,4,213,1,4,4,4,5,4,4,5,1,4,5,5,3,1,Tout le monde bénéficie de la science grâce aux progrès constants dans chaque domaine,NA,5,4,1,5,4,5,3,4,4,3,4,5,4,5,4,4,2,5,3,4,4,4,3,5,3,4,3,4,4,4,3,4,4,5,3,5,3,3,2,2,3,3,3,2,1,10,10,10,1,3,4,1,3,1,2,1,2,3,3,1,3,5,2,4,2,4,1,3,2,3,1,3,3,3,3,3,3,4,4,4,4,4,4,10500,2,2,1,2,4,4,4,3,3,4,4,4,4,2,3,3,4,5,4,2,3,4,3,3,3,3,4,4,NA,NA,NA,NA,NA,NA,NA,NA,NA,NA,NA,NA,NA,NA,NA,NA,NA,NA,NA,NA,NA,NA,NA,NA,NA,NA,NA,236923091549408,213,1,194,4,4.333333333333333,3.6666666666666665,3,4,4,3.75,4.166666666666667,4,"Higher education (e.g., university degree or higher education diploma)",Woman,52,Not religious at all (1),Urban,10500,9.259130536145614,"February 25, 2023"
2023-02-25 11:07:22,2023-02-25 11:45:23,0,100,2281,1,2023-02-25 11:45:24,R_3Hhu0xRRZCcSyI4,anonymous,FR,1,0,NA,68,3,213,1,2,1,1,2,1,1,1,1,1,2,1,1,1,l'industrie car elle paye pour faire des recherches,NA,2,6,1,5,5,5,3,2,2,1,4,3,4,4,2,5,5,4,3,3,3,2,3,4,4,3,3,4,4,3,3,3,3,4,4,4,5,3,3,4,2,3,4,4,1,10,1,10,1,3,1,1,5,1,1,1,1,1,1,2,2,4,3,1,1,5,2,3,3,3,1,3,4,3,4,2,4,4,4,4,4,4,4,18000,3,3,1,1,3,3,3,4,3,3,3,3,3,3,3,3,3,3,3,3,4,2,2,5,5,1,1,5,NA,NA,NA,NA,NA,NA,NA,NA,NA,NA,NA,NA,NA,NA,NA,NA,NA,NA,NA,NA,NA,NA,NA,NA,NA,NA,NA,236923091532976,213,1,195,2.6666666666666665,3.6666666666666665,3.6666666666666665,3,3.6,5,3.25,3.1666666666666665,3,"Secondary education (e.g., high school)",Woman,68,Not religious at all (1),Rural,18000,9.798127036878302,"February 25, 2023"
2023-02-25 11:26:26,2023-02-25 11:51:10,0,100,1483,1,2023-02-25 11:51:10,R_7O1ME8IXh8aZQ9b,anonymous,FR,1,1,NA,66,3,213,4,5,5,4,5,3,5,6,1,1,5,1,4,1,NA,sa respectabilité la veritee sur c'est recherche,5,4,1,5,5,5,3,4,3,3,3,4,4,1,4,4,5,5,5,4,4,4,1,5,3,4,3,4,3,4,4,5,4,5,5,5,4,4,3,5,5,5,1,1,1,5,1,5,1,4,5,4,4,1,1,1,1,5,1,4,4,1,4,3,3,2,3,3,3,3,3,5,5,5,5,5,5,5,5,5,5,5,5,19999,99,99,1,1,4,4,4,4,4,4,4,4,4,4,4,4,4,4,4,4,4,4,1,7,9,7,7,3,NA,NA,NA,NA,NA,NA,NA,NA,NA,NA,NA,NA,NA,NA,NA,NA,NA,NA,NA,NA,NA,NA,NA,NA,NA,NA,NA,236923091106943,213,1,197,4,4.333333333333333,3.3333333333333335,2.6666666666666665,3.6,5,3.5833333333333335,4.166666666666667,3,"Secondary education (e.g., high school)",Man,66,Not religious at all (1),Rural,19999,9.903437551286085,"February 25, 2023"
2023-02-25 11:40:11,2023-02-25 11:54:36,0,100,864,1,2023-02-25 11:54:37,R_3je8Dq51aRLuehq,anonymous,FR,1,0,NA,60,4,213,3,3,5,2,1,1,1,1,1,2,4,1,1,1,NA,son savoir,2,5,1,5,4,4,2,4,4,2,2,1,1,1,1,3,5,4,4,3,3,3,3,4,3,2,2,3,2,2,2,1,1,5,4,3,4,2,2,1,2,3,5,1,1,7,4,7,4,2,4,2,3,2,1,1,2,3,3,1,1,5,2,2,1,1,1,3,3,3,1,2,1,1,1,2,2,2,1,1,1,2,1,45000,99,99,1,1,4,4,2,3,2,3,4,4,3,4,3,3,2,2,2,2,2,2,6,6,8,4,7,3,NA,NA,NA,NA,NA,NA,NA,NA,NA,NA,NA,NA,NA,NA,NA,NA,NA,NA,NA,NA,NA,NA,NA,NA,NA,NA,NA,236850617183320,213,1,199,2.3333333333333335,3.3333333333333335,2.6666666666666665,2.3333333333333335,1.8,3,2.6666666666666665,2.8333333333333335,4,"Higher education (e.g., university degree or higher education diploma)",Woman,60,Not religious at all (1),Rural,45000,10.714417768752456,"February 25, 2023"
2023-02-25 11:55:10,2023-02-25 11:59:46,0,100,275,1,2023-02-25 11:59:46,R_3e8kID1pEuTAxca,anonymous,FR,1,1,NA,49,4,213,4,4,4,1,1,1,1,1,1,1,1,1,1,1,rien,NA,3,4,1,2,2,2,2,2,2,2,2,2,2,2,2,2,2,2,2,2,2,2,2,2,2,2,2,2,2,2,2,2,2,2,2,2,2,2,2,2,2,2,2,2,1,3,3,3,3,2,3,3,3,3,3,3,3,3,3,3,3,3,3,3,3,3,2,2,2,2,2,2,2,2,2,2,2,2,2,2,2,2,2,4600,3,5,1,1,3,3,3,3,3,3,3,3,3,3,3,3,3,3,3,3,3,3,4,4,9,7,4,6,NA,NA,NA,NA,NA,NA,NA,NA,NA,NA,NA,NA,NA,NA,NA,NA,NA,NA,NA,NA,NA,NA,NA,NA,NA,NA,NA,236923091562702,213,1,202,2,2,2,2,2,2,2,2,4,"Higher education (e.g., university degree or higher education diploma)",Man,49,Not religious at all (1),Rural,4600,8.433811582477187,"February 25, 2023"
2023-02-25 11:49:38,2023-02-25 12:05:27,0,100,949,1,2023-02-25 12:05:28,R_QaM2hE3zGJlbj3z,anonymous,FR,1,1,NA,34,4,213,1,2,4,3,3,3,2,2,2,4,5,2,2,1,NA,"Son approche scientifique : recherche de preuves, intégration de ses travaux dans le domaine scientifique plus large, considération de théories contradictoires, absence d’a-priori, esprit critique",5,6,1,4,5,3,1,4,4,1,5,4,4,5,4,5,5,5,5,4,3,3,2,4,4,4,4,4,4,3,3,5,3,4,4,4,4,1,2,3,1,2,2,1,1,7,2,10,1,4,4,5,1,5,3,4,4,5,1,1,1,5,1,1,1,5,3,3,3,3,3,5,5,5,4,3,5,5,5,5,5,5,5,5000,1,2,1,2,4,4,5,5,2,2,4,3,5,4,2,2,4,4,5,4,2,1,1,1,4,5,5,6,NA,NA,NA,NA,NA,NA,NA,NA,NA,NA,NA,NA,NA,NA,NA,NA,NA,NA,NA,NA,NA,NA,NA,NA,NA,NA,NA,236923091135512,213,1,203,3.3333333333333335,4,3.6666666666666665,3,4.4,4,3.5,3.6666666666666665,4,"Higher education (e.g., university degree or higher education diploma)",Man,34,Not religious at all (1),Urban,5000,8.517193191416238,"February 25, 2023"
2023-02-25 11:53:36,2023-02-25 12:10:12,0,100,995,1,2023-02-25 12:10:12,R_2TEOu2AtIAVaJ8K,anonymous,FR,1,0,NA,35,4,213,5,5,5,1,4,4,5,6,4,6,6,5,1,1,NA,"Travaux de recherche sans biais, idéalement double randomisée et en double aveugle; mais comme c'est difficilement possible dans certains cas, des travaux qui n'essayent pas de faire dire tout et n'importe quoi à leurs statistiques",5,6,2,5,5,3,3,5,3,2,5,5,1,5,5,5,3,5,5,4,3,3,4,4,3,4,4,4,3,4,4,5,3,5,5,5,1,2,2,2,1,1,1,1,1,7,5,4,1,4,4,4,1,5,3,3,3,5,1,1,1,3,1,1,2,3,3,3,2,3,1,1,5,1,5,1,5,1,5,1,5,1,5,60000,2,99,2,2,4,4,5,4,2,3,4,4,5,5,3,3,4,4,5,4,2,3,1,1,6,2,5,5,NA,NA,NA,NA,NA,NA,NA,NA,NA,NA,NA,NA,NA,NA,NA,NA,NA,NA,NA,NA,NA,NA,NA,NA,NA,NA,NA,236923091174594,213,1,205,3.6666666666666665,4,3,4,3.8,5,3.6666666666666665,3.8333333333333335,4,"Higher education (e.g., university degree or higher education diploma)",Woman,35,(2),Urban,60000,11.002099841204238,"February 25, 2023"
2023-02-25 12:02:44,2023-02-25 12:14:03,0,100,678,1,2023-02-25 12:14:03,R_w0k6XIRFlbdxuk9,anonymous,FR,1,0,NA,51,4,213,1,3,2,1,3,2,1,1,2,4,4,1,3,2,NA,des recherches pas sponsorisés par des lobbies,3,2,1,5,5,5,4,1,2,1,5,2,1,3,2,5,5,3,1,4,2,1,2,4,2,3,2,4,2,2,3,3,3,5,5,5,4,3,4,4,3,4,4,3,1,3,3,7,1,1,5,5,1,5,3,1,2,1,1,1,1,1,1,1,1,5,2,2,3,3,2,5,5,5,5,5,5,5,5,5,5,5,5,1000,1,3,1,1,3,3,3,2,3,3,3,3,3,3,3,3,4,4,4,3,3,4,1,7,7,7,7,6,NA,NA,NA,NA,NA,NA,NA,NA,NA,NA,NA,NA,NA,NA,NA,NA,NA,NA,NA,NA,NA,NA,NA,NA,NA,NA,NA,236923091531934,213,1,207,2,4,2,2.3333333333333335,2.6,3,2.5833333333333335,3,4,"Higher education (e.g., university degree or higher education diploma)",Woman,51,Not religious at all (1),Rural,1000,6.907755278982137,"February 25, 2023"
2023-02-25 12:08:39,2023-02-25 12:22:41,0,100,842,1,2023-02-25 12:22:42,R_1rNeQxWqzjNOdTw,anonymous,FR,1,0,NA,53,4,213,3,4,3,4,5,4,6,4,1,2,5,4,3,1,NA,"Ses travaux et recherches, ses publications, la façon dont il s'exprime, les choses qu'il démontre",4,4,5,5,5,5,3,5,5,4,3,4,4,4,5,4,2,4,4,4,3,4,3,4,4,4,3,4,3,4,2,4,4,3,3,3,3,2,3,2,2,2,3,2,1,10,2,10,1,4,3,4,3,3,2,2,2,3,1,3,3,3,3,3,3,3,3,3,3,3,1,5,5,5,5,5,5,5,5,5,5,5,5,22000,99,99,2,1,3,4,4,4,3,4,3,3,3,3,3,3,3,3,3,3,4,4,1,3,5,4,5,5,NA,NA,NA,NA,NA,NA,NA,NA,NA,NA,NA,NA,NA,NA,NA,NA,NA,NA,NA,NA,NA,NA,NA,NA,NA,NA,NA,236923091659939,213,1,209,4,4,3.3333333333333335,2.6666666666666665,3.8,4,3.5,4,4,"Higher education (e.g., university degree or higher education diploma)",Woman,53,(2),Rural,22000,9.998797732340453,"February 25, 2023"
2023-02-25 12:15:53,2023-02-25 12:29:11,0,100,798,1,2023-02-25 12:29:12,R_2WYJhs2HZCQ3HMG,anonymous,FR,1,1,NA,68,3,213,4,4,3,3,5,5,4,4,4,5,5,3,3,3,"LES CHERCHEURS, LES PROFESSEURS",NA,4,4,1,4,4,4,4,4,3,4,4,3,4,2,3,4,4,2,5,4,2,3,2,5,4,3,4,4,4,4,4,5,4,4,3,4,4,4,4,2,3,4,4,3,1,8,9,8,7,5,3,4,2,5,4,4,4,4,2,5,4,2,4,4,5,3,2,3,3,4,3,4,4,4,4,2,2,4,4,4,4,2,5,31000,99,5,1,1,4,4,4,4,4,4,4,4,4,4,4,4,4,4,4,4,4,4,2,2,9,2,2,7,NA,NA,NA,NA,NA,NA,NA,NA,NA,NA,NA,NA,NA,NA,NA,NA,NA,NA,NA,NA,NA,NA,NA,NA,NA,NA,NA,236923091073235,213,1,212,3.3333333333333335,4.333333333333333,3.3333333333333335,3.3333333333333335,3.2,4,3.5833333333333335,3.8333333333333335,3,"Secondary education (e.g., high school)",Man,68,Not religious at all (1),Rural,31000,10.341742483467284,"February 25, 2023"
2023-02-25 12:29:15,2023-02-25 12:41:22,0,100,726,1,2023-02-25 12:41:22,R_2y2tYBCECjs10KT,anonymous,FR,1,1,NA,45,4,213,1,3,5,2,2,3,2,1,1,3,3,1,1,1,NA,"Indépendance totale, pas de conflits d'intérêts",5,6,5,3,4,1,3,4,4,1,3,4,1,3,4,5,5,4,4,2,2,3,5,4,4,4,4,3,3,3,3,5,4,4,4,4,4,2,3,5,1,3,3,3,1,4,8,1,1,4,1,1,4,1,1,1,1,2,4,1,1,5,2,2,1,5,3,4,2,3,2,3,4,3,4,3,4,3,3,3,3,3,3,2000,99,99,1,2,5,4,5,3,2,2,5,4,5,3,2,2,4,3,4,3,2,2,2,5,6,1,3,5,NA,NA,NA,NA,NA,NA,NA,NA,NA,NA,NA,NA,NA,NA,NA,NA,NA,NA,NA,NA,NA,NA,NA,NA,NA,NA,NA,236923091530906,213,1,214,3.3333333333333335,3,3,4,3.4,3,3.3333333333333335,3.1666666666666665,4,"Higher education (e.g., university degree or higher education diploma)",Man,45,Not religious at all (1),Urban,2000,7.600902459542082,"February 25, 2023"
2023-02-25 12:35:29,2023-02-25 12:46:00,0,100,631,1,2023-02-25 12:46:01,R_2eQGsK3K3upQRnn,anonymous,FR,1,1,NA,25,4,213,2,3,3,1,2,2,2,1,1,2,3,1,1,1,"l'homme a profité de la science, que ce soit au niveau médical ou des innovations technologiques",NA,4,6,1,5,5,5,3,4,4,3,4,4,4,4,4,4,2,5,4,4,4,4,3,5,4,4,4,4,4,4,4,5,4,4,3,4,3,3,2,2,1,2,2,2,1,9,9,9,5,4,2,3,2,2,1,1,3,3,2,3,3,3,3,3,4,2,1,4,4,4,1,4,4,4,4,4,4,4,4,4,4,4,4,60000,3,3,1,2,4,4,4,4,4,4,3,3,3,3,3,3,4,4,4,3,4,4,1,1,1,3,2,6,NA,NA,NA,NA,NA,NA,NA,NA,NA,NA,NA,NA,NA,NA,NA,NA,NA,NA,NA,NA,NA,NA,NA,NA,NA,NA,NA,236923091538992,213,1,215,4,4.333333333333333,4,3.6666666666666665,3.6,4,4,4.166666666666667,4,"Higher education (e.g., university degree or higher education diploma)",Man,25,Not religious at all (1),Urban,60000,11.002099841204238,"February 25, 2023"
2023-02-25 12:47:29,2023-02-25 12:56:50,0,100,560,1,2023-02-25 12:56:50,R_2SD1eIrv53hOlB1,anonymous,FR,1,1,NA,50,4,213,4,4,4,4,4,5,5,5,4,4,4,4,5,5,les médecins pour les dessous de table,NA,2,6,1,5,3,3,3,5,2,2,2,1,2,2,3,5,5,4,4,4,3,3,2,5,3,3,3,4,3,3,2,4,4,5,5,5,4,3,4,4,4,5,4,4,1,10,1,10,1,4,4,4,1,4,4,4,4,4,1,1,2,2,2,2,1,2,1,3,3,3,1,5,5,5,5,5,5,5,5,5,5,5,5,60000,3,2,1,1,3,4,4,4,3,4,3,4,4,4,4,3,3,5,4,4,4,4,1,7,7,7,4,5,NA,NA,NA,NA,NA,NA,NA,NA,NA,NA,NA,NA,NA,NA,NA,NA,NA,NA,NA,NA,NA,NA,NA,NA,NA,NA,NA,236923091155112,213,1,216,3,4.333333333333333,3,2.3333333333333335,2.6,4,3.1666666666666665,3.6666666666666665,4,"Higher education (e.g., university degree or higher education diploma)",Man,50,Not religious at all (1),Rural,60000,11.002099841204238,"February 25, 2023"
2023-02-25 12:39:50,2023-02-25 13:00:33,0,100,1243,1,2023-02-25 13:00:34,R_2CIKyUFgISHG9OW,anonymous,FR,1,0,NA,67,3,213,2,2,1,1,1,1,1,1,2,3,3,1,1,1,NA,le fruit de ses recherches exposé clairement pour le grand public,4,6,1,5,5,5,1,4,4,3,5,4,4,4,4,5,5,5,5,4,4,4,4,4,4,4,3,4,3,4,3,4,4,5,4,4,3,2,2,3,1,2,2,3,1,9,1,9,1,4,4,3,2,3,2,1,3,4,1,1,1,5,2,2,1,5,2,3,3,3,1,4,5,4,5,4,4,5,5,5,5,5,5,53000,2,2,1,1,5,5,5,4,4,4,4,4,4,3,4,4,4,4,4,3,3,3,1,1,1,2,3,6,NA,NA,NA,NA,NA,NA,NA,NA,NA,NA,NA,NA,NA,NA,NA,NA,NA,NA,NA,NA,NA,NA,NA,NA,NA,NA,NA,236923091536111,213,1,218,4,4,3.6666666666666665,3.3333333333333335,4.2,4,3.75,4,3,"Secondary education (e.g., high school)",Woman,67,Not religious at all (1),Rural,53000,10.87804719253426,"February 25, 2023"
2023-02-25 11:45:33,2023-02-25 13:24:23,0,100,5929,1,2023-02-25 13:24:23,R_3lEaooWcCNAM5q6,anonymous,FR,1,1,NA,39,3,213,1,3,4,5,1,1,3,1,2,3,3,3,3,3,NA,Un travailleur hors de toute influence extérieur,2,NA,5,5,1,1,1,4,4,1,5,1,3,5,2,5,5,4,3,2,3,4,3,4,4,4,3,4,4,4,3,3,3,5,3,3,4,4,1,2,1,2,3,2,1,10,1,10,1,3,5,1,5,1,1,1,1,1,2,1,1,5,1,1,1,4,1,3,2,3,4,3,4,4,4,3,3,3,3,3,3,3,3,9500,99,99,1,1,3,3,4,2,2,4,2,2,4,2,3,2,4,4,5,3,4,5,3,3,9,1,3,1,NA,NA,NA,NA,NA,NA,NA,NA,NA,NA,NA,NA,NA,NA,NA,NA,NA,NA,NA,NA,NA,NA,NA,NA,NA,NA,NA,236923091566629,213,1,223,4,3.3333333333333335,3.6666666666666665,3,3.2,4,3.5,3.6666666666666665,3,"Secondary education (e.g., high school)",Man,39,Not religious at all (1),Rural,9500,9.159047077588632,"February 25, 2023"
2023-02-25 13:12:16,2023-02-25 13:29:28,0,100,1032,1,2023-02-25 13:29:29,R_2bVInJNrjTLuKS7,anonymous,FR,1,0,NA,38,3,213,3,4,3,1,2,3,3,2,5,4,5,3,1,1,Les personnes les plus aisées car les recherches coûtent chères,NA,1,6,1,5,5,5,2,3,4,1,5,1,3,3,4,5,4,4,4,4,4,4,3,4,3,4,4,4,4,4,2,4,3,4,2,4,4,3,1,4,1,4,1,2,1,9,3,9,1,4,5,4,2,2,4,4,1,3,1,2,1,4,3,2,4,3,2,3,3,3,1,5,5,3,3,3,5,5,5,1,5,4,5,65000,99,99,1,1,4,4,4,4,1,3,3,3,3,3,3,3,4,4,3,4,1,2,1,6,3,1,1,6,NA,NA,NA,NA,NA,NA,NA,NA,NA,NA,NA,NA,NA,NA,NA,NA,NA,NA,NA,NA,NA,NA,NA,NA,NA,NA,NA,236923091132435,213,1,224,4,4,3.6666666666666665,3,3,4,3.6666666666666665,4,3,"Secondary education (e.g., high school)",Woman,38,Not religious at all (1),Rural,65000,11.082142548877775,"February 25, 2023"
2023-02-25 13:16:58,2023-02-25 13:33:49,0,100,1010,1,2023-02-25 13:33:50,R_2E9TrxFZoZpo9Vu,anonymous,FR,1,1,NA,53,4,213,4,5,3,1,4,1,1,1,1,2,3,5,3,1,Tout le monde,NA,5,6,1,5,4,2,3,4,2,1,3,4,4,4,5,4,2,5,4,3,3,2,3,4,3,4,2,4,3,3,4,5,4,5,5,5,4,2,2,3,3,4,2,4,1,5,9,4,6,4,5,3,3,3,3,3,3,3,3,2,4,3,2,2,1,4,3,2,2,3,2,5,4,3,3,3,5,4,5,4,3,3,5,73000,5,5,2,1,5,4,4,3,3,1,4,3,5,3,2,1,4,3,4,3,3,2,2,1,2,7,7,5,NA,NA,NA,NA,NA,NA,NA,NA,NA,NA,NA,NA,NA,NA,NA,NA,NA,NA,NA,NA,NA,NA,NA,NA,NA,NA,NA,236923091535061,213,1,226,3,3.6666666666666665,3,3,3.8,5,3.1666666666666665,3.3333333333333335,4,"Higher education (e.g., university degree or higher education diploma)",Man,53,(2),Rural,73000,11.198214720130528,"February 25, 2023"
2023-02-25 12:25:53,2023-02-25 13:41:12,0,100,4519,1,2023-02-25 13:41:13,R_21u15X7Zr7KL97W,anonymous,FR,1,1,NA,60,3,213,1,2,1,1,2,1,1,1,2,1,2,1,1,1,"C'est L'état qui bénéficie le plus de la science,  parce que c'est L'état qui demande des résultats aux chercheurs et  qui les paye .",NA,3,4,1,4,4,2,4,5,4,2,4,5,5,1,5,1,1,4,4,5,4,4,2,5,4,5,5,5,5,4,5,5,5,4,2,2,4,3,1,2,1,2,1,3,1,10,10,10,1,5,1,1,5,1,1,1,1,1,1,5,5,1,5,5,5,1,1,3,3,3,3,2,2,2,2,2,1,2,2,2,3,3,2,1263,3,2,4,1,5,5,5,5,5,5,4,4,4,5,4,4,4,4,4,4,4,4,1,1,6,1,2,2,NA,NA,NA,NA,NA,NA,NA,NA,NA,NA,NA,NA,NA,NA,NA,NA,NA,NA,NA,NA,NA,NA,NA,NA,NA,NA,NA,236923091544192,213,1,228,4.333333333333333,5,4.333333333333333,4,3.4,4,4.416666666666667,4.666666666666667,3,"Secondary education (e.g., high school)",Man,60,(4),Rural,1263,7.141245122350491,"February 25, 2023"
2023-02-25 13:22:12,2023-02-25 13:48:46,0,100,1593,1,2023-02-25 13:48:47,R_2dZ60CqmUvSIfqE,anonymous,FR,1,0,NA,38,3,213,1,4,1,1,5,4,4,1,1,1,5,3,1,2,NA,"Ses années dexperience, ses diplômes, les instituts ou autres qui peuvent l'employer, ses découvertes...",3,4,1,4,5,4,1,4,4,2,5,3,3,5,2,5,5,4,3,4,4,4,3,4,4,4,3,5,3,4,2,4,3,4,3,3,2,3,2,4,2,4,2,2,1,5,6,6,1,4,3,5,3,5,5,5,4,5,1,3,2,4,3,3,1,5,1,3,3,3,1,5,5,4,5,3,5,5,5,5,5,3,5,11400,3,3,2,1,4,4,4,4,3,4,4,4,4,4,3,4,4,4,4,4,3,4,1,3,6,4,3,5,NA,NA,NA,NA,NA,NA,NA,NA,NA,NA,NA,NA,NA,NA,NA,NA,NA,NA,NA,NA,NA,NA,NA,NA,NA,NA,NA,236923091124464,213,1,229,4,4.333333333333333,3.6666666666666665,2.6666666666666665,3.6,4,3.6666666666666665,4.166666666666667,3,"Secondary education (e.g., high school)",Woman,38,(2),Rural,11400,9.341368634382587,"February 25, 2023"
2023-02-25 13:06:50,2023-02-25 13:59:47,0,100,3176,1,2023-02-25 13:59:47,R_1jUlszLoygrAEHp,anonymous,FR,1,2,GIRITEKA Arsène,23,4,213,3,2,4,4,2,5,4,3,1,1,1,4,4,2,NA,"L'expérience, pour être scientifique, doit être explicitée sans ambiguïté, ce qui la rend reproductible (sauf exception)",4,4,1,4,4,4,4,4,4,3,4,3,4,4,4,5,4,4,4,4,2,4,4,4,5,4,4,4,4,4,4,5,4,4,4,4,4,3,4,4,4,4,4,5,1,8,8,8,8,3,2,1,1,5,2,4,1,1,4,5,5,5,3,4,3,3,3,3,3,3,2,4,4,3,4,4,5,2,2,2,3,5,1,31200,5,4,4,2,4,4,4,4,4,4,5,4,5,2,4,3,4,4,4,4,5,5,5,6,5,6,6,9,NA,NA,NA,NA,NA,NA,NA,NA,NA,NA,NA,NA,NA,NA,NA,NA,NA,NA,NA,NA,NA,NA,NA,NA,NA,NA,NA,236923091626038,213,1,232,4,4,3.6666666666666665,4,3.8,4,3.9166666666666665,4,4,"Higher education (e.g., university degree or higher education diploma)",Prefer to self-describe,23,(4),Urban,31200,10.348173373797573,"February 25, 2023"
2023-02-25 13:52:10,2023-02-25 14:07:53,0,100,942,1,2023-02-25 14:07:54,R_22xpvjWaVRdkrJh,anonymous,FR,1,0,NA,31,4,213,1,1,1,1,1,1,1,1,1,1,1,1,1,1,Les médecins,NA,1,2,1,5,4,3,3,4,4,2,3,3,3,3,1,1,4,5,5,4,4,3,3,5,4,3,3,5,4,3,1,4,4,4,4,4,4,3,3,2,4,4,4,4,1,10,6,10,6,3,5,2,1,3,1,1,3,3,1,1,3,2,3,1,2,2,1,3,3,3,2,4,4,4,5,4,5,4,4,4,4,4,4,30000,99,99,1,1,5,5,4,3,3,3,4,4,4,4,4,4,4,4,4,3,3,4,1,3,5,5,5,6,NA,NA,NA,NA,NA,NA,NA,NA,NA,NA,NA,NA,NA,NA,NA,NA,NA,NA,NA,NA,NA,NA,NA,NA,NA,NA,NA,236923091641403,213,1,234,3,4.666666666666667,4,2.3333333333333335,2.8,5,3.5,3.8333333333333335,4,"Higher education (e.g., university degree or higher education diploma)",Woman,31,Not religious at all (1),Rural,30000,10.308952660644293,"February 25, 2023"
2023-02-25 14:05:59,2023-02-25 14:12:36,0,100,397,1,2023-02-25 14:12:37,R_3HSoszVBCQ7iHsS,anonymous,FR,1,1,NA,26,4,213,1,6,5,5,5,6,6,5,5,6,6,5,6,1,les intelligences individuelles,NA,5,4,1,5,4,5,5,4,5,5,4,5,4,4,5,4,4,4,5,5,5,5,5,5,5,5,5,5,4,5,5,5,5,5,4,5,5,4,4,5,5,4,5,4,1,9,9,10,9,5,5,5,1,5,1,3,4,5,1,4,5,4,3,3,5,3,3,3,3,3,3,4,4,4,5,5,5,5,5,5,5,5,5,35000,3,3,1,2,5,4,4,4,5,4,4,5,5,5,4,4,5,4,4,4,5,4,4,4,1,5,4,8,NA,NA,NA,NA,NA,NA,NA,NA,NA,NA,NA,NA,NA,NA,NA,NA,NA,NA,NA,NA,NA,NA,NA,NA,NA,NA,NA,236923091050594,213,1,236,5,5,4.666666666666667,5,4.4,5,4.916666666666667,5,4,"Higher education (e.g., university degree or higher education diploma)",Man,26,Not religious at all (1),Urban,35000,10.46310334047155,"February 25, 2023"
2023-02-25 14:34:12,2023-02-25 14:45:00,0,100,648,1,2023-02-25 14:45:01,R_1H7uEMyuKkAkDj2,anonymous,FR,1,0,NA,66,3,213,2,2,1,1,3,1,1,1,1,1,1,1,1,1,NA,ses compétences et réalisations,5,6,1,5,5,5,2,2,2,1,3,3,4,3,4,4,5,5,4,4,4,4,3,4,3,4,4,4,4,3,2,3,3,3,3,3,5,2,2,3,3,3,3,3,1,10,10,10,1,4,5,1,1,2,1,1,1,1,1,1,1,1,1,1,1,5,3,3,3,3,2,5,5,5,5,5,5,5,5,5,5,5,5,22000,2,2,1,2,5,4,4,4,3,3,3,3,3,3,3,3,3,4,3,4,4,4,1,3,6,1,4,5,NA,NA,NA,NA,NA,NA,NA,NA,NA,NA,NA,NA,NA,NA,NA,NA,NA,NA,NA,NA,NA,NA,NA,NA,NA,NA,NA,236850617170953,213,1,237,3.6666666666666665,4,3.6666666666666665,3,3.8,4,3.5833333333333335,3.8333333333333335,3,"Secondary education (e.g., high school)",Woman,66,Not religious at all (1),Urban,22000,9.998797732340453,"February 25, 2023"
2023-02-25 14:26:36,2023-02-25 14:52:14,0,100,1538,1,2023-02-25 14:52:15,R_3lsEs06xK9pMu2K,anonymous,FR,1,1,NA,47,4,213,6,4,6,1,6,6,6,1,3,4,4,1,1,1,NA,La provenance des sources,5,6,1,5,5,5,2,3,2,3,4,5,2,5,4,5,5,5,3,4,4,4,4,4,4,4,4,4,4,4,4,5,4,5,5,5,5,4,4,2,2,3,3,5,1,1,7,10,1,3,5,1,4,3,4,1,3,2,2,3,2,2,2,2,3,3,1,3,3,3,2,4,4,4,3,4,4,4,4,4,4,4,4,60000,3,1,1,2,4,4,5,4,3,4,5,5,5,5,5,5,4,4,4,4,3,3,1,1,1,4,4,7,NA,NA,NA,NA,NA,NA,NA,NA,NA,NA,NA,NA,NA,NA,NA,NA,NA,NA,NA,NA,NA,NA,NA,NA,NA,NA,NA,236923091577051,213,1,240,4,4,4,4,4.2,5,4,4,4,"Higher education (e.g., university degree or higher education diploma)",Man,47,Not religious at all (1),Urban,60000,11.002099841204238,"February 25, 2023"
2023-02-25 14:46:33,2023-02-25 14:59:05,0,100,752,1,2023-02-25 14:59:06,R_10AcJfBH46mmCgG,anonymous,FR,1,1,NA,51,4,213,1,7,5,1,1,1,1,2,1,2,2,1,1,1,NA,son parcours et la reconnaissance de ses pairs,4,6,1,5,2,1,1,3,3,1,3,3,3,3,3,5,5,3,3,3,3,4,3,3,3,3,3,3,3,3,3,4,3,4,4,4,3,2,3,3,3,3,4,3,1,10,2,9,1,2,3,3,3,3,3,3,3,3,3,3,3,3,3,3,3,3,1,3,1,3,1,3,3,3,3,3,3,3,3,3,3,3,3,50000,99,99,5,2,3,3,3,3,3,3,3,3,3,3,3,3,3,3,3,3,3,3,3,4,5,1,7,4,NA,NA,NA,NA,NA,NA,NA,NA,NA,NA,NA,NA,NA,NA,NA,NA,NA,NA,NA,NA,NA,NA,NA,NA,NA,NA,NA,236923091568701,213,1,242,3.3333333333333335,3,3,3,3.4,4,3.0833333333333335,3.1666666666666665,4,"Higher education (e.g., university degree or higher education diploma)",Man,51,Very strongly religious (5),Urban,50000,10.819778284410283,"February 25, 2023"
2023-02-25 14:28:57,2023-02-25 14:59:11,0,100,1813,1,2023-02-25 14:59:11,R_PHhbYA9DFYlJlgB,anonymous,FR,1,1,NA,55,4,213,5,3,4,1,4,1,1,1,2,1,5,1,1,1,"Les populations, la planète.",NA,4,1,6,5,4,5,5,4,5,3,5,4,3,4,5,5,2,4,4,5,4,4,3,4,4,5,2,5,4,5,2,5,4,5,5,5,4,3,2,4,5,5,4,2,1,10,10,10,1,5,1,4,4,5,4,2,4,4,1,2,1,5,3,4,5,4,2,3,3,3,4,5,5,5,5,5,5,5,5,5,5,5,5,48000,2,5,3,1,5,5,4,5,3,4,5,5,5,5,4,5,4,5,5,4,4,3,1,3,6,6,7,9,NA,NA,NA,NA,NA,NA,NA,NA,NA,NA,NA,NA,NA,NA,NA,NA,NA,NA,NA,NA,NA,NA,NA,NA,NA,NA,NA,236850617189521,213,1,243,4.666666666666667,4.666666666666667,4,2.3333333333333335,3.6,4,3.9166666666666665,4.666666666666667,4,"Higher education (e.g., university degree or higher education diploma)",Man,55,(3),Rural,48000,10.778956289890028,"February 25, 2023"
2023-02-25 12:21:59,2023-02-25 15:17:02,0,100,10503,1,2023-02-25 15:17:03,R_3q7PKgBpXPmM0fY,anonymous,FR,1,0,NA,30,3,213,4,5,4,5,5,2,4,4,1,5,5,2,1,1,NA,"Être honnête et dire la vérité sur ces recherches. Quels soient bonnes ou mauvaises, car nous sommes en droit de savoir se que nous prenons comme médicaments ou injections.",5,4,1,5,4,4,2,4,3,2,4,3,4,1,2,5,5,5,3,3,3,4,4,4,2,4,2,4,2,2,4,5,3,4,1,5,3,2,3,3,5,2,1,4,1,1,10,9,1,4,4,2,3,3,4,3,3,3,2,3,3,2,3,4,3,3,2,3,3,3,2,5,5,3,5,5,3,4,4,3,4,3,3,30000,3,3,4,1,4,3,3,3,4,2,4,5,4,3,4,4,3,2,4,3,4,5,3,4,2,5,5,8,NA,NA,NA,NA,NA,NA,NA,NA,NA,NA,NA,NA,NA,NA,NA,NA,NA,NA,NA,NA,NA,NA,NA,NA,NA,NA,NA,236923091208379,213,1,246,3.3333333333333335,3.6666666666666665,2.3333333333333335,3.3333333333333335,3,3,3.1666666666666665,3.5,3,"Secondary education (e.g., high school)",Woman,30,(4),Rural,30000,10.308952660644293,"February 25, 2023"
2023-02-25 14:47:04,2023-02-25 15:17:29,0,100,1825,1,2023-02-25 15:17:30,R_2q32TUtjhLpy6JE,anonymous,FR,1,1,NA,27,3,213,1,1,1,1,3,1,1,1,1,1,2,2,1,1,Sciences fictions avenir du futur,NA,1,2,4,5,5,5,1,5,5,5,5,3,3,3,3,5,3,5,5,2,2,4,3,4,3,3,2,3,4,1,2,1,4,3,3,3,3,2,3,2,5,3,5,3,1,1,10,1,1,1,2,3,3,3,1,1,3,4,4,1,1,5,2,1,2,4,1,3,3,3,1,4,4,4,4,4,4,5,5,5,5,5,5,900,99,99,3,2,3,3,4,3,1,2,2,3,3,3,2,2,3,2,3,3,2,3,5,4,8,1,7,7,NA,NA,NA,NA,NA,NA,NA,NA,NA,NA,NA,NA,NA,NA,NA,NA,NA,NA,NA,NA,NA,NA,NA,NA,NA,NA,NA,236923091657853,213,1,247,2.6666666666666665,3,3,2.3333333333333335,3,3,2.75,2.8333333333333335,3,"Secondary education (e.g., high school)",Man,27,(3),Urban,900,6.802394763324311,"February 25, 2023"
2023-02-25 14:52:45,2023-02-25 15:18:20,0,100,1534,1,2023-02-25 15:18:20,R_b1J34OUZPBgeoF3,anonymous,FR,1,0,NA,50,3,213,3,3,3,3,3,2,3,1,2,2,3,1,2,1,NA,Les résultats de ces essais.  Sa déontologie,3,2,1,5,5,3,3,3,3,1,4,3,3,3,3,5,5,4,3,4,3,3,3,5,3,3,2,4,3,3,3,3,3,5,4,4,3,3,4,4,4,3,5,5,1,6,5,6,2,3,2,1,4,3,2,2,2,1,1,2,3,3,2,2,2,2,2,3,2,3,1,4,3,4,3,3,4,3,4,4,3,3,3,16000,3,3,1,1,3,4,3,3,2,3,4,4,4,3,2,3,4,4,4,3,4,3,4,7,5,6,4,7,NA,NA,NA,NA,NA,NA,NA,NA,NA,NA,NA,NA,NA,NA,NA,NA,NA,NA,NA,NA,NA,NA,NA,NA,NA,NA,NA,236923091205260,213,1,248,3,4.333333333333333,3,2.6666666666666665,3.4,3,3.25,3.6666666666666665,3,"Secondary education (e.g., high school)",Woman,50,Not religious at all (1),Rural,16000,9.680344001221918,"February 25, 2023"
2023-02-25 15:29:11,2023-02-25 15:36:06,0,100,414,1,2023-02-25 15:36:06,R_2CsurnNU9cOCOMj,anonymous,FR,1,0,NA,20,4,213,6,2,4,2,3,4,1,2,3,1,4,6,5,5,Je ne sais pas du tout,NA,3,5,4,3,4,5,5,4,3,4,5,3,4,2,3,5,2,4,4,4,2,1,4,2,1,4,4,4,4,5,2,4,5,2,3,3,2,2,5,5,4,2,3,4,1,7,1,6,4,4,2,2,3,3,5,5,4,5,3,3,3,1,5,3,4,2,4,1,2,4,4,2,4,2,3,3,3,3,2,1,1,5,5,12000,5,3,1,2,1,4,2,5,3,4,3,5,5,1,4,2,2,5,1,5,5,1,7,4,6,4,5,4,NA,NA,NA,NA,NA,NA,NA,NA,NA,NA,NA,NA,NA,NA,NA,NA,NA,NA,NA,NA,NA,NA,NA,NA,NA,NA,NA,236850617250860,213,1,251,3.3333333333333335,3.3333333333333335,2.3333333333333335,3.3333333333333335,2.8,2,3.0833333333333335,3.3333333333333335,4,"Higher education (e.g., university degree or higher education diploma)",Woman,20,Not religious at all (1),Urban,12000,9.392661928770137,"February 25, 2023"
2023-02-25 15:13:22,2023-02-25 15:55:03,0,100,2501,1,2023-02-25 15:55:04,R_1q3W2tv509m5ymP,anonymous,FR,1,2,Non binaire,27,4,213,2,2,6,6,4,2,5,2,2,4,5,2,3,1,NA,"La rigueur, le sérieux, son humanité.",4,4,1,5,4,5,1,5,3,2,5,4,4,4,4,5,2,5,4,4,4,3,4,4,3,4,3,4,3,4,3,3,3,4,4,3,3,1,3,4,1,3,1,1,1,10,1,10,1,4,4,5,4,5,3,1,5,5,1,2,1,5,3,2,3,4,1,3,3,3,2,5,5,5,5,5,5,5,5,5,5,5,5,17000,1,1,1,2,4,4,5,5,4,2,3,4,4,5,2,2,3,4,4,4,2,2,1,2,8,7,5,6,NA,NA,NA,NA,NA,NA,NA,NA,NA,NA,NA,NA,NA,NA,NA,NA,NA,NA,NA,NA,NA,NA,NA,NA,NA,NA,NA,236923091657854,213,1,253,3.6666666666666665,4,3.3333333333333335,3.3333333333333335,3.6,5,3.5833333333333335,3.8333333333333335,4,"Higher education (e.g., university degree or higher education diploma)",Prefer to self-describe,27,Not religious at all (1),Urban,17000,9.740968623038354,"February 25, 2023"
2023-02-25 16:02:01,2023-02-25 16:06:57,0,100,296,1,2023-02-25 16:06:58,R_23fPTnEs5TMLO8E,anonymous,FR,1,1,NA,26,4,213,6,3,5,4,6,5,3,5,4,6,4,4,3,6,Les médias,NA,4,4,4,4,2,4,3,2,4,4,3,3,4,2,2,5,4,3,2,4,3,4,3,2,4,3,2,4,2,3,3,4,4,4,2,3,4,2,3,4,2,4,2,5,1,7,7,5,4,4,4,3,3,2,3,3,2,4,4,2,4,4,2,3,4,5,2,1,3,3,2,2,4,3,1,4,4,2,4,3,2,4,4,4500,4,3,4,2,2,3,3,4,3,4,2,4,4,4,2,3,2,4,4,4,2,3,6,5,6,6,4,7,NA,NA,NA,NA,NA,NA,NA,NA,NA,NA,NA,NA,NA,NA,NA,NA,NA,NA,NA,NA,NA,NA,NA,NA,NA,NA,NA,236850617489539,213,1,255,3.3333333333333335,3.3333333333333335,3,2.6666666666666665,3,4,3.0833333333333335,3.3333333333333335,4,"Higher education (e.g., university degree or higher education diploma)",Man,26,(4),Urban,4500,8.411832675758411,"February 25, 2023"
2023-02-25 15:48:05,2023-02-25 16:12:44,0,100,1479,1,2023-02-25 16:12:44,R_3I0J9kB7R0RoJQI,anonymous,FR,1,1,NA,30,3,213,4,5,5,5,4,3,6,6,3,6,5,5,5,5,NA,Le travail qu'il ou elle fournis,3,4,1,5,5,5,3,5,5,5,5,4,5,4,5,4,3,3,5,4,4,5,4,5,4,5,4,5,4,5,5,4,5,5,5,5,5,1,1,2,3,3,3,2,1,7,5,8,2,4,1,3,1,1,2,1,2,3,1,2,3,4,1,2,3,5,2,3,3,3,1,5,5,3,5,5,5,5,5,5,5,5,5,7500,5,5,3,2,4,3,4,4,4,3,4,3,3,3,4,3,4,3,3,3,4,3,1,1,9,1,1,6,NA,NA,NA,NA,NA,NA,NA,NA,NA,NA,NA,NA,NA,NA,NA,NA,NA,NA,NA,NA,NA,NA,NA,NA,NA,NA,NA,236923091594243,213,1,256,5,4.666666666666667,4,4.333333333333333,4.2,4,4.5,4.833333333333333,3,"Secondary education (e.g., high school)",Man,30,(3),Urban,7500,8.922658299524402,"February 25, 2023"
2023-02-25 16:12:36,2023-02-25 16:33:16,0,100,1239,1,2023-02-25 16:33:17,R_2WBW7zolO2VbEn1,anonymous,FR,1,0,NA,39,4,213,1,5,5,5,3,2,6,1,2,4,6,6,3,1,NA,"Il s'agit d'un scientifique qui raisonne avec méthode, précision et objectivité. Il doit être capable de formuler des hypothèses et dérouler une démonstration rationnelle pour les confirmer ou pas.  Il doit aussi être capable de prendre suffisamment de recul et reconnaitre qu'il y a des paramètres qu'il ne maîtrise pas.",5,2,1,5,5,5,3,5,5,3,3,4,5,5,2,4,5,5,3,4,2,3,3,4,3,3,2,4,2,3,2,3,2,4,1,4,2,1,3,5,3,3,2,3,1,9,9,3,1,2,5,4,1,4,1,1,4,5,1,1,1,5,1,1,1,1,4,3,2,3,1,5,5,1,5,1,5,5,5,5,5,3,5,40000,4,4,1,2,4,4,4,4,4,4,4,4,4,4,4,4,4,4,4,3,2,2,4,7,9,2,7,5,NA,NA,NA,NA,NA,NA,NA,NA,NA,NA,NA,NA,NA,NA,NA,NA,NA,NA,NA,NA,NA,NA,NA,NA,NA,NA,NA,236850617504920,213,1,260,3,4,2.3333333333333335,2.3333333333333335,4.2,4,2.9166666666666665,3.5,4,"Higher education (e.g., university degree or higher education diploma)",Woman,39,Not religious at all (1),Urban,40000,10.596634733096073,"February 25, 2023"
2023-02-25 14:56:50,2023-02-25 16:36:25,0,100,5975,1,2023-02-25 16:36:26,R_xDgXXjS9z1niYr7,anonymous,FR,1,0,NA,65,4,213,3,2,NA,NA,NA,NA,NA,NA,NA,NA,5,1,1,1,"La médecine, et les malades .",NA,5,6,1,5,5,3,1,5,3,3,3,3,3,3,3,3,1,3,4,4,3,4,3,4,4,4,2,4,4,4,3,5,4,5,3,3,2,1,3,4,3,3,1,3,1,1,3,1,4,2,5,5,1,5,2,3,5,5,1,3,3,4,3,2,2,4,3,3,3,3,1,5,5,5,4,5,5,5,5,5,4,5,5,0,3,1,1,1,3,NA,NA,NA,NA,NA,3,NA,NA,NA,NA,NA,3,NA,3,NA,NA,3,1,1,9,7,7,2,NA,NA,NA,NA,NA,NA,NA,NA,NA,NA,NA,NA,NA,NA,NA,NA,NA,NA,NA,NA,NA,NA,NA,NA,NA,NA,NA,236850617170958,213,1,261,4,4,3.6666666666666665,2.6666666666666665,2.6,3,3.5833333333333335,4,4,"Higher education (e.g., university degree or higher education diploma)",Woman,65,Not religious at all (1),Rural,0,-Inf,"February 25, 2023"
2023-02-25 16:30:34,2023-02-25 16:46:20,0,100,945,1,2023-02-25 16:46:20,R_2XgGIvuSKUCEqtc,anonymous,FR,1,1,NA,39,3,213,1,3,2,1,2,1,1,1,1,1,4,1,1,1,NA,la reussite,4,4,1,5,5,5,4,3,3,2,4,4,4,4,5,5,3,4,5,4,3,4,3,5,4,4,3,5,4,3,4,5,4,4,3,4,3,3,4,4,5,5,4,5,1,10,5,9,6,4,5,4,2,5,4,4,3,5,1,3,3,3,3,3,3,3,3,3,3,3,2,5,5,5,5,5,5,5,5,5,5,5,5,550,4,2,3,2,4,4,4,4,3,4,4,4,3,4,3,4,4,4,4,3,3,3,1,3,7,6,5,5,NA,NA,NA,NA,NA,NA,NA,NA,NA,NA,NA,NA,NA,NA,NA,NA,NA,NA,NA,NA,NA,NA,NA,NA,NA,NA,NA,236591981814946,213,1,263,3.6666666666666665,4.666666666666667,3.6666666666666665,3.3333333333333335,4,4,3.8333333333333335,4.166666666666667,3,"Secondary education (e.g., high school)",Man,39,(3),Urban,550,6.309918278226516,"February 25, 2023"
2023-02-25 16:31:03,2023-02-25 16:52:13,0,100,1269,1,2023-02-25 16:52:13,R_2lshAO9qnee3je9,anonymous,FR,1,1,NA,48,4,213,6,5,6,5,4,4,5,4,3,3,5,3,1,1,Les classes sociales moyennes ou élevées.,NA,5,4,1,5,5,5,2,5,5,3,3,5,1,3,5,5,5,5,3,4,3,4,3,4,3,3,3,4,3,3,3,3,3,3,3,3,1,1,3,3,1,3,1,1,1,7,8,8,1,5,3,2,3,5,4,1,3,3,1,3,3,3,3,3,3,1,3,3,3,3,2,3,5,3,4,4,4,4,5,3,4,4,4,60000,99,99,1,2,5,5,5,5,3,5,5,5,5,5,5,5,5,5,5,4,4,3,1,1,5,1,1,5,NA,NA,NA,NA,NA,NA,NA,NA,NA,NA,NA,NA,NA,NA,NA,NA,NA,NA,NA,NA,NA,NA,NA,NA,NA,NA,NA,236923091659936,213,1,266,3.3333333333333335,4,3,3,3.8,4,3.3333333333333335,3.6666666666666665,4,"Higher education (e.g., university degree or higher education diploma)",Man,48,Not religious at all (1),Urban,60000,11.002099841204238,"February 25, 2023"
2023-02-25 16:45:12,2023-02-25 16:53:09,0,100,476,1,2023-02-25 16:53:10,R_3FKvZ2tYVH1mwaM,anonymous,FR,1,1,NA,35,4,213,6,5,4,6,6,5,4,3,3,6,7,5,4,5,Tous les humains pour le progrès l'agencement et connaissance vers le futur,NA,4,4,1,3,3,4,3,4,3,4,4,4,4,4,4,4,4,4,4,3,4,5,3,4,5,4,3,4,4,3,5,4,4,4,4,4,4,4,4,4,4,4,4,4,1,5,7,4,5,4,4,3,3,3,3,3,3,3,5,4,3,2,4,4,5,5,3,3,3,3,3,4,4,4,3,3,3,3,4,4,3,4,3,23000,3,3,3,1,4,4,3,4,4,4,4,4,4,4,3,4,4,4,4,4,4,4,5,6,6,5,4,9,NA,NA,NA,NA,NA,NA,NA,NA,NA,NA,NA,NA,NA,NA,NA,NA,NA,NA,NA,NA,NA,NA,NA,NA,NA,NA,NA,236923091065002,213,1,267,4,3.6666666666666665,4.333333333333333,3.6666666666666665,4,3,3.9166666666666665,3.8333333333333335,4,"Higher education (e.g., university degree or higher education diploma)",Man,35,(3),Rural,23000,10.043249494911286,"February 25, 2023"
2023-02-25 13:31:04,2023-02-25 17:04:43,0,100,12818,1,2023-02-25 17:04:43,R_1gtiayIg3Z5kylf,anonymous,FR,1,0,NA,35,3,213,1,1,1,1,1,1,1,1,1,1,4,1,1,1,Ceux qui bénéficie le plus de la science sont les personnes malades évidemment mais aussi l’état car à travers les recherches il y a des bénéfices sur les médicaments qui enfantent des taxes pour l’état.,NA,5,4,4,5,3,3,3,5,1,3,4,3,2,1,2,5,4,4,3,4,3,3,3,3,3,3,3,3,3,3,3,3,3,5,5,5,1,1,5,3,3,3,4,4,1,10,4,10,1,4,5,5,2,4,3,1,1,5,1,5,2,2,3,4,3,2,1,2,3,3,3,5,5,5,5,5,5,5,5,5,5,5,5,4500,3,3,5,2,4,4,3,4,2,3,5,5,5,5,5,5,4,4,4,4,4,4,3,5,7,6,6,4,NA,NA,NA,NA,NA,NA,NA,NA,NA,NA,NA,NA,NA,NA,NA,NA,NA,NA,NA,NA,NA,NA,NA,NA,NA,NA,NA,236923091650796,213,1,269,3,3.3333333333333335,3,3,2.4,4,3.0833333333333335,3.1666666666666665,3,"Secondary education (e.g., high school)",Woman,35,Very strongly religious (5),Urban,4500,8.411832675758411,"February 25, 2023"
2023-02-25 10:04:25,2023-02-25 17:09:18,0,100,25493,1,2023-02-25 17:09:19,R_31aUIKwm7ppewzu,anonymous,FR,1,1,NA,52,3,213,3,5,4,1,4,1,1,1,3,4,5,1,1,1,NA,des écries certifié,4,4,3,4,5,4,3,4,5,2,4,3,4,3,3,5,4,5,4,4,4,3,3,4,4,4,2,4,3,3,4,5,3,3,4,3,4,2,4,2,3,2,3,3,1,10,3,10,1,3,2,2,4,1,1,1,2,2,1,1,4,2,2,1,1,4,1,3,2,3,1,5,5,5,5,4,5,5,5,5,5,5,5,32000,4,2,1,1,4,4,4,4,3,3,3,4,4,4,4,3,3,3,3,3,3,3,1,1,2,1,5,5,NA,NA,NA,NA,NA,NA,NA,NA,NA,NA,NA,NA,NA,NA,NA,NA,NA,NA,NA,NA,NA,NA,NA,NA,NA,NA,NA,236923091115194,213,1,270,3.3333333333333335,4,3.6666666666666665,3,3.4,5,3.5,3.6666666666666665,3,"Secondary education (e.g., high school)",Man,52,Not religious at all (1),Rural,32000,10.373491181781864,"February 25, 2023"
2023-02-25 16:58:35,2023-02-25 17:20:46,0,100,1331,1,2023-02-25 17:20:47,R_3lPL5fEpN8mB7OR,anonymous,FR,1,1,NA,62,3,213,4,4,3,1,3,3,1,1,2,3,4,1,1,1,Les industriels pour améliorer leurs produits et limiter les impacts environnementaux,NA,2,6,1,5,5,4,3,4,4,4,4,5,5,3,5,4,3,5,5,4,4,3,3,4,3,4,4,4,4,4,3,4,4,4,3,4,3,2,2,3,3,3,1,2,1,9,9,9,2,4,2,2,1,3,3,4,1,4,1,3,1,2,2,2,2,4,2,3,3,3,2,5,5,5,5,5,5,5,5,5,5,5,5,60000,1,99,1,1,4,4,4,4,3,3,4,4,4,4,4,4,4,4,4,4,3,3,1,1,8,2,4,7,NA,NA,NA,NA,NA,NA,NA,NA,NA,NA,NA,NA,NA,NA,NA,NA,NA,NA,NA,NA,NA,NA,NA,NA,NA,NA,NA,236923091537149,213,1,273,3.6666666666666665,4,3.6666666666666665,3.3333333333333335,4.2,5,3.6666666666666665,3.8333333333333335,3,"Secondary education (e.g., high school)",Man,62,Not religious at all (1),Rural,60000,11.002099841204238,"February 25, 2023"
2023-02-25 17:01:48,2023-02-25 17:24:57,0,100,1388,1,2023-02-25 17:24:57,R_cvGBMJwno5BPo2d,anonymous,FR,1,1,NA,66,3,213,5,5,5,1,1,1,1,1,1,1,6,1,1,1,NA,Le sérieux de ses propos et son impartialité,5,5,3,3,2,1,2,5,5,3,1,3,3,3,5,5,3,5,4,4,4,3,2,4,4,4,4,5,4,3,1,3,4,5,5,5,2,1,3,1,1,1,1,1,1,10,1,7,1,5,5,1,1,3,1,1,1,4,1,5,5,1,3,3,4,3,1,3,2,3,1,5,5,5,5,5,5,5,5,5,5,5,5,25000,5,5,3,2,5,5,4,5,3,3,4,4,5,4,2,4,4,5,5,4,3,3,1,1,9,5,1,5,NA,NA,NA,NA,NA,NA,NA,NA,NA,NA,NA,NA,NA,NA,NA,NA,NA,NA,NA,NA,NA,NA,NA,NA,NA,NA,NA,236923091534025,213,1,275,3.3333333333333335,4.333333333333333,4,2.3333333333333335,3.4,5,3.5,3.8333333333333335,3,"Secondary education (e.g., high school)",Man,66,(3),Urban,25000,10.126631103850338,"February 25, 2023"
2023-02-25 17:14:37,2023-02-25 17:31:48,0,100,1030,1,2023-02-25 17:31:48,R_1DMziZgd4EwFaF6,anonymous,FR,1,1,NA,69,3,213,4,5,5,5,4,3,5,3,2,2,3,1,1,1,NA,Le fait que ces découvertes s'appuient sur des recherches ou des faits facilement vérifiables pouvant faire l'objet de vérification par d'autre scientifique.,4,6,1,4,5,5,1,3,3,1,5,5,4,4,5,5,5,5,5,4,3,3,3,4,2,3,2,4,3,2,2,4,3,4,1,3,3,4,2,5,5,5,1,5,1,10,5,10,1,4,5,1,3,1,1,1,1,1,1,1,1,5,1,1,1,1,1,2,1,4,1,3,5,4,4,3,5,4,5,4,4,4,4,32000,3,3,2,1,4,4,4,4,2,3,4,4,4,3,2,4,4,4,4,4,2,3,1,4,6,5,5,4,NA,NA,NA,NA,NA,NA,NA,NA,NA,NA,NA,NA,NA,NA,NA,NA,NA,NA,NA,NA,NA,NA,NA,NA,NA,NA,NA,236923091015784,213,1,277,2.6666666666666665,4,2.6666666666666665,2.3333333333333335,4.6,4,2.9166666666666665,3.3333333333333335,3,"Secondary education (e.g., high school)",Man,69,(2),Rural,32000,10.373491181781864,"February 25, 2023"
2023-02-25 15:45:54,2023-02-25 17:46:00,0,100,7205,1,2023-02-25 17:46:00,R_AH9STv7M6vkmyZ3,anonymous,FR,1,1,NA,66,3,213,3,3,1,1,3,1,1,3,3,3,5,1,1,3,"Bonjour, ceux qui bénéficient le plus de la science c’est la médecine, la recherche et encore ! ? Trop peu.",NA,1,6,1,5,5,5,4,5,5,5,5,5,5,5,5,5,5,5,5,5,5,5,5,5,5,5,5,5,5,5,5,5,5,5,5,5,3,3,1,1,1,4,1,1,1,10,10,10,10,5,5,5,3,5,1,5,1,5,1,1,1,5,1,1,1,5,3,3,3,3,3,5,5,5,5,5,5,5,5,5,5,5,5,39999,3,3,3,2,5,5,5,5,5,5,5,5,5,5,5,5,5,5,5,5,5,5,1,1,9,1,1,4,NA,NA,NA,NA,NA,NA,NA,NA,NA,NA,NA,NA,NA,NA,NA,NA,NA,NA,NA,NA,NA,NA,NA,NA,NA,NA,NA,236923091069121,213,1,280,5,5,5,5,5,5,5,5,3,"Secondary education (e.g., high school)",Man,66,(3),Urban,39999,10.596609732783568,"February 25, 2023"
2023-02-25 17:34:08,2023-02-25 17:51:47,0,100,1058,1,2023-02-25 17:51:47,R_3MANR8cHGZHrmh1,anonymous,FR,1,1,NA,26,4,213,3,3,4,4,4,3,5,1,3,2,5,4,3,1,"Les ultra riche, car il finance les recherches pour leurs propre intérêt",NA,2,4,1,5,5,5,1,2,5,1,5,3,2,3,4,5,4,4,3,4,3,3,3,5,3,3,2,4,4,3,4,3,2,5,5,4,3,1,4,5,4,2,3,3,1,9,1,7,1,2,3,3,2,5,1,1,5,4,3,1,1,5,1,1,1,5,1,2,2,3,1,5,5,5,5,5,5,5,5,5,5,5,5,21000,99,99,1,2,2,2,2,2,3,2,3,3,3,3,3,3,4,4,4,4,4,4,6,7,9,7,4,2,NA,NA,NA,NA,NA,NA,NA,NA,NA,NA,NA,NA,NA,NA,NA,NA,NA,NA,NA,NA,NA,NA,NA,NA,NA,NA,NA,236850617201907,213,1,281,3,4.333333333333333,3.3333333333333335,3,3.2,3,3.4166666666666665,3.6666666666666665,4,"Higher education (e.g., university degree or higher education diploma)",Man,26,Not religious at all (1),Urban,21000,9.95227771670556,"February 25, 2023"
2023-02-25 17:51:31,2023-02-25 18:16:31,0,100,1500,1,2023-02-25 18:16:32,R_1E7q1DWEGfFD5DV,anonymous,FR,1,0,NA,54,4,213,5,6,4,4,4,2,5,2,2,4,6,4,2,1,NA,un scientifique doit être convainquant et convaincu. ses arguments doivent être clairs et répétés..,4,4,1,5,4,2,2,5,4,3,4,4,2,2,4,4,5,5,4,4,3,4,3,4,4,3,2,4,4,4,3,5,3,3,3,3,4,3,2,2,1,1,2,1,1,7,5,5,2,4,4,4,2,3,2,3,1,4,1,3,2,2,3,2,3,3,2,3,2,3,1,4,4,3,4,3,4,4,4,3,4,3,4,30000,99,2,1,1,4,4,4,3,3,3,4,4,4,4,4,4,4,4,4,4,4,4,1,1,6,4,2,6,NA,NA,NA,NA,NA,NA,NA,NA,NA,NA,NA,NA,NA,NA,NA,NA,NA,NA,NA,NA,NA,NA,NA,NA,NA,NA,NA,236923091021958,213,1,283,3.6666666666666665,4,3.6666666666666665,2.6666666666666665,3.4,4,3.5,3.8333333333333335,4,"Higher education (e.g., university degree or higher education diploma)",Woman,54,Not religious at all (1),Rural,30000,10.308952660644293,"February 25, 2023"
2023-02-25 18:11:03,2023-02-25 18:23:30,0,100,746,1,2023-02-25 18:23:30,R_2rpxpqnjvFs59G2,anonymous,FR,1,1,NA,28,4,213,1,5,1,1,1,1,6,1,1,4,3,1,1,1,Les personnes les plus riches car ils peuvent se le permettre,NA,3,4,1,4,5,5,1,4,2,1,4,5,5,4,2,5,5,4,2,4,4,2,4,4,3,3,2,4,3,2,2,4,4,4,3,4,4,2,4,4,4,1,3,3,1,8,2,9,1,2,2,4,1,4,2,4,3,3,1,1,1,4,1,1,1,4,2,3,3,3,2,4,4,3,4,4,4,5,5,5,5,5,5,42000,3,2,1,2,4,4,4,4,3,2,5,5,5,2,3,2,4,4,4,3,3,2,1,2,1,1,2,6,NA,NA,NA,NA,NA,NA,NA,NA,NA,NA,NA,NA,NA,NA,NA,NA,NA,NA,NA,NA,NA,NA,NA,NA,NA,NA,NA,236923091541068,213,1,285,2.3333333333333335,4,3.3333333333333335,2.6666666666666665,4.2,3,3.0833333333333335,3.1666666666666665,4,"Higher education (e.g., university degree or higher education diploma)",Man,28,Not religious at all (1),Urban,42000,10.645424897265505,"February 25, 2023"
2023-02-25 18:34:11,2023-02-25 19:04:08,0,100,1796,1,2023-02-25 19:04:08,R_25MjOwgzMNzDoiv,anonymous,FR,1,0,NA,40,3,213,1,3,1,3,6,1,1,2,1,1,1,1,1,1,NA,son serieux et non corrompu,4,4,1,4,4,4,4,4,4,4,4,2,3,3,4,3,3,5,3,3,3,3,3,4,3,3,3,3,3,3,3,3,3,4,3,2,3,3,3,3,2,4,3,2,1,6,7,4,5,3,4,3,3,3,3,3,3,3,4,3,3,3,3,5,3,4,3,3,3,3,3,5,5,5,5,5,5,5,5,5,5,5,5,31000,99,99,1,1,2,3,2,2,2,2,2,2,2,2,2,2,2,3,2,3,2,2,1,2,5,4,4,1,NA,NA,NA,NA,NA,NA,NA,NA,NA,NA,NA,NA,NA,NA,NA,NA,NA,NA,NA,NA,NA,NA,NA,NA,NA,NA,NA,236850617482261,213,1,287,3,3.3333333333333335,3,3,3,4,3.0833333333333335,3.1666666666666665,3,"Secondary education (e.g., high school)",Woman,40,Not religious at all (1),Rural,31000,10.341742483467284,"February 25, 2023"
2023-02-25 19:19:13,2023-02-25 19:41:58,0,100,1365,1,2023-02-25 19:41:58,R_1psdf2nXk985Scm,anonymous,FR,1,0,NA,65,3,213,5,2,5,4,4,1,2,1,1,2,2,1,1,1,NA,NA,3,5,6,5,4,4,4,3,3,3,3,4,3,4,3,4,3,4,4,3,3,3,3,4,3,4,3,3,3,3,3,3,3,3,3,3,3,2,2,2,3,3,3,2,1,4,9,6,2,2,3,2,3,2,1,1,1,3,1,4,4,2,3,3,4,2,1,3,3,3,1,4,4,4,3,3,4,4,4,4,3,3,4,40000,99,99,1,2,3,3,3,3,3,3,3,3,3,3,3,3,3,3,3,3,3,3,3,3,6,4,4,4,NA,NA,NA,NA,NA,NA,NA,NA,NA,NA,NA,NA,NA,NA,NA,NA,NA,NA,NA,NA,NA,NA,NA,NA,NA,NA,NA,236923091047510,213,1,290,3.3333333333333335,3.3333333333333335,3,3,3.4,5,3.1666666666666665,3.3333333333333335,3,"Secondary education (e.g., high school)",Woman,65,Not religious at all (1),Urban,40000,10.596634733096073,"February 25, 2023"
2023-02-25 19:38:13,2023-02-25 19:47:12,0,100,538,1,2023-02-25 19:47:12,R_oXNnVd3BHrbW3YJ,anonymous,FR,1,0,NA,58,4,213,1,1,1,1,1,1,1,1,1,1,1,1,1,1,"ce sont les personnes qui peuvent avoir les moyens financiers, qui ne comptent pas l'argent, qui se font plaisir avant tout",NA,1,6,1,5,4,4,4,4,4,2,5,4,4,3,4,4,4,4,3,4,3,4,4,4,4,4,4,4,4,4,3,4,4,1,1,1,3,2,4,1,1,3,3,3,1,7,2,10,2,4,5,3,2,4,2,1,3,4,2,2,3,3,2,2,3,2,3,2,2,2,2,5,5,5,5,5,5,5,5,5,5,5,5,28980,99,3,1,1,3,5,3,4,3,3,4,5,3,4,3,2,4,5,4,4,3,2,1,4,8,6,7,3,NA,NA,NA,NA,NA,NA,NA,NA,NA,NA,NA,NA,NA,NA,NA,NA,NA,NA,NA,NA,NA,NA,NA,NA,NA,NA,NA,236923091532973,213,1,291,4,4,3.6666666666666665,3.6666666666666665,3.8,4,3.8333333333333335,4,4,"Higher education (e.g., university degree or higher education diploma)",Woman,58,Not religious at all (1),Rural,28980,10.274361215874674,"February 25, 2023"
2023-02-25 20:05:09,2023-02-25 20:21:01,0,100,951,1,2023-02-25 20:21:02,R_31NHxeMy14nCc5E,anonymous,FR,1,1,NA,26,3,213,2,2,1,1,5,1,3,1,1,1,1,1,1,1,NA,Einstein,1,6,1,5,4,5,1,5,5,5,1,4,5,1,1,5,5,1,1,4,3,2,1,5,2,4,2,5,3,1,1,1,1,1,1,1,5,1,5,5,5,5,5,2,1,10,1,10,1,5,5,1,1,1,1,5,1,4,1,1,1,1,5,1,1,5,4,2,3,3,1,5,5,1,5,5,5,5,5,5,5,5,5,2500,99,99,1,2,1,1,1,1,1,1,5,4,3,3,5,2,5,1,3,4,1,1,7,7,4,7,7,3,NA,NA,NA,NA,NA,NA,NA,NA,NA,NA,NA,NA,NA,NA,NA,NA,NA,NA,NA,NA,NA,NA,NA,NA,NA,NA,NA,236850617522405,213,1,294,2.3333333333333335,4.666666666666667,2.6666666666666665,1.3333333333333333,3.2,1,2.75,3.5,3,"Secondary education (e.g., high school)",Man,26,Not religious at all (1),Urban,2500,7.824046010856292,"February 25, 2023"
2023-02-25 20:50:44,2023-02-25 21:10:54,0,100,1209,1,2023-02-25 21:10:55,R_W7pO2evPgOH3S3n,anonymous,FR,1,0,NA,34,4,213,2,3,2,1,2,1,6,3,1,3,3,3,1,1,NA,"Je ne peux avoir pleinement confiance mais ce qui me donnera davantage confiance serait ses références en matière d’avancées scientifiques, sa popularité",3,4,1,5,5,5,4,4,3,3,2,4,2,4,3,4,3,3,3,3,3,3,3,4,2,3,2,4,2,2,2,3,3,4,3,4,3,1,4,4,2,3,4,3,1,10,9,8,1,4,5,4,1,5,4,4,4,5,2,1,1,4,3,1,1,4,2,3,3,3,2,5,5,5,5,5,5,4,4,4,4,4,4,40000,99,99,3,2,3,4,4,3,2,3,3,4,4,3,3,3,3,4,4,3,3,3,1,4,6,7,4,7,NA,NA,NA,NA,NA,NA,NA,NA,NA,NA,NA,NA,NA,NA,NA,NA,NA,NA,NA,NA,NA,NA,NA,NA,NA,NA,NA,236923091308609,213,1,296,2.6666666666666665,3.6666666666666665,2.3333333333333335,2.3333333333333335,3.2,3,2.75,3.1666666666666665,4,"Higher education (e.g., university degree or higher education diploma)",Woman,34,(3),Urban,40000,10.596634733096073,"February 25, 2023"
2023-02-25 20:14:16,2023-02-25 21:17:16,0,100,3780,1,2023-02-25 21:17:17,R_1Q4ximiaFLVwSEC,anonymous,FR,1,0,NA,27,4,213,5,5,4,1,3,2,5,2,2,3,5,4,4,1,NA,Des publications approfondies et relayées.,4,4,1,5,4,2,2,4,4,3,3,5,5,5,4,5,1,5,4,4,5,4,3,5,5,5,4,5,5,3,3,4,4,5,4,4,5,4,1,1,2,4,2,2,1,8,8,10,1,5,4,4,1,1,3,1,1,2,1,4,2,1,3,4,4,1,1,2,3,3,1,3,4,2,5,3,5,4,5,3,5,3,5,38000,2,3,1,2,4,5,4,4,5,4,4,4,4,4,4,3,4,4,4,3,4,3,1,1,1,3,5,5,NA,NA,NA,NA,NA,NA,NA,NA,NA,NA,NA,NA,NA,NA,NA,NA,NA,NA,NA,NA,NA,NA,NA,NA,NA,NA,NA,236850617215048,213,1,297,4,4.666666666666667,5,3.3333333333333335,4,4,4.25,4.333333333333333,4,"Higher education (e.g., university degree or higher education diploma)",Woman,27,Not religious at all (1),Urban,38000,10.545341438708522,"February 25, 2023"
2023-02-25 21:23:46,2023-02-25 21:30:35,0,100,409,1,2023-02-25 21:30:36,R_2rq0jb5IAcR3Z4A,anonymous,FR,1,0,NA,45,4,213,3,4,4,5,4,2,3,4,4,5,5,4,4,4,NA,SES ETUDES,4,6,3,5,4,3,3,3,4,4,3,3,3,4,3,4,2,4,3,4,3,4,4,4,3,4,4,4,3,3,4,3,4,2,3,3,3,2,3,3,2,4,4,3,1,6,7,7,6,3,2,2,2,1,2,2,2,3,2,3,2,3,3,3,4,4,3,2,2,3,3,3,4,2,3,3,3,3,2,2,3,3,3,30000,4,3,3,2,3,2,3,3,3,2,3,2,3,3,3,2,3,3,3,3,2,2,3,3,4,5,4,7,NA,NA,NA,NA,NA,NA,NA,NA,NA,NA,NA,NA,NA,NA,NA,NA,NA,NA,NA,NA,NA,NA,NA,NA,NA,NA,NA,236923091039232,213,1,300,3.6666666666666665,4,3,4,3,3,3.6666666666666665,3.8333333333333335,4,"Higher education (e.g., university degree or higher education diploma)",Woman,45,(3),Urban,30000,10.308952660644293,"February 25, 2023"
2023-02-25 21:24:39,2023-02-25 21:34:38,0,100,598,1,2023-02-25 21:34:38,R_1cYN57skmzf9cHQ,anonymous,FR,1,0,NA,27,4,213,2,3,4,1,4,3,5,4,2,4,4,4,3,1,"Les personnes les plus riches car la science n'est pas gratuite, la recherche coûte cher et les techniques développées par la science sont chères également, tout n'est pas accessible à tout le monde",NA,4,6,1,4,5,4,1,4,4,1,4,4,4,5,5,4,2,4,4,4,4,4,3,5,4,4,4,4,4,4,4,5,4,4,4,4,4,2,1,3,3,2,1,1,1,7,2,8,1,4,4,4,1,5,4,3,2,5,1,1,1,5,1,1,1,4,3,3,3,3,3,5,5,5,5,5,5,5,5,5,5,5,5,3500,1,1,1,2,4,5,5,4,2,3,4,5,4,4,2,3,4,4,5,4,3,4,1,1,3,3,5,7,NA,NA,NA,NA,NA,NA,NA,NA,NA,NA,NA,NA,NA,NA,NA,NA,NA,NA,NA,NA,NA,NA,NA,NA,NA,NA,NA,236923091055733,213,1,302,4,4.333333333333333,4,3.6666666666666665,4,4,4,4.166666666666667,4,"Higher education (e.g., university degree or higher education diploma)",Woman,27,Not religious at all (1),Urban,3500,8.160518247477505,"February 25, 2023"
2023-02-25 21:22:15,2023-02-25 21:37:52,0,100,936,1,2023-02-25 21:37:52,R_1gFkBDawsLgLg01,anonymous,FR,1,0,NA,33,4,213,3,3,2,3,1,1,2,4,3,3,3,3,3,1,La science bénéficie le plus aux riches. Les plus pauvres ont moins accès à la science et ces avancées.,NA,4,4,1,5,5,5,2,4,3,2,4,1,4,3,1,5,5,4,2,5,5,4,3,5,4,5,4,5,5,4,4,4,4,3,3,3,4,4,3,2,1,2,2,4,1,8,6,10,1,5,4,1,2,4,2,1,1,3,1,2,2,5,2,2,2,4,3,3,3,3,1,4,5,5,5,5,5,5,5,5,5,5,5,20000,2,2,1,1,4,4,3,4,4,3,4,4,2,4,4,3,4,4,3,4,4,3,1,2,3,6,6,6,NA,NA,NA,NA,NA,NA,NA,NA,NA,NA,NA,NA,NA,NA,NA,NA,NA,NA,NA,NA,NA,NA,NA,NA,NA,NA,NA,236923091117253,213,1,303,4.333333333333333,5,4.666666666666667,3.6666666666666665,2.8,4,4.416666666666667,4.666666666666667,4,"Higher education (e.g., university degree or higher education diploma)",Woman,33,Not religious at all (1),Rural,20000,9.903487552536127,"February 25, 2023"
2023-02-25 21:34:22,2023-02-25 23:37:18,0,100,7375,1,2023-02-25 23:37:18,R_dmpp1D43kra53MZ,anonymous,FR,1,0,NA,26,4,213,3,3,3,3,4,4,6,3,3,4,4,1,5,1,la technologie,NA,3,6,1,5,5,5,4,4,3,3,3,3,4,3,4,5,4,5,5,4,3,4,3,4,4,4,4,4,4,4,4,4,4,3,3,3,4,3,2,2,2,4,2,3,1,6,4,9,2,5,5,4,3,4,4,3,3,5,3,1,1,5,1,1,1,5,3,3,3,3,3,5,5,5,5,5,5,5,5,5,5,5,5,1850,1,1,1,2,5,5,5,5,5,5,5,5,5,5,5,5,5,5,5,5,4,4,1,1,3,7,7,5,NA,NA,NA,NA,NA,NA,NA,NA,NA,NA,NA,NA,NA,NA,NA,NA,NA,NA,NA,NA,NA,NA,NA,NA,NA,NA,NA,236923091055740,213,1,306,4,4,3.6666666666666665,3.6666666666666665,3.6,5,3.8333333333333335,4,4,"Higher education (e.g., university degree or higher education diploma)",Woman,26,Not religious at all (1),Urban,1850,7.52294091807237,"February 25, 2023"
2023-02-25 23:28:16,2023-02-25 23:38:45,0,100,629,1,2023-02-25 23:38:46,R_9yTdhPRa1Vk8ahr,anonymous,FR,1,0,NA,27,4,213,3,3,1,1,1,1,3,4,1,3,4,4,1,1,"La population grâce aux avancées de la science et des progrès, en médecine notamment",NA,5,4,1,5,5,5,4,5,3,3,5,5,5,5,5,5,5,5,3,4,4,4,3,5,5,5,5,5,5,5,4,5,5,4,3,4,4,5,5,4,2,5,5,5,1,6,2,10,1,3,3,5,4,5,3,3,4,4,1,2,2,5,2,2,2,2,3,3,3,3,3,5,5,5,5,5,5,5,5,5,5,5,5,45000,2,3,1,2,5,5,5,5,5,5,5,5,5,5,5,5,5,5,5,5,5,5,1,5,2,4,4,5,NA,NA,NA,NA,NA,NA,NA,NA,NA,NA,NA,NA,NA,NA,NA,NA,NA,NA,NA,NA,NA,NA,NA,NA,NA,NA,NA,236591981684946,213,1,307,4.666666666666667,4.666666666666667,4.666666666666667,4,5,5,4.5,4.666666666666667,4,"Higher education (e.g., university degree or higher education diploma)",Woman,27,Not religious at all (1),Urban,45000,10.714417768752456,"February 25, 2023"
2023-02-26 00:55:00,2023-02-26 01:10:39,0,100,939,1,2023-02-26 01:10:40,R_vYO52bWS9DOqXVn,anonymous,FR,1,0,NA,27,3,213,4,2,2,1,4,1,4,4,1,3,2,2,3,1,NA,Rien de spécial,1,6,1,5,5,5,5,2,4,3,2,3,3,4,4,5,1,2,2,3,2,2,2,1,2,2,2,2,2,2,2,2,2,5,5,5,4,3,3,5,4,4,5,4,1,10,10,10,1,3,4,4,2,5,3,3,4,3,2,1,1,5,5,1,1,5,1,3,3,3,1,3,5,5,5,5,5,5,5,5,5,5,5,19000,3,3,5,1,1,2,2,2,1,2,3,2,3,2,3,1,2,2,3,3,3,3,7,7,9,1,5,8,NA,NA,NA,NA,NA,NA,NA,NA,NA,NA,NA,NA,NA,NA,NA,NA,NA,NA,NA,NA,NA,NA,NA,NA,NA,NA,NA,236850617486419,213,1,310,2,2,2,2,3,2,2,2,3,"Secondary education (e.g., high school)",Woman,27,Very strongly religious (5),Rural,19000,9.852194258148577,"February 26, 2023"
2023-02-26 01:37:05,2023-02-26 02:05:08,0,100,1683,1,2023-02-26 02:05:09,R_3gMYtINJFOeQrlq,anonymous,FR,1,0,NA,22,3,213,4,1,1,5,1,1,6,4,1,4,1,1,1,1,Je ne sais pas réellement,NA,2,2,1,2,4,1,4,3,3,3,3,2,1,5,3,4,3,3,3,5,3,2,3,4,3,3,4,5,2,3,3,5,3,5,5,5,3,1,3,3,1,4,5,3,1,9,8,8,1,3,3,3,2,5,5,4,2,4,1,1,1,5,1,1,1,5,4,2,3,3,2,3,5,2,5,4,4,5,5,3,5,3,5,2500,99,99,1,2,3,3,3,3,3,3,3,4,3,4,4,4,3,3,4,4,4,4,1,3,6,5,4,4,NA,NA,NA,NA,NA,NA,NA,NA,NA,NA,NA,NA,NA,NA,NA,NA,NA,NA,NA,NA,NA,NA,NA,NA,NA,NA,NA,236850617492655,213,1,311,2.6666666666666665,4.666666666666667,2.6666666666666665,3.3333333333333335,2.8,4,3.3333333333333335,3.6666666666666665,3,"Secondary education (e.g., high school)",Woman,22,Not religious at all (1),Urban,2500,7.824046010856292,"February 26, 2023"
2023-02-26 05:16:55,2023-02-26 05:44:55,0,100,1679,1,2023-02-26 05:44:56,R_2QQcN8OABJoem4H,anonymous,FR,1,1,NA,48,4,213,1,1,5,1,1,1,1,1,1,5,5,1,1,1,tout le monde bénéficie de la science car elle est omniprésente dans nos vies,NA,4,6,1,4,4,4,4,4,4,3,3,4,4,4,3,4,3,4,4,4,4,4,4,4,4,4,4,4,4,4,3,4,4,4,2,4,4,4,2,2,3,3,3,4,1,7,5,7,5,4,3,2,3,2,2,2,2,2,2,3,2,2,3,3,3,2,3,3,3,3,1,4,4,3,4,3,4,4,4,3,4,3,4,60000,3,3,2,1,4,4,4,4,4,4,4,4,4,4,4,4,4,4,4,4,4,4,2,2,2,2,2,7,NA,NA,NA,NA,NA,NA,NA,NA,NA,NA,NA,NA,NA,NA,NA,NA,NA,NA,NA,NA,NA,NA,NA,NA,NA,NA,NA,236850617174043,213,1,314,4,4,4,3.6666666666666665,3.6,4,3.9166666666666665,4,4,"Higher education (e.g., university degree or higher education diploma)",Man,48,(2),Rural,60000,11.002099841204238,"February 26, 2023"
2023-02-26 07:11:07,2023-02-26 07:25:41,0,100,874,1,2023-02-26 07:25:42,R_1dAHZ8l05rRtBMX,anonymous,FR,1,1,NA,29,4,213,4,2,4,4,4,4,5,1,2,1,1,1,1,1,NA,Ses recherches détaillés et les articles publiés,5,6,1,5,5,3,1,4,4,2,5,4,2,3,3,5,5,5,4,3,4,4,2,4,2,4,4,4,4,3,2,5,4,5,3,5,4,1,2,3,2,3,1,2,1,3,4,6,1,4,5,4,1,5,3,2,4,5,1,1,1,5,1,1,1,5,3,3,1,2,1,4,5,4,5,3,5,5,5,5,5,5,5,65000,4,4,1,2,4,4,5,5,4,4,4,4,4,3,1,3,3,4,4,3,4,4,1,2,7,2,6,6,NA,NA,NA,NA,NA,NA,NA,NA,NA,NA,NA,NA,NA,NA,NA,NA,NA,NA,NA,NA,NA,NA,NA,NA,NA,NA,NA,236923091345571,213,1,316,3.6666666666666665,3.6666666666666665,3.3333333333333335,2.6666666666666665,3.4,5,3.3333333333333335,3.6666666666666665,4,"Higher education (e.g., university degree or higher education diploma)",Man,29,Not religious at all (1),Urban,65000,11.082142548877775,"February 26, 2023"
2023-02-26 07:41:42,2023-02-26 07:53:15,0,100,692,1,2023-02-26 07:53:16,R_ZJLzwYjKT1JtH9v,anonymous,FR,1,0,NA,31,4,213,2,5,3,3,5,3,3,1,2,4,3,1,1,1,Un peu tout le monde mais dans des proportions différentes car l argent y fait aussi,NA,3,4,1,4,4,3,3,4,3,2,4,4,4,3,3,4,3,4,4,4,4,4,4,4,4,4,4,4,4,4,4,4,4,4,3,3,3,3,2,4,3,3,3,4,1,8,7,7,3,3,4,4,2,4,3,3,4,4,1,1,2,4,1,1,1,4,1,3,3,3,1,4,4,4,4,4,4,4,4,4,4,4,4,25000,99,99,1,1,4,4,4,4,2,4,3,3,3,3,3,3,3,3,3,3,3,3,1,3,6,5,2,5,NA,NA,NA,NA,NA,NA,NA,NA,NA,NA,NA,NA,NA,NA,NA,NA,NA,NA,NA,NA,NA,NA,NA,NA,NA,NA,NA,236923091119325,213,1,317,4,4,4,4,3.4,4,4,4,4,"Higher education (e.g., university degree or higher education diploma)",Woman,31,Not religious at all (1),Rural,25000,10.126631103850338,"February 26, 2023"
2023-02-26 08:43:45,2023-02-26 09:06:38,0,100,1373,1,2023-02-26 09:06:39,R_1ezPY1lMRaPLSK3,anonymous,FR,1,99,NA,56,3,213,1,1,1,1,1,1,1,1,1,1,1,1,1,1,NA,NA,2,6,1,4,2,5,4,4,4,4,4,3,4,1,1,5,4,3,2,2,3,3,3,4,4,4,3,3,4,4,3,4,4,3,2,4,3,3,3,2,4,4,3,4,1,6,6,6,1,4,3,2,4,3,3,3,1,2,4,2,1,2,2,2,1,2,3,3,4,3,1,2,4,3,3,3,3,5,4,3,3,3,4,30000,99,99,1,1,3,3,3,3,2,3,3,3,2,2,2,2,3,3,3,2,3,3,2,2,6,2,2,7,NA,NA,NA,NA,NA,NA,NA,NA,NA,NA,NA,NA,NA,NA,NA,NA,NA,NA,NA,NA,NA,NA,NA,NA,NA,NA,NA,236923091649764,213,1,319,3.6666666666666665,3,3.6666666666666665,3,2.6,2,3.3333333333333335,3.3333333333333335,3,"Secondary education (e.g., high school)",Prefer not to say,56,Not religious at all (1),Rural,30000,10.308952660644293,"February 26, 2023"
2023-02-26 09:24:50,2023-02-26 09:31:38,0,100,408,1,2023-02-26 09:31:39,R_1hR6JDTwsZ8Bkey,anonymous,FR,1,1,NA,27,4,213,1,1,1,1,1,1,1,1,1,1,1,1,1,1,NA,Des résultats,3,4,2,4,3,3,3,4,3,3,3,4,4,4,4,4,4,4,3,3,3,3,2,3,3,3,3,3,3,3,2,3,3,3,3,3,3,3,3,3,3,4,2,3,1,4,4,4,4,3,2,3,3,3,3,3,2,3,3,3,3,2,5,3,3,3,2,2,2,4,3,1,1,1,1,1,1,2,2,2,2,2,2,45000,99,99,2,2,2,2,2,2,2,2,1,1,1,1,1,1,2,2,2,2,2,2,3,3,6,3,3,7,NA,NA,NA,NA,NA,NA,NA,NA,NA,NA,NA,NA,NA,NA,NA,NA,NA,NA,NA,NA,NA,NA,NA,NA,NA,NA,NA,236923091536105,213,1,321,3,3,3,2.3333333333333335,4,4,2.8333333333333335,3,4,"Higher education (e.g., university degree or higher education diploma)",Man,27,(2),Urban,45000,10.714417768752456,"February 26, 2023"
2023-02-26 04:51:12,2023-02-26 11:18:19,0,100,23226,1,2023-02-26 11:18:19,R_1f8WjPVxELhkmjF,anonymous,FR,1,1,NA,28,4,213,6,7,5,5,2,1,3,1,3,3,4,1,1,1,NA,"Son expérience, ses expériences, diplômes,  travaux, études et résultats avérés.",4,6,1,5,5,3,5,4,5,3,4,5,1,5,4,5,5,5,4,4,4,2,2,4,3,3,2,5,2,1,1,2,3,4,2,1,5,3,2,4,3,5,5,2,1,4,1,6,3,5,1,1,2,1,1,1,1,2,1,1,1,5,1,2,1,1,1,3,3,3,1,5,5,5,5,5,5,5,5,5,5,5,5,52000,2,4,5,2,3,2,5,2,3,1,4,5,5,4,1,2,4,3,5,4,3,1,1,1,1,6,5,6,NA,NA,NA,NA,NA,NA,NA,NA,NA,NA,NA,NA,NA,NA,NA,NA,NA,NA,NA,NA,NA,NA,NA,NA,NA,NA,NA,236923091114166,213,1,324,2,4.333333333333333,3,1.6666666666666667,4,5,2.75,3.1666666666666665,4,"Higher education (e.g., university degree or higher education diploma)",Man,28,Very strongly religious (5),Urban,52000,10.858998997563564,"February 26, 2023"
2023-02-26 11:50:33,2023-02-26 12:04:46,0,100,853,1,2023-02-26 12:04:46,R_4TROcbwmxYrvSpz,anonymous,FR,1,1,NA,38,4,213,3,2,2,2,1,2,1,1,1,2,2,1,1,1,NA,d'apporter des preuves de ses découvertes,2,6,1,4,2,3,1,4,3,2,3,3,3,5,3,5,4,4,4,4,3,2,2,4,3,2,2,4,2,2,2,4,4,5,5,5,4,3,4,4,4,4,3,5,1,6,7,3,8,3,4,2,2,2,2,2,2,3,4,3,3,5,2,2,2,5,1,3,2,3,1,2,4,3,4,2,4,4,4,4,4,4,4,48000,4,4,2,2,3,4,4,2,4,2,3,4,4,2,2,2,3,4,4,4,3,2,5,5,3,6,2,7,NA,NA,NA,NA,NA,NA,NA,NA,NA,NA,NA,NA,NA,NA,NA,NA,NA,NA,NA,NA,NA,NA,NA,NA,NA,NA,NA,236850617173011,213,1,325,2,4,2.6666666666666665,2,3.6,4,2.6666666666666665,3,4,"Higher education (e.g., university degree or higher education diploma)",Man,38,(2),Urban,48000,10.778956289890028,"February 26, 2023"
2023-02-25 15:28:44,2023-02-26 13:00:24,0,100,77499,1,2023-02-26 13:00:25,R_1FRL8J0Vu1TFPg3,anonymous,FR,1,1,NA,38,4,213,1,4,4,2,3,1,6,1,3,2,4,1,1,1,"A toute la population, car il y a les nouvelles technologies (automobile, santé...) qui rythme nos vies",NA,3,1,6,4,4,4,4,4,4,2,4,4,1,3,2,4,2,4,4,2,2,2,3,4,1,4,2,3,3,3,3,4,2,3,3,3,4,3,3,3,3,3,4,3,1,7,8,4,3,3,2,2,2,3,2,2,2,4,3,1,1,4,2,1,1,5,4,3,2,3,1,5,5,5,5,5,5,5,5,5,5,5,5,45000,99,4,1,1,3,2,4,3,2,2,3,2,4,3,2,2,3,3,3,3,3,3,2,6,3,2,2,5,NA,NA,NA,NA,NA,NA,NA,NA,NA,NA,NA,NA,NA,NA,NA,NA,NA,NA,NA,NA,NA,NA,NA,NA,NA,NA,NA,236923091536104,213,1,327,3,3,2,2.6666666666666665,2.4,4,2.6666666666666665,3,4,"Higher education (e.g., university degree or higher education diploma)",Man,38,Not religious at all (1),Rural,45000,10.714417768752456,"February 25, 2023"
2023-02-26 12:52:05,2023-02-26 13:11:17,0,100,1151,1,2023-02-26 13:11:18,R_2E77jsTCZ4BcspC,anonymous,FR,1,0,NA,41,3,213,2,2,2,1,3,1,1,1,1,2,4,1,1,1,Je ne sais pas vraiment comment me prononcer à ce sujet,NA,3,2,1,4,3,3,4,3,3,2,3,4,3,5,3,4,3,3,4,3,3,3,3,4,3,4,3,3,3,3,3,3,3,3,2,3,4,3,3,4,3,3,3,3,1,5,5,4,4,3,4,3,3,3,3,3,2,3,4,3,1,4,2,2,2,3,1,2,2,2,1,4,4,4,4,4,5,5,5,5,5,5,5,23000,3,4,3,1,3,4,3,3,2,2,3,3,3,3,3,3,3,3,3,3,3,3,1,4,7,7,6,5,NA,NA,NA,NA,NA,NA,NA,NA,NA,NA,NA,NA,NA,NA,NA,NA,NA,NA,NA,NA,NA,NA,NA,NA,NA,NA,NA,236591981671574,213,1,330,3.3333333333333335,3.3333333333333335,3,3,3.6,4,3.1666666666666665,3.3333333333333335,3,"Secondary education (e.g., high school)",Woman,41,(3),Rural,23000,10.043249494911286,"February 26, 2023"
2023-02-26 13:05:05,2023-02-26 13:25:55,0,100,1249,1,2023-02-26 13:25:55,R_rchzLUaOYfye6aJ,anonymous,FR,1,0,NA,45,4,213,2,2,2,1,1,1,2,1,2,1,2,1,1,1,NA,Ne rien cacher Expliquer le positif et le négatif  Tester Ne pas tirer des bénéfices personnels,3,5,1,5,3,5,4,4,3,3,4,3,1,1,1,5,5,5,4,3,3,5,4,5,3,4,4,5,4,4,3,3,4,3,4,3,4,3,3,5,4,3,3,3,1,10,6,10,4,4,4,3,3,3,3,4,3,3,1,2,1,1,3,3,1,3,4,3,3,3,4,4,4,4,5,3,5,5,5,5,5,5,5,0,99,99,3,1,4,5,4,4,2,2,3,3,3,3,3,3,4,4,5,4,3,3,1,5,7,4,6,3,NA,NA,NA,NA,NA,NA,NA,NA,NA,NA,NA,NA,NA,NA,NA,NA,NA,NA,NA,NA,NA,NA,NA,NA,NA,NA,NA,236591981817023,213,1,331,4.333333333333333,4.333333333333333,3.3333333333333335,3.6666666666666665,2.2,5,3.9166666666666665,4.333333333333333,4,"Higher education (e.g., university degree or higher education diploma)",Woman,45,(3),Rural,0,-Inf,"February 26, 2023"
2023-02-26 13:56:27,2023-02-26 14:16:08,0,100,1181,1,2023-02-26 14:16:09,R_2aXqL4hgmk6sq01,anonymous,FR,1,1,NA,19,4,213,3,6,3,6,3,6,5,2,3,5,5,3,5,2,Je dirai les pays les plus développés dans lesquels il y a plus de moyens mis au nom de la science,NA,5,6,1,5,5,5,2,4,3,3,5,5,5,3,5,5,3,5,5,4,3,4,4,5,4,3,2,4,3,3,4,5,4,5,5,5,4,3,3,3,2,4,3,2,1,10,5,10,1,2,5,3,3,4,5,3,4,3,1,1,1,5,1,1,1,5,2,3,2,3,2,4,5,3,3,4,5,5,5,5,5,5,5,4500,3,4,1,2,4,3,4,2,4,4,4,3,3,2,3,3,4,4,4,4,4,3,1,1,3,3,2,6,NA,NA,NA,NA,NA,NA,NA,NA,NA,NA,NA,NA,NA,NA,NA,NA,NA,NA,NA,NA,NA,NA,NA,NA,NA,NA,NA,236923091184745,213,1,333,3.3333333333333335,4.333333333333333,3.3333333333333335,3.3333333333333335,4.2,4,3.5833333333333335,3.8333333333333335,4,"Higher education (e.g., university degree or higher education diploma)",Man,19,Not religious at all (1),Urban,4500,8.411832675758411,"February 26, 2023"
2023-02-26 14:49:54,2023-02-26 15:02:16,0,100,742,1,2023-02-26 15:02:17,R_3efCQadQNVR2K1D,anonymous,FR,1,0,NA,34,3,213,4,4,4,1,5,1,4,1,4,4,7,4,5,1,NA,qui n'est pas trop médiatisé qui a des diplomes qui fait beaucoup de recherches qui ne donne pas son avis personnel,1,4,1,5,5,2,5,2,2,2,2,2,2,3,2,5,5,4,2,3,3,2,3,4,3,2,2,3,2,2,2,1,2,4,4,2,4,1,2,4,3,2,4,3,1,9,2,9,1,2,5,3,1,3,2,3,2,4,1,1,1,5,2,1,1,5,1,3,3,3,1,5,5,4,3,3,5,5,5,4,4,3,5,1250,5,5,1,1,2,3,1,2,1,2,3,3,2,2,2,2,3,3,2,2,2,2,1,7,7,3,6,3,NA,NA,NA,NA,NA,NA,NA,NA,NA,NA,NA,NA,NA,NA,NA,NA,NA,NA,NA,NA,NA,NA,NA,NA,NA,NA,NA,236923091273790,213,1,336,2,3.3333333333333335,2.6666666666666665,2.3333333333333335,2.8,3,2.5833333333333335,2.6666666666666665,3,"Secondary education (e.g., high school)",Woman,34,Not religious at all (1),Rural,1250,7.1308988302963465,"February 26, 2023"
2023-02-26 15:05:55,2023-02-26 15:16:48,0,100,652,1,2023-02-26 15:16:49,R_dmPPxnbMcObX0AN,anonymous,FR,1,1,NA,43,4,213,4,3,4,3,2,1,4,1,2,4,4,1,1,1,"Concernant la science dans son acceptation la plus large, les populations occidentales et en particulier les démocraties. Piur des raisons historiques et de choix politique.",NA,4,6,1,4,5,4,3,4,5,3,4,4,5,4,5,5,1,5,4,4,3,3,2,4,4,4,3,4,4,3,3,5,4,4,2,3,4,3,3,3,3,2,2,2,1,7,7,6,6,4,3,3,2,3,2,3,3,4,2,3,3,2,4,3,3,2,3,2,3,3,3,4,4,5,5,4,5,4,5,5,5,5,5,50000,2,3,2,1,4,5,5,4,3,3,4,4,5,3,2,4,4,4,4,3,2,2,1,1,2,5,4,7,NA,NA,NA,NA,NA,NA,NA,NA,NA,NA,NA,NA,NA,NA,NA,NA,NA,NA,NA,NA,NA,NA,NA,NA,NA,NA,NA,236850617181264,213,1,337,3.3333333333333335,4,3.6666666666666665,2.6666666666666665,3.8,4,3.4166666666666665,3.6666666666666665,4,"Higher education (e.g., university degree or higher education diploma)",Man,43,(2),Rural,50000,10.819778284410283,"February 26, 2023"
2023-02-26 15:26:48,2023-02-26 15:51:19,0,100,1471,1,2023-02-26 15:51:20,R_svdpDVKXdH2G8lr,anonymous,FR,1,0,NA,65,3,213,2,3,3,3,1,1,1,2,1,2,3,1,2,1,les malades dans la recherche,NA,4,4,1,5,4,4,2,5,4,3,3,5,3,5,3,4,3,4,4,3,3,4,3,4,3,4,4,5,4,3,3,2,3,2,1,1,3,3,3,2,2,1,2,3,1,8,8,9,5,3,3,4,3,4,2,3,3,3,3,3,3,3,3,4,3,2,1,3,3,3,1,4,4,4,4,3,4,5,5,5,5,4,5,2600,99,99,4,1,4,4,3,4,3,3,4,4,3,3,3,3,4,4,3,2,3,3,1,1,7,4,5,5,NA,NA,NA,NA,NA,NA,NA,NA,NA,NA,NA,NA,NA,NA,NA,NA,NA,NA,NA,NA,NA,NA,NA,NA,NA,NA,NA,236923091047503,213,1,340,3.6666666666666665,4,3.3333333333333335,3.3333333333333335,3.8,4,3.5833333333333335,3.8333333333333335,3,"Secondary education (e.g., high school)",Woman,65,(4),Rural,2600,7.8632667240095735,"February 26, 2023"
2023-02-26 16:18:18,2023-02-26 16:32:01,0,100,823,1,2023-02-26 16:32:02,R_umDp9BcrAPcvail,anonymous,FR,1,1,NA,20,4,213,5,5,4,4,7,4,7,3,1,1,3,1,2,1,Je ne pourrais répondre à cette question car je ne connais pas moi-même la réponse,NA,3,6,4,4,4,4,3,2,3,2,3,2,3,1,3,4,4,4,2,4,3,3,3,4,3,4,4,4,4,4,2,3,3,3,3,3,4,3,2,3,1,4,3,3,1,6,6,6,2,3,4,4,1,3,3,3,5,4,1,1,2,4,3,2,2,5,1,2,2,3,1,4,5,3,5,5,5,2,5,5,4,2,5,10000,99,99,1,2,4,4,4,4,2,4,2,3,4,4,2,3,3,2,4,4,2,3,1,4,9,3,4,5,NA,NA,NA,NA,NA,NA,NA,NA,NA,NA,NA,NA,NA,NA,NA,NA,NA,NA,NA,NA,NA,NA,NA,NA,NA,NA,NA,236923091351791,213,1,342,3.6666666666666665,4,3.3333333333333335,3,2.6,3,3.5,3.8333333333333335,4,"Higher education (e.g., university degree or higher education diploma)",Man,20,Not religious at all (1),Urban,10000,9.210340371976184,"February 26, 2023"
2023-02-26 16:55:12,2023-02-26 17:09:46,0,100,873,1,2023-02-26 17:09:46,R_10BkLNRfH5iFNId,anonymous,FR,1,1,NA,46,4,213,3,4,2,1,5,5,1,5,6,6,5,1,1,1,NA,ces etudes,3,6,1,4,4,3,2,4,4,4,3,3,4,3,4,4,5,5,4,4,4,5,4,4,5,4,3,4,4,4,4,5,4,4,3,3,4,3,3,2,3,4,3,2,1,10,2,9,1,4,4,4,2,3,3,3,3,4,2,2,2,2,2,2,1,4,2,3,3,3,1,4,4,4,4,4,4,4,4,4,4,4,4,60000,99,99,1,2,4,4,4,4,2,3,4,4,4,4,2,3,4,4,4,4,2,3,1,1,1,5,4,5,NA,NA,NA,NA,NA,NA,NA,NA,NA,NA,NA,NA,NA,NA,NA,NA,NA,NA,NA,NA,NA,NA,NA,NA,NA,NA,NA,236923091546282,213,1,343,4.333333333333333,4,4.333333333333333,3.6666666666666665,3.8,4,4.083333333333333,4.166666666666667,4,"Higher education (e.g., university degree or higher education diploma)",Man,46,Not religious at all (1),Urban,60000,11.002099841204238,"February 26, 2023"
2023-02-26 18:22:41,2023-02-26 18:35:41,0,100,780,1,2023-02-26 18:35:42,R_2AXadtSN8ArCUZK,anonymous,FR,1,0,NA,54,4,213,1,4,1,1,5,2,1,1,2,4,5,1,1,1,NA,les résultats de ses recherches  et les tests réalisées,3,1,5,4,5,5,3,3,1,1,2,2,2,4,3,4,5,4,3,4,4,4,3,3,2,4,2,4,3,3,2,4,3,2,2,2,4,3,3,4,3,3,3,3,1,6,5,6,3,2,3,2,1,5,3,2,2,4,1,1,1,1,1,1,1,3,1,2,3,3,1,3,3,4,4,4,4,4,4,4,4,3,4,2700,99,99,1,2,3,3,3,2,2,2,3,3,3,3,3,3,3,4,4,2,3,3,1,3,5,3,3,5,NA,NA,NA,NA,NA,NA,NA,NA,NA,NA,NA,NA,NA,NA,NA,NA,NA,NA,NA,NA,NA,NA,NA,NA,NA,NA,NA,236923091047504,213,1,346,3.6666666666666665,3.6666666666666665,3,2.3333333333333335,3.2,3,3.1666666666666665,3.6666666666666665,4,"Higher education (e.g., university degree or higher education diploma)",Woman,54,Not religious at all (1),Urban,2700,7.90100705199242,"February 26, 2023"
2023-02-26 19:59:34,2023-02-26 20:08:38,0,100,543,1,2023-02-26 20:08:38,R_2EsLuadcYbVrEhK,anonymous,FR,1,1,NA,35,4,213,3,5,4,4,6,4,6,6,3,4,3,6,6,3,Les scientifiques car ils sont en première ligne,NA,4,6,1,4,4,5,4,3,3,3,3,4,4,4,4,4,4,4,3,4,4,4,4,4,4,4,4,4,4,4,4,4,4,4,4,4,4,3,2,2,2,3,2,3,1,10,9,9,2,3,2,1,3,2,4,2,2,1,1,3,3,3,3,3,3,3,3,3,3,3,3,4,4,3,4,4,4,3,3,3,3,3,3,1800,3,5,1,2,4,4,4,4,4,4,3,3,3,3,3,3,3,3,2,3,4,3,2,3,7,6,6,8,NA,NA,NA,NA,NA,NA,NA,NA,NA,NA,NA,NA,NA,NA,NA,NA,NA,NA,NA,NA,NA,NA,NA,NA,NA,NA,NA,236591981720698,213,1,347,4,4,4,4,4,4,4,4,4,"Higher education (e.g., university degree or higher education diploma)",Man,35,Not religious at all (1),Urban,1800,7.495541943884256,"February 26, 2023"
2023-02-26 20:41:36,2023-02-26 21:35:24,0,100,3228,1,2023-02-26 21:35:24,R_wMMEwcWHchpY71n,anonymous,FR,1,0,NA,37,3,213,1,1,1,1,1,1,1,1,1,1,2,1,1,1,NA,Je ne sais pas,3,4,1,5,4,3,1,4,4,1,4,2,1,2,2,4,5,3,3,3,4,4,3,5,3,4,3,4,4,4,4,4,4,1,4,4,4,2,2,3,3,3,4,3,1,8,2,6,3,3,2,4,3,3,3,4,3,3,1,3,3,3,3,3,3,3,1,2,3,3,2,3,4,4,3,4,4,4,4,3,3,4,4,2950,99,99,5,1,3,3,3,3,3,3,3,3,3,3,3,3,4,4,3,3,3,4,2,5,8,1,2,6,NA,NA,NA,NA,NA,NA,NA,NA,NA,NA,NA,NA,NA,NA,NA,NA,NA,NA,NA,NA,NA,NA,NA,NA,NA,NA,NA,236923091127296,213,1,350,4,4,3.6666666666666665,3.3333333333333335,2.4,3,3.75,4,3,"Secondary education (e.g., high school)",Woman,37,Very strongly religious (5),Rural,2950,7.989560449333865,"February 26, 2023"
2023-02-26 22:01:06,2023-02-26 22:15:22,0,100,856,1,2023-02-26 22:15:23,R_3KvK3YhPx7fauV2,anonymous,FR,1,0,NA,42,3,213,7,5,6,7,7,2,7,5,3,6,5,1,4,1,NA,NA,2,5,NA,3,5,5,3,3,3,1,2,3,1,1,3,5,5,5,3,3,3,3,3,3,3,3,3,3,3,3,3,2,3,5,3,5,4,1,3,5,1,5,4,3,1,7,6,10,1,3,3,3,2,1,1,1,1,3,2,1,1,5,4,1,1,1,1,3,4,3,2,5,5,5,5,5,5,5,5,5,5,5,5,12000,3,99,1,2,2,2,3,5,1,2,3,2,2,2,2,2,3,2,3,3,2,2,2,7,9,7,4,3,NA,NA,NA,NA,NA,NA,NA,NA,NA,NA,NA,NA,NA,NA,NA,NA,NA,NA,NA,NA,NA,NA,NA,NA,NA,NA,NA,236923091659941,213,1,352,3,3,3,3,2.6,2,3,3,3,"Secondary education (e.g., high school)",Woman,42,Not religious at all (1),Urban,12000,9.392661928770137,"February 26, 2023"
2023-02-26 21:43:36,2023-02-26 22:19:27,0,100,2151,1,2023-02-26 22:19:28,R_3PZcql4ALVIgrqU,anonymous,FR,1,1,NA,49,4,213,3,3,3,1,3,1,1,1,3,1,3,1,1,1,"le peuple en bénéficie le plus, c'est ce qui permet l'évolution",NA,4,4,1,5,5,5,5,3,3,3,3,4,3,4,2,5,3,5,4,4,3,3,3,4,3,4,3,4,4,3,3,3,3,4,4,4,4,2,4,3,4,4,3,3,1,10,10,10,3,2,3,3,3,3,1,3,3,3,3,3,3,2,3,3,3,3,1,3,3,4,1,3,3,3,3,3,3,3,3,3,3,3,3,60000,3,3,2,1,3,3,3,3,3,3,3,3,3,3,3,3,3,3,3,3,3,3,6,6,7,6,3,7,NA,NA,NA,NA,NA,NA,NA,NA,NA,NA,NA,NA,NA,NA,NA,NA,NA,NA,NA,NA,NA,NA,NA,NA,NA,NA,NA,236850617190553,213,1,353,3.3333333333333335,4,3.3333333333333335,3,3.2,4,3.4166666666666665,3.6666666666666665,4,"Higher education (e.g., university degree or higher education diploma)",Man,49,(2),Rural,60000,11.002099841204238,"February 26, 2023"
2023-02-26 23:28:29,2023-02-27 00:03:25,0,100,2096,1,2023-02-27 00:03:26,R_dakMhXyPSo1w49P,anonymous,FR,1,1,NA,64,4,213,4,6,3,6,1,1,1,1,2,1,4,1,1,3,NA,La probité: de quelle manière le/la scientifique explicite et partage sa démarche de manière honnête va me donner plus ou moins confiance. Les données : montrer données et faits sont plus importants que la conclusion pour maintenir la confiance,5,6,1,5,5,5,1,5,5,2,5,5,5,5,5,5,1,5,5,5,4,3,4,4,3,3,4,4,4,3,3,5,5,5,5,5,5,3,1,1,1,5,1,1,1,10,1,10,1,5,1,5,2,5,4,1,1,4,1,1,1,5,1,1,1,5,3,3,3,3,3,5,5,5,5,5,5,5,5,5,5,5,5,32000,1,1,4,1,5,5,5,4,2,5,5,3,5,2,2,2,5,5,5,2,2,2,1,3,6,7,7,7,NA,NA,NA,NA,NA,NA,NA,NA,NA,NA,NA,NA,NA,NA,NA,NA,NA,NA,NA,NA,NA,NA,NA,NA,NA,NA,NA,236923091061908,213,1,355,3,4.333333333333333,3.6666666666666665,3.6666666666666665,4.2,5,3.6666666666666665,3.6666666666666665,4,"Higher education (e.g., university degree or higher education diploma)",Man,64,(4),Rural,32000,10.373491181781864,"February 26, 2023"
2023-02-27 08:23:05,2023-02-27 08:35:29,0,100,744,1,2023-02-27 08:35:30,R_2fNziGkFN6KaUW5,anonymous,FR,1,0,NA,23,4,213,5,4,4,4,5,5,4,5,4,4,5,4,5,4,NA,Des arguments et surtout des preuves sceintiques qui viennent appuyer et tenir ses propos. Rendre ses propos crédibles au yeux de tout le monde.,5,4,1,5,5,4,4,4,3,1,5,5,4,3,5,3,5,5,4,5,3,2,4,5,2,4,1,5,2,2,2,4,3,5,4,4,5,1,1,4,5,4,3,3,1,9,4,7,1,3,3,3,1,4,3,3,3,5,1,1,1,5,4,2,1,4,2,3,3,3,1,5,5,5,5,5,5,5,5,5,5,5,5,30000,3,3,2,2,3,2,3,4,3,3,2,3,4,2,3,2,2,3,4,4,1,2,4,4,9,7,7,6,NA,NA,NA,NA,NA,NA,NA,NA,NA,NA,NA,NA,NA,NA,NA,NA,NA,NA,NA,NA,NA,NA,NA,NA,NA,NA,NA,236923091082260,213,1,359,2.6666666666666665,5,2.3333333333333335,2.3333333333333335,4.4,4,3.0833333333333335,3.8333333333333335,4,"Higher education (e.g., university degree or higher education diploma)",Woman,23,(2),Urban,30000,10.308952660644293,"February 27, 2023"
2023-02-27 08:43:07,2023-02-27 09:08:20,0,100,1512,1,2023-02-27 09:08:20,R_eKSDGmaQnKoIFYR,anonymous,FR,1,0,NA,41,4,213,3,3,2,1,3,3,4,3,4,3,3,2,2,1,La santé. car les scientifiques avancent,NA,3,6,1,5,4,4,3,4,4,1,5,3,1,2,4,5,5,4,3,4,3,4,4,4,3,4,2,4,4,4,2,4,4,1,1,1,1,1,3,3,2,2,1,4,1,5,5,4,4,4,5,3,1,5,2,1,4,4,1,1,1,1,1,1,5,3,1,3,3,4,1,5,5,5,5,5,5,5,5,5,5,5,5,2800,3,4,4,2,4,4,4,4,4,4,3,3,3,3,3,3,3,4,3,3,3,3,1,1,1,5,5,6,NA,NA,NA,NA,NA,NA,NA,NA,NA,NA,NA,NA,NA,NA,NA,NA,NA,NA,NA,NA,NA,NA,NA,NA,NA,NA,NA,236923091545229,213,1,361,4,4,3.3333333333333335,2.6666666666666665,3,4,3.5,4,4,"Higher education (e.g., university degree or higher education diploma)",Woman,41,(4),Urban,2800,7.937374696163295,"February 27, 2023"
2023-02-27 09:17:24,2023-02-27 09:28:13,0,100,648,1,2023-02-27 09:28:13,R_3rM3lWildu8cJXC,anonymous,FR,1,1,NA,45,4,213,2,2,2,2,2,2,4,2,3,3,2,2,2,2,NA,ces recherches et découvertes,3,4,1,5,4,5,3,2,3,2,4,4,4,4,5,4,4,5,4,5,4,3,2,4,4,4,4,5,4,4,4,5,3,3,4,4,4,2,2,2,2,2,2,1,1,7,9,6,2,4,5,4,2,2,2,3,3,4,2,2,2,4,3,2,2,4,2,3,3,3,1,4,5,3,4,4,4,4,4,4,4,4,4,60000,99,4,1,1,4,4,4,4,4,4,2,4,4,3,2,2,3,4,4,4,4,4,3,1,6,3,7,6,NA,NA,NA,NA,NA,NA,NA,NA,NA,NA,NA,NA,NA,NA,NA,NA,NA,NA,NA,NA,NA,NA,NA,NA,NA,NA,NA,236591981664374,213,1,363,3.6666666666666665,4.666666666666667,4,3.3333333333333335,4.2,5,3.9166666666666665,4.166666666666667,4,"Higher education (e.g., university degree or higher education diploma)",Man,45,Not religious at all (1),Rural,60000,11.002099841204238,"February 27, 2023"
2023-02-27 10:11:22,2023-02-27 10:30:43,0,100,1160,1,2023-02-27 10:30:44,R_3qfzJfpxVzIY2Rt,anonymous,FR,1,1,NA,37,4,213,4,6,4,5,4,3,5,5,5,6,4,6,4,3,NA,"L'expérience, les sources, les essaies cliniques, les références",4,4,1,4,4,3,3,4,3,2,3,5,4,5,5,5,3,5,3,3,4,4,3,3,3,4,3,3,4,4,3,4,4,4,3,4,4,2,3,3,3,4,2,3,1,9,6,6,5,4,5,4,2,4,3,3,3,4,1,4,4,1,4,4,4,2,1,2,3,3,1,4,4,3,4,2,4,4,4,4,4,4,4,70000,3,4,3,2,4,4,4,4,3,3,4,4,4,4,3,3,4,4,4,4,3,3,1,2,3,5,6,6,NA,NA,NA,NA,NA,NA,NA,NA,NA,NA,NA,NA,NA,NA,NA,NA,NA,NA,NA,NA,NA,NA,NA,NA,NA,NA,NA,236923091081225,213,1,364,4,3,3.6666666666666665,3,4.4,4,3.4166666666666665,3.5,4,"Higher education (e.g., university degree or higher education diploma)",Man,37,(3),Urban,70000,11.156250521031495,"February 27, 2023"
2023-02-27 09:59:51,2023-02-27 11:03:22,0,100,3810,1,2023-02-27 11:03:23,R_2OMzeOwWtvLCpV2,anonymous,FR,1,0,NA,40,4,213,5,5,6,1,4,1,5,5,1,5,4,3,1,1,Les seniors car en vieillissant ont de plus en plus de pathologies et la science progresse chaque jour sur ces maladies qui touchent le plus grand nombre comme Parkinson ou Alzheimer.,NA,2,4,1,5,3,3,2,4,2,2,2,5,3,4,5,5,4,4,4,4,4,4,2,4,4,4,4,4,4,3,3,4,4,5,3,4,4,3,2,2,4,4,2,2,1,8,3,8,1,3,4,4,3,4,2,2,2,2,1,4,2,2,4,2,2,3,2,3,3,3,3,4,4,4,2,2,4,5,5,5,5,5,5,75000,2,2,1,2,4,4,4,4,4,4,2,2,2,2,2,2,4,4,4,3,4,3,1,1,1,2,5,5,NA,NA,NA,NA,NA,NA,NA,NA,NA,NA,NA,NA,NA,NA,NA,NA,NA,NA,NA,NA,NA,NA,NA,NA,NA,NA,NA,236923091642453,213,1,366,3.6666666666666665,4,4,3,4.2,4,3.6666666666666665,3.8333333333333335,4,"Higher education (e.g., university degree or higher education diploma)",Woman,40,Not religious at all (1),Urban,75000,11.225243392518447,"February 27, 2023"
2023-02-27 13:58:33,2023-02-27 14:20:48,0,100,1335,1,2023-02-27 14:20:49,R_3Hix8ekxZ8fRokB,anonymous,FR,1,0,NA,23,4,213,5,4,6,6,4,3,5,3,2,2,5,4,1,2,NA,"Sa volonté de rechercher toutes les éventualités, de ne pas s'arrêter sur des à priori et d'explorer profondément le sujet",5,2,3,4,5,4,1,5,5,3,4,5,4,5,5,5,5,4,4,4,4,4,3,4,3,4,4,4,4,4,3,4,4,4,4,4,4,3,2,2,3,4,2,2,1,10,1,10,1,4,4,5,1,5,3,2,4,4,1,1,1,5,1,1,1,5,2,3,3,3,3,2,5,3,4,2,5,3,4,3,5,3,5,33600,1,1,1,2,4,4,4,4,4,4,4,4,4,4,4,3,4,4,4,4,5,4,1,2,4,5,6,4,NA,NA,NA,NA,NA,NA,NA,NA,NA,NA,NA,NA,NA,NA,NA,NA,NA,NA,NA,NA,NA,NA,NA,NA,NA,NA,NA,236923091642454,213,1,369,4,4,3.6666666666666665,3.3333333333333335,4.8,4,3.75,4,4,"Higher education (e.g., university degree or higher education diploma)",Woman,23,Not religious at all (1),Urban,33600,10.422281345951296,"February 27, 2023"
2023-02-27 15:21:13,2023-02-27 15:27:03,0,100,349,1,2023-02-27 15:27:03,R_1dEKtsxKQBEniRT,anonymous,FR,1,1,NA,36,4,213,6,5,5,5,6,5,5,5,4,5,5,4,4,5,tout le monde bénéficie de la science dans la vie de tout les jours,NA,4,6,1,4,5,4,3,4,4,4,4,4,4,3,4,3,3,4,4,4,4,4,4,4,4,4,4,4,4,4,4,4,4,4,4,4,4,4,4,3,3,3,4,4,1,7,8,8,7,4,4,3,3,4,3,3,3,3,3,4,4,4,3,4,3,4,3,2,2,3,3,4,5,4,5,4,4,4,5,5,4,4,4,80000,99,99,1,2,3,3,4,4,4,4,4,4,4,4,4,4,4,3,3,4,3,4,1,1,5,5,6,7,NA,NA,NA,NA,NA,NA,NA,NA,NA,NA,NA,NA,NA,NA,NA,NA,NA,NA,NA,NA,NA,NA,NA,NA,NA,NA,NA,237123007768590,213,1,371,4,4,4,4,3.6,4,4,4,4,"Higher education (e.g., university degree or higher education diploma)",Man,36,Not religious at all (1),Urban,80000,11.289781913656018,"February 27, 2023"
2023-02-27 15:24:36,2023-02-27 15:30:18,0,100,342,1,2023-02-27 15:30:19,R_1gdMpboxhkgOXWV,anonymous,FR,1,1,NA,63,4,213,1,1,1,1,1,1,1,1,1,1,1,1,1,1,les médecins,NA,1,2,1,1,1,1,1,1,1,1,1,1,1,1,1,1,1,1,1,1,1,1,1,1,1,1,1,1,1,1,1,1,1,1,1,1,1,1,1,1,1,1,1,1,1,1,1,1,1,1,1,1,1,1,1,1,1,1,1,1,1,1,1,1,1,1,1,1,1,4,1,1,1,1,1,1,1,1,1,1,1,1,1,159000,99,99,1,1,1,1,1,1,1,1,1,1,1,1,1,1,1,1,1,1,1,1,1,1,1,1,1,1,NA,NA,NA,NA,NA,NA,NA,NA,NA,NA,NA,NA,NA,NA,NA,NA,NA,NA,NA,NA,NA,NA,NA,NA,NA,NA,NA,237123007756452,213,1,372,1,1,1,1,1,1,1,1,4,"Higher education (e.g., university degree or higher education diploma)",Man,63,Not religious at all (1),Rural,159000,11.976659481202368,"February 27, 2023"
2023-02-27 15:21:40,2023-02-27 15:41:47,0,100,1206,1,2023-02-27 15:41:47,R_SN1ZNm5u5kuWTEB,anonymous,FR,1,1,NA,68,4,213,4,4,2,1,3,1,1,1,2,1,4,1,1,1,NA,Diplômes Reconnaissance mondiale,4,6,1,5,5,4,4,5,5,4,4,4,5,3,5,4,4,5,5,5,4,4,3,5,4,4,5,5,4,4,4,4,4,4,2,3,4,3,1,3,2,2,2,5,1,10,9,10,3,5,2,4,3,4,4,5,4,3,1,4,3,2,4,4,4,1,2,3,3,3,4,5,5,5,4,5,5,5,5,5,3,5,5,30000,2,2,3,1,5,5,5,4,3,5,4,5,5,4,3,4,5,5,5,4,3,3,1,1,2,2,4,6,NA,NA,NA,NA,NA,NA,NA,NA,NA,NA,NA,NA,NA,NA,NA,NA,NA,NA,NA,NA,NA,NA,NA,NA,NA,NA,NA,237123007786160,213,1,376,4,5,4,4,4.2,5,4.25,4.5,4,"Higher education (e.g., university degree or higher education diploma)",Man,68,(3),Rural,30000,10.308952660644293,"February 27, 2023"
2023-02-27 15:20:15,2023-02-27 15:42:27,0,100,1332,1,2023-02-27 15:42:28,R_3DvhRZz2SKHdiHe,anonymous,FR,1,99,NA,53,4,213,2,4,2,1,3,1,1,2,3,2,3,3,1,1,NA,Son savoir faire,4,6,2,4,4,4,2,3,3,1,2,3,1,2,2,5,5,5,5,4,3,4,3,4,4,4,3,4,4,3,3,1,2,3,3,3,5,3,3,3,5,3,3,5,1,1,1,3,1,2,3,4,3,3,1,1,1,3,3,2,2,4,3,2,2,2,1,3,2,2,1,5,4,3,4,4,4,4,4,4,4,4,4,NA,99,99,1,1,4,4,3,4,3,3,4,5,3,4,3,3,3,4,4,4,3,3,1,4,5,7,5,9,NA,NA,NA,NA,NA,NA,NA,NA,NA,NA,NA,NA,NA,NA,NA,NA,NA,NA,NA,NA,NA,NA,NA,NA,NA,NA,NA,236850617189515,213,1,377,3.6666666666666665,4,3.6666666666666665,3,2.6,5,3.5833333333333335,3.8333333333333335,4,"Higher education (e.g., university degree or higher education diploma)",Prefer not to say,53,Not religious at all (1),Rural,NA,NA,"February 27, 2023"
2023-02-27 15:22:02,2023-02-27 15:43:00,0,100,1257,1,2023-02-27 15:43:00,R_3Jeb4JYGX83ZI7n,anonymous,FR,1,1,NA,48,4,213,3,2,3,1,1,2,1,1,1,2,3,1,1,1,NA,Il est reconnu par la communauté scientifique Il s'appuie sur une méthode scientifique et notamment des preuves tangibles pour énoncer des faits,4,6,1,2,5,4,1,2,4,1,5,4,4,3,5,4,3,5,4,4,5,3,4,5,4,4,5,4,5,3,3,5,4,4,3,4,4,1,1,1,1,1,2,1,1,10,4,10,2,5,3,5,1,5,4,4,4,5,1,3,3,2,4,2,3,3,3,3,3,3,2,2,5,3,5,4,5,2,5,3,5,4,5,49000,3,2,4,1,5,5,5,5,3,3,4,5,5,5,2,3,4,4,5,5,3,3,1,1,1,3,7,8,NA,NA,NA,NA,NA,NA,NA,NA,NA,NA,NA,NA,NA,NA,NA,NA,NA,NA,NA,NA,NA,NA,NA,NA,NA,NA,NA,237123007738955,213,1,378,3.3333333333333335,4.333333333333333,4.666666666666667,4,3.8,3,4.083333333333333,3.8333333333333335,4,"Higher education (e.g., university degree or higher education diploma)",Man,48,(4),Rural,49000,10.799575577092764,"February 27, 2023"
2023-02-27 15:31:14,2023-02-27 15:46:33,0,100,919,1,2023-02-27 15:46:34,R_2amAjEpqVibw0ie,anonymous,FR,1,0,NA,22,4,213,1,3,4,6,5,1,7,2,3,2,4,1,3,1,NA,"Les preuves fournies, et les explications claires et cohérentes qui y sont associées.",3,6,1,3,2,1,4,3,3,1,5,5,5,3,5,5,5,5,5,4,3,2,2,3,2,2,1,4,2,2,4,4,3,5,2,3,5,2,3,4,4,4,3,2,1,8,6,5,1,3,5,3,2,4,2,4,4,4,3,1,1,4,2,1,1,4,1,2,3,3,1,4,4,4,4,4,5,4,5,4,4,3,5,1500,99,99,3,2,4,5,4,4,3,4,3,4,4,4,4,4,4,4,4,4,4,4,1,5,6,7,4,2,NA,NA,NA,NA,NA,NA,NA,NA,NA,NA,NA,NA,NA,NA,NA,NA,NA,NA,NA,NA,NA,NA,NA,NA,NA,NA,NA,237123008192668,213,1,380,2,3.6666666666666665,2.3333333333333335,2.3333333333333335,4.6,3,2.5833333333333335,2.8333333333333335,4,"Higher education (e.g., university degree or higher education diploma)",Woman,22,(3),Urban,1500,7.313220387090301,"February 27, 2023"
2023-02-27 15:40:37,2023-02-27 15:47:17,0,100,400,1,2023-02-27 15:47:18,R_2Yy7a4xIEX9ZfBJ,anonymous,FR,1,0,NA,22,4,213,4,4,1,5,1,1,1,1,1,1,7,7,5,1,NA,son éthique,3,6,2,5,5,5,3,5,5,5,2,4,4,4,5,4,4,4,4,4,4,4,3,3,4,4,4,4,4,4,3,4,3,3,3,3,4,3,2,3,4,3,3,4,1,9,2,9,3,4,4,4,2,4,4,4,4,4,2,2,2,2,2,2,2,2,2,2,2,2,3,4,4,4,4,4,4,4,4,4,4,4,4,3000,2,2,2,2,4,4,4,4,4,4,3,3,3,3,3,3,4,4,4,4,4,4,3,3,5,5,5,6,NA,NA,NA,NA,NA,NA,NA,NA,NA,NA,NA,NA,NA,NA,NA,NA,NA,NA,NA,NA,NA,NA,NA,NA,NA,NA,NA,237123007889540,213,1,381,4,3.6666666666666665,4,3.3333333333333335,4.2,4,3.75,3.8333333333333335,4,"Higher education (e.g., university degree or higher education diploma)",Woman,22,(2),Urban,3000,8.006367567650246,"February 27, 2023"
2023-02-27 15:23:37,2023-02-27 15:47:37,0,100,1440,1,2023-02-27 15:47:37,R_2Ejib1kbsX53DG3,anonymous,FR,1,1,NA,67,4,213,3,4,3,3,3,4,4,3,5,4,6,5,4,2,NA,Compétences et communication,4,2,1,4,4,5,2,4,3,2,2,4,3,5,5,5,4,4,3,3,3,2,2,2,3,2,3,2,2,2,2,3,2,3,3,4,3,3,5,4,4,4,4,4,1,6,3,6,1,1,4,3,3,5,1,3,3,3,3,1,2,5,2,1,2,5,1,2,2,3,1,3,3,3,2,2,3,3,3,3,3,3,3,65000,2,2,3,2,1,2,1,1,2,3,3,3,3,3,3,3,3,3,2,2,3,3,6,6,8,3,4,6,NA,NA,NA,NA,NA,NA,NA,NA,NA,NA,NA,NA,NA,NA,NA,NA,NA,NA,NA,NA,NA,NA,NA,NA,NA,NA,NA,237123007911956,213,1,382,2,2.3333333333333335,2.6666666666666665,2.3333333333333335,4.2,3,2.3333333333333335,2.1666666666666665,4,"Higher education (e.g., university degree or higher education diploma)",Man,67,(3),Urban,65000,11.082142548877775,"February 27, 2023"
2023-02-27 15:42:05,2023-02-27 15:52:49,0,100,644,1,2023-02-27 15:52:50,R_1GDOWWgChzww4Dj,anonymous,FR,1,1,NA,58,3,213,2,2,2,2,2,2,1,1,1,2,2,1,1,1,l'industrie en bénéficie le plus car elle en a les moyens de développement et d'anticipation,NA,3,6,1,3,4,3,2,2,2,2,2,3,2,3,2,2,2,4,3,4,4,4,3,4,4,4,2,4,4,4,3,4,4,4,4,3,3,3,3,2,3,3,2,2,1,6,4,7,3,4,3,4,2,3,3,3,2,3,2,4,4,2,4,4,4,2,2,2,3,3,2,3,3,3,3,3,3,4,4,4,4,4,4,3800,4,5,1,1,3,3,4,3,3,3,4,4,4,2,3,4,4,4,4,4,4,4,1,2,2,5,5,7,NA,NA,NA,NA,NA,NA,NA,NA,NA,NA,NA,NA,NA,NA,NA,NA,NA,NA,NA,NA,NA,NA,NA,NA,NA,NA,NA,237123007751309,213,1,386,4,4,4,2.6666666666666665,2.4,3,3.6666666666666665,4,3,"Secondary education (e.g., high school)",Man,58,Not religious at all (1),Rural,3800,8.242756345714477,"February 27, 2023"
2023-02-27 15:25:24,2023-02-27 15:57:33,0,100,1928,1,2023-02-27 15:57:34,R_2EhFfU7y9nbcBCm,anonymous,FR,1,0,NA,48,4,213,5,4,5,4,4,4,4,4,4,3,5,2,2,1,"La science bénéficie à tous, dans des domaines très variés, mais les gens ne le ressentent pas de la même façon selon leurs categories sociales et leur environnement. Chaque découverte, progrès sert tout un chacun, que ce soit par les améliorations, les progrès qu elle permet dans tous les domaines (médecine, industrie,...)",NA,5,NA,NA,5,4,4,4,5,5,3,4,3,2,3,3,3,4,4,3,4,3,4,3,3,3,4,3,4,4,4,3,4,4,4,3,3,3,2,3,2,3,3,2,2,1,7,5,6,1,4,4,4,1,4,4,3,4,4,1,3,3,3,3,3,3,3,4,3,3,3,1,4,4,4,4,4,4,4,4,4,4,4,4,54000,2,2,1,1,4,4,4,4,3,3,4,4,4,4,3,3,4,4,4,3,3,3,1,1,2,3,2,6,NA,NA,NA,NA,NA,NA,NA,NA,NA,NA,NA,NA,NA,NA,NA,NA,NA,NA,NA,NA,NA,NA,NA,NA,NA,NA,NA,237123007928483,213,1,388,4,3.6666666666666665,3.3333333333333335,3,3,3,3.5,3.8333333333333335,4,"Higher education (e.g., university degree or higher education diploma)",Woman,48,Not religious at all (1),Rural,54000,10.896739325546411,"February 27, 2023"
2023-02-27 15:45:13,2023-02-27 16:00:15,0,100,902,1,2023-02-27 16:00:16,R_SZOUbbsaGxJkXct,anonymous,FR,1,1,NA,32,4,213,5,6,4,6,5,4,5,5,3,2,2,5,4,5,"le gouvernement et le peuple bénéficient de la science, en termes de création d'un vaccin pour lutter contre le covid-19",NA,5,4,1,5,5,5,4,5,5,4,5,5,5,5,4,5,5,5,4,4,5,4,5,5,5,4,5,5,5,4,5,5,4,5,4,3,3,5,1,1,2,3,2,1,1,10,3,10,10,5,2,1,5,1,1,1,1,2,1,5,5,1,2,5,5,1,3,2,3,3,3,2,1,1,2,3,3,2,2,1,3,2,2,56000,4,4,4,2,5,5,4,5,5,5,5,4,4,5,5,5,5,5,5,4,5,4,1,1,1,2,4,8,NA,NA,NA,NA,NA,NA,NA,NA,NA,NA,NA,NA,NA,NA,NA,NA,NA,NA,NA,NA,NA,NA,NA,NA,NA,NA,NA,237123008178336,213,1,390,4,4.666666666666667,5,5,4.8,5,4.666666666666667,4.333333333333333,4,"Higher education (e.g., university degree or higher education diploma)",Man,32,(4),Urban,56000,10.933106969717286,"February 27, 2023"
2023-02-27 15:53:59,2023-02-27 16:08:24,0,100,865,1,2023-02-27 16:08:25,R_3L5PI2B06WVlOlt,anonymous,FR,1,0,NA,26,4,213,1,5,6,1,3,1,4,2,1,4,4,2,1,1,Les pays riches car ce sont chez eux qu'il y a le plus de scientifiques,NA,3,6,3,5,5,5,2,1,2,1,4,5,3,5,4,5,4,4,3,5,1,2,1,5,2,1,2,5,2,3,3,4,1,4,3,3,3,1,5,4,4,4,3,3,1,10,3,10,1,2,4,4,1,5,4,5,4,5,1,1,1,5,1,1,1,5,3,3,3,3,2,5,5,5,5,2,5,5,5,5,5,3,5,30000,99,99,1,2,4,5,5,2,4,5,5,5,5,3,3,5,4,5,4,2,3,5,1,7,3,2,1,7,NA,NA,NA,NA,NA,NA,NA,NA,NA,NA,NA,NA,NA,NA,NA,NA,NA,NA,NA,NA,NA,NA,NA,NA,NA,NA,NA,237123007784087,213,1,392,2,5,1.6666666666666667,2,4.2,4,2.6666666666666665,3.5,4,"Higher education (e.g., university degree or higher education diploma)",Woman,26,Not religious at all (1),Urban,30000,10.308952660644293,"February 27, 2023"
2023-02-27 16:06:06,2023-02-27 16:19:03,0,100,777,1,2023-02-27 16:19:04,R_0VOLNCPROzSiZS9,anonymous,FR,1,0,NA,28,4,213,1,1,1,1,1,1,5,1,2,5,5,5,1,1,NA,Il croit ce qu’il voit,5,1,2,5,5,5,3,4,4,2,3,4,4,4,4,5,5,4,4,5,4,4,3,4,4,4,4,4,4,4,3,3,4,5,5,5,2,2,2,3,3,2,3,3,1,7,10,6,1,4,5,4,3,5,2,2,5,5,1,3,2,3,2,2,1,2,3,3,3,3,2,5,5,5,5,5,5,5,5,5,5,5,5,20000,99,99,1,2,3,3,3,3,3,3,3,3,3,3,3,3,3,3,3,3,3,3,1,1,7,4,4,7,NA,NA,NA,NA,NA,NA,NA,NA,NA,NA,NA,NA,NA,NA,NA,NA,NA,NA,NA,NA,NA,NA,NA,NA,NA,NA,NA,237123007883329,213,1,395,4,4.333333333333333,4,3.3333333333333335,4.2,4,3.9166666666666665,4.166666666666667,4,"Higher education (e.g., university degree or higher education diploma)",Woman,28,Not religious at all (1),Urban,20000,9.903487552536127,"February 27, 2023"
2023-02-27 16:13:24,2023-02-27 16:23:28,0,100,603,1,2023-02-27 16:23:28,R_2ebCeSazKynbaj4,anonymous,FR,1,0,NA,63,3,213,1,1,1,1,1,1,1,1,1,1,1,1,1,1,NA,je n'en ai aucune idee,1,1,4,5,5,5,5,3,3,3,3,1,5,1,5,5,5,5,5,3,3,3,3,3,3,3,3,3,3,3,3,5,1,1,1,1,5,5,5,5,5,5,5,5,1,5,5,5,5,1,1,5,1,5,1,1,1,5,1,1,1,1,1,1,1,1,1,3,3,3,1,5,5,5,5,5,5,5,5,5,5,5,5,20000.00,5,5,1,2,3,3,3,3,3,3,3,3,3,3,3,3,3,3,3,3,3,3,1,7,9,1,1,8,NA,NA,NA,NA,NA,NA,NA,NA,NA,NA,NA,NA,NA,NA,NA,NA,NA,NA,NA,NA,NA,NA,NA,NA,NA,NA,NA,237123007766775,213,1,396,3,3,3,3,3.4,1,3,3,3,"Secondary education (e.g., high school)",Woman,63,Not religious at all (1),Urban,20000,9.903487552536127,"February 27, 2023"
2023-02-27 16:03:21,2023-02-27 16:28:54,0,100,1532,1,2023-02-27 16:28:54,R_6Lucka6jPhLKUcp,anonymous,FR,1,0,NA,53,3,213,4,3,3,3,1,1,2,1,1,2,3,1,3,1,NA,Le résultat de ses recherches,4,6,2,4,4,4,3,5,5,5,4,5,4,3,5,5,3,5,4,5,3,4,4,4,4,4,5,3,4,4,4,4,5,4,5,5,3,3,2,2,3,3,2,3,1,6,4,5,5,5,5,4,3,5,3,4,3,4,1,3,2,4,2,1,1,5,2,3,2,3,2,5,5,5,5,5,5,5,5,5,5,4,5,900,3,4,1,1,5,5,5,5,4,4,3,4,4,4,3,3,4,5,5,5,4,4,1,6,5,6,6,5,NA,NA,NA,NA,NA,NA,NA,NA,NA,NA,NA,NA,NA,NA,NA,NA,NA,NA,NA,NA,NA,NA,NA,NA,NA,NA,NA,237123007779946,213,1,399,4,4,3.6666666666666665,4.333333333333333,4,4,4,4,3,"Secondary education (e.g., high school)",Woman,53,Not religious at all (1),Rural,900,6.802394763324311,"February 27, 2023"
2023-02-27 15:44:39,2023-02-27 16:29:01,0,100,2661,1,2023-02-27 16:29:02,R_2WYErVTyFEnWXJ5,anonymous,FR,1,0,NA,53,4,213,3,4,2,1,3,3,3,1,1,4,5,4,1,2,NA,Ses recherches,3,6,1,5,5,2,3,4,4,1,2,4,3,4,3,4,5,5,4,4,4,4,3,4,4,4,4,4,4,4,3,4,3,1,1,1,4,4,3,3,4,4,3,3,1,10,8,10,1,3,4,3,2,3,3,2,3,4,3,3,3,3,3,3,3,3,3,3,3,3,3,4,4,4,4,4,4,4,4,4,4,4,4,0,99,99,3,2,3,3,3,3,3,3,3,3,3,3,3,3,3,3,3,3,3,3,1,4,5,4,4,6,NA,NA,NA,NA,NA,NA,NA,NA,NA,NA,NA,NA,NA,NA,NA,NA,NA,NA,NA,NA,NA,NA,NA,NA,NA,NA,NA,237123007736893,213,1,400,4,4,4,3.3333333333333335,3.8,5,3.8333333333333335,4,4,"Higher education (e.g., university degree or higher education diploma)",Woman,53,(3),Urban,0,-Inf,"February 27, 2023"
2023-02-27 16:08:54,2023-02-27 16:30:54,0,100,1319,1,2023-02-27 16:30:54,R_3IcSviyE9yWkBpu,anonymous,FR,1,0,NA,44,4,213,5,6,4,3,3,2,3,1,3,4,5,1,2,1,TOUT UN CHACUN POUR FAVORISER UNE OUVERTURE D'ESPRIT ET AMENER A LA REFLEXION,NA,5,4,5,5,4,5,2,5,4,1,4,4,5,4,4,5,2,5,5,3,4,3,2,4,4,4,3,4,4,3,3,4,3,2,2,3,4,2,3,3,1,2,4,3,1,7,8,8,1,4,3,3,2,2,1,1,1,3,1,2,2,5,2,3,1,4,1,4,3,4,1,5,5,5,4,5,5,5,5,5,4,5,5,45600,2,3,4,2,4,5,5,4,3,3,4,4,4,4,4,4,3,5,5,3,3,3,1,2,6,4,2,5,NA,NA,NA,NA,NA,NA,NA,NA,NA,NA,NA,NA,NA,NA,NA,NA,NA,NA,NA,NA,NA,NA,NA,NA,NA,NA,NA,237123007807587,213,1,401,3.3333333333333335,3.6666666666666665,4,2.6666666666666665,3.8,4,3.4166666666666665,3.5,4,"Higher education (e.g., university degree or higher education diploma)",Woman,44,(4),Urban,45600,10.727662995502477,"February 27, 2023"
2023-02-27 16:13:32,2023-02-27 16:33:01,0,100,1169,1,2023-02-27 16:33:01,R_10Critx5UGM5GN9,anonymous,FR,1,1,NA,70,3,213,2,3,1,1,1,3,1,2,2,1,3,1,1,1,NA,Ça découverte,4,6,1,5,4,5,3,5,3,3,4,4,3,3,2,3,3,2,3,4,4,4,3,5,4,5,2,5,4,3,3,4,4,4,2,4,4,4,2,2,2,3,3,3,1,10,3,8,1,3,4,3,3,4,1,2,1,3,1,3,3,4,4,4,3,2,2,3,2,3,2,4,5,3,5,3,5,5,5,3,5,3,5,30000,3,3,1,1,4,4,4,4,3,3,4,3,4,5,3,3,4,4,4,4,3,3,2,3,2,2,2,5,NA,NA,NA,NA,NA,NA,NA,NA,NA,NA,NA,NA,NA,NA,NA,NA,NA,NA,NA,NA,NA,NA,NA,NA,NA,NA,NA,237123008153649,213,1,403,4,4.666666666666667,4,2.6666666666666665,3,4,3.8333333333333335,4.333333333333333,3,"Secondary education (e.g., high school)",Man,70,Not religious at all (1),Rural,30000,10.308952660644293,"February 27, 2023"
2023-02-27 16:12:25,2023-02-27 16:33:35,0,100,1269,1,2023-02-27 16:33:35,R_5bEmBrsCwEiSS0V,anonymous,FR,1,1,NA,57,3,213,2,5,3,3,1,1,3,3,1,2,3,2,3,1,"je pense que tout le monde bénéficie de la science que ce soit en médecine, climatique, industriel ect...",NA,4,6,1,5,5,4,3,5,3,2,4,3,3,4,1,4,5,4,4,4,3,5,4,5,4,5,3,4,4,4,4,1,4,5,4,5,4,3,1,3,1,1,1,4,1,9,7,7,1,4,3,2,3,5,4,4,2,4,1,2,2,4,2,2,1,4,2,3,3,3,1,5,5,5,5,4,4,5,5,5,5,5,5,1600,3,5,3,1,4,5,4,4,3,3,4,4,4,4,3,3,3,5,4,4,3,3,5,3,7,4,6,6,NA,NA,NA,NA,NA,NA,NA,NA,NA,NA,NA,NA,NA,NA,NA,NA,NA,NA,NA,NA,NA,NA,NA,NA,NA,NA,NA,237123008153651,213,1,404,4.666666666666667,4.333333333333333,3.6666666666666665,3.6666666666666665,3.2,3,4.083333333333333,4.5,3,"Secondary education (e.g., high school)",Man,57,(3),Rural,1600,7.3777589082278725,"February 27, 2023"
2023-02-27 16:28:54,2023-02-27 16:40:11,0,100,676,1,2023-02-27 16:40:12,R_t037i14RQ0pJQoV,anonymous,FR,1,0,NA,69,3,213,1,1,1,1,1,1,1,1,1,1,3,1,1,1,Les humains,NA,4,4,1,5,4,4,4,5,4,3,3,4,3,4,4,4,3,3,3,4,3,3,2,4,3,4,3,4,3,3,3,3,3,3,3,3,3,3,2,2,3,3,3,3,1,5,5,6,5,3,4,3,3,4,4,3,2,3,3,2,4,3,3,3,3,3,1,2,2,3,1,3,3,3,2,3,3,3,3,3,3,3,3,30000,3,3,3,2,4,4,3,3,2,3,3,3,3,3,3,3,3,3,3,3,3,3,4,5,3,7,3,4,NA,NA,NA,NA,NA,NA,NA,NA,NA,NA,NA,NA,NA,NA,NA,NA,NA,NA,NA,NA,NA,NA,NA,NA,NA,NA,NA,237123008156767,213,1,407,3.3333333333333335,4,3,2.6666666666666665,3.6,3,3.25,3.6666666666666665,3,"Secondary education (e.g., high school)",Woman,69,(3),Urban,30000,10.308952660644293,"February 27, 2023"
2023-02-27 16:29:40,2023-02-27 16:43:55,0,100,855,1,2023-02-27 16:43:56,R_1d78rka0DcRl5ol,anonymous,FR,1,0,NA,62,3,213,3,5,3,3,3,2,1,1,3,3,4,1,1,1,NA,Le média d’où cette personne parle,5,6,1,5,5,5,3,3,2,2,5,5,5,5,5,5,1,5,5,4,4,4,4,4,4,4,3,4,4,4,3,5,4,4,4,4,4,3,1,1,4,4,1,5,1,10,1,10,1,5,4,2,3,4,3,3,3,3,1,3,2,2,2,2,3,3,4,3,3,3,4,4,4,4,4,4,4,5,5,5,5,5,5,35000,2,1,1,1,5,5,5,5,5,5,3,3,3,3,3,3,4,4,4,3,3,3,1,1,5,2,4,6,NA,NA,NA,NA,NA,NA,NA,NA,NA,NA,NA,NA,NA,NA,NA,NA,NA,NA,NA,NA,NA,NA,NA,NA,NA,NA,NA,237123007769632,213,1,409,4,4,4,3.3333333333333335,4.2,5,3.8333333333333335,4,3,"Secondary education (e.g., high school)",Woman,62,Not religious at all (1),Rural,35000,10.46310334047155,"February 27, 2023"
2023-02-27 16:28:58,2023-02-27 16:52:48,0,100,1429,1,2023-02-27 16:52:49,R_2QX3kOmUUXjeNWR,anonymous,FR,1,0,NA,58,3,213,6,5,5,5,5,1,5,4,1,4,4,4,2,1,NA,Ses références,4,4,1,5,5,5,4,5,5,5,4,5,5,5,5,5,5,5,5,4,3,4,4,4,4,5,5,5,4,4,4,4,4,5,5,5,5,4,4,3,5,5,5,5,1,10,10,10,8,4,5,4,4,5,4,4,4,5,4,3,2,5,2,2,2,5,2,2,3,3,2,5,5,5,5,5,5,5,5,5,5,5,5,32000,99,99,1,2,4,4,4,4,4,3,4,4,4,4,4,4,4,5,5,4,4,4,1,4,5,4,4,6,NA,NA,NA,NA,NA,NA,NA,NA,NA,NA,NA,NA,NA,NA,NA,NA,NA,NA,NA,NA,NA,NA,NA,NA,NA,NA,NA,237123008200762,213,1,412,4.333333333333333,4.333333333333333,3.6666666666666665,4.333333333333333,5,5,4.166666666666667,4.333333333333333,3,"Secondary education (e.g., high school)",Woman,58,Not religious at all (1),Urban,32000,10.373491181781864,"February 27, 2023"
2023-02-27 16:52:02,2023-02-27 17:00:12,0,100,489,1,2023-02-27 17:00:13,R_3CU6SbzI3uDQXVS,anonymous,FR,1,0,NA,53,3,213,5,5,4,1,1,1,3,3,1,6,5,4,1,1,malades,NA,5,4,1,5,4,3,1,5,4,3,1,4,3,4,4,4,3,5,4,4,4,4,4,5,4,4,4,4,4,4,4,4,5,4,3,4,4,4,2,2,4,4,4,4,1,7,5,7,7,5,3,4,3,3,3,3,1,4,1,3,3,3,3,3,3,3,4,2,3,3,1,4,4,4,4,4,4,4,4,4,4,4,4,50000,4,4,1,2,4,4,4,4,4,4,4,4,4,4,4,4,4,4,4,3,4,4,1,1,1,4,5,6,NA,NA,NA,NA,NA,NA,NA,NA,NA,NA,NA,NA,NA,NA,NA,NA,NA,NA,NA,NA,NA,NA,NA,NA,NA,NA,NA,237123008145593,213,1,413,4,4.333333333333333,4,4,3.6,4,4.083333333333333,4.166666666666667,3,"Secondary education (e.g., high school)",Woman,53,Not religious at all (1),Urban,50000,10.819778284410283,"February 27, 2023"
2023-02-27 16:34:50,2023-02-27 17:01:58,0,100,1627,1,2023-02-27 17:01:58,R_RVvpON16IDtLsYh,anonymous,FR,1,1,NA,59,4,213,5,6,2,1,4,3,4,3,3,5,5,1,1,1,"Tout le monde quel que soit son statut. Les progrès de la science sont utilisés tous les jours dans beaucoup de domaines différents : transport, médecine, alimentation, communication.......",NA,5,4,1,4,5,3,3,5,5,4,5,4,2,3,3,2,2,4,4,3,4,4,4,4,4,4,4,4,4,3,3,2,3,5,5,5,4,2,2,1,1,1,2,2,1,8,4,4,4,4,2,1,3,3,2,1,1,1,1,4,4,1,4,4,4,1,2,2,3,3,4,5,5,5,5,5,5,5,5,5,5,5,5,50000,3,3,2,2,3,3,3,3,3,3,3,3,3,3,3,3,4,4,3,3,3,3,1,1,3,3,4,7,NA,NA,NA,NA,NA,NA,NA,NA,NA,NA,NA,NA,NA,NA,NA,NA,NA,NA,NA,NA,NA,NA,NA,NA,NA,NA,NA,237123007779941,213,1,415,3.6666666666666665,3.6666666666666665,4,3.6666666666666665,2.8,4,3.75,3.6666666666666665,4,"Higher education (e.g., university degree or higher education diploma)",Man,59,(2),Urban,50000,10.819778284410283,"February 27, 2023"
2023-02-27 16:38:58,2023-02-27 17:07:29,0,100,1710,1,2023-02-27 17:07:30,R_UL2bZTjI6HJLfMJ,anonymous,FR,1,0,NA,67,3,213,1,4,1,1,3,1,3,1,2,1,4,3,2,1,NA,??,3,4,1,5,4,5,3,4,4,3,3,4,4,4,3,5,5,4,3,4,3,3,3,4,3,4,3,4,4,3,4,5,4,3,3,3,4,2,3,3,3,4,3,3,1,5,7,7,1,4,3,2,3,2,2,1,2,2,3,3,2,4,2,3,2,4,4,3,3,3,2,4,3,3,3,3,3,3,3,3,3,3,3,30000,99,99,1,1,3,3,3,3,2,3,4,4,3,3,3,3,3,4,4,3,3,3,4,4,5,2,3,5,NA,NA,NA,NA,NA,NA,NA,NA,NA,NA,NA,NA,NA,NA,NA,NA,NA,NA,NA,NA,NA,NA,NA,NA,NA,NA,NA,237123007768588,213,1,417,3.3333333333333335,4,3.3333333333333335,3.3333333333333335,4,4,3.5,3.6666666666666665,3,"Secondary education (e.g., high school)",Woman,67,Not religious at all (1),Rural,30000,10.308952660644293,"February 27, 2023"
2023-02-27 16:56:54,2023-02-27 17:15:29,0,100,1115,1,2023-02-27 17:15:30,R_eE57uyiRx4cd1kd,anonymous,FR,1,0,NA,49,4,213,5,6,3,3,1,1,1,1,3,4,5,1,1,1,NA,"son expérience, les études publiées, son discours, sa renommée",5,6,1,5,5,4,3,4,4,2,5,3,3,5,3,5,5,5,5,3,3,4,3,5,3,3,3,4,4,3,3,5,4,3,3,3,4,3,3,1,1,3,3,2,1,10,6,5,4,4,5,4,3,5,3,3,3,3,2,2,2,4,3,3,2,4,2,3,2,3,3,4,4,4,4,4,4,4,4,4,4,4,4,25000,3,4,1,1,5,5,5,4,3,2,2,4,4,3,2,2,4,5,5,4,3,1,2,2,2,5,4,6,NA,NA,NA,NA,NA,NA,NA,NA,NA,NA,NA,NA,NA,NA,NA,NA,NA,NA,NA,NA,NA,NA,NA,NA,NA,NA,NA,237123007901924,213,1,419,3.3333333333333335,4,3.3333333333333335,3,3.8,5,3.4166666666666665,3.6666666666666665,4,"Higher education (e.g., university degree or higher education diploma)",Woman,49,Not religious at all (1),Rural,25000,10.126631103850338,"February 27, 2023"
2023-02-27 17:00:02,2023-02-27 17:22:26,0,100,1344,1,2023-02-27 17:22:27,R_UxzWOvBf4SniJG1,anonymous,FR,1,1,NA,59,3,213,4,5,1,6,1,1,5,1,1,1,1,1,1,1,"La science bénéficie le plus à une tranche d'âge des jeunes. Ils arrivent le mieux à l'utiliser, mais quel que ancien sorte leurs épine et arrivent aussi à l'utiliser.",NA,4,6,1,5,3,5,3,3,3,3,3,2,3,3,3,3,5,4,4,5,4,4,3,4,4,4,4,5,5,5,4,3,3,5,5,5,4,4,3,2,4,3,4,4,1,2,8,10,1,3,5,2,4,3,2,1,3,2,1,5,5,1,3,3,3,3,1,3,3,3,1,5,5,5,5,5,5,5,5,5,5,5,5,40000,3,3,1,2,5,5,5,5,5,5,5,5,5,5,5,5,5,5,5,5,5,5,1,6,3,2,5,7,NA,NA,NA,NA,NA,NA,NA,NA,NA,NA,NA,NA,NA,NA,NA,NA,NA,NA,NA,NA,NA,NA,NA,NA,NA,NA,NA,237123007928481,213,1,422,4.333333333333333,4.666666666666667,4.333333333333333,3.6666666666666665,3.2,4,4.25,4.5,3,"Secondary education (e.g., high school)",Man,59,Not religious at all (1),Urban,40000,10.596634733096073,"February 27, 2023"
2023-02-27 17:01:37,2023-02-27 17:27:19,0,100,1541,1,2023-02-27 17:27:20,R_12DqsvR603iJ7xA,anonymous,FR,1,1,NA,57,3,213,4,5,4,4,2,1,4,2,2,2,5,4,3,2,NA,"je n'en vois pas beaucoup, je n'ai plus confiance aux personnalités",2,6,5,4,4,3,4,2,2,3,2,1,3,1,3,5,5,5,5,5,2,2,3,5,1,1,2,5,1,2,2,5,1,4,4,4,1,1,5,5,5,5,3,4,1,10,5,5,5,1,2,3,2,5,2,2,4,4,1,1,1,4,1,1,1,5,2,3,3,3,1,5,5,5,5,5,5,5,5,5,5,5,5,30000,3,3,3,2,2,4,4,3,1,1,3,4,4,4,2,2,4,5,5,5,2,2,2,7,9,6,2,7,NA,NA,NA,NA,NA,NA,NA,NA,NA,NA,NA,NA,NA,NA,NA,NA,NA,NA,NA,NA,NA,NA,NA,NA,NA,NA,NA,237123007774772,213,1,424,1.6666666666666667,5,1.3333333333333333,2.3333333333333335,2.6,3,2.5833333333333335,3.3333333333333335,3,"Secondary education (e.g., high school)",Man,57,(3),Urban,30000,10.308952660644293,"February 27, 2023"
2023-02-27 17:21:46,2023-02-27 17:36:33,0,100,886,1,2023-02-27 17:36:33,R_3FQFGVN8lEnZdg5,anonymous,FR,1,0,NA,60,3,213,2,3,1,1,2,1,1,2,1,2,4,1,1,1,les malades,NA,4,6,1,4,4,4,4,3,3,3,3,3,3,3,3,5,3,3,3,4,4,3,4,4,4,4,4,4,4,4,3,5,4,2,2,2,5,4,3,4,4,2,3,4,1,8,8,8,1,3,5,1,1,1,1,1,1,5,2,3,2,5,4,3,2,4,1,3,3,3,1,5,5,5,5,5,5,5,5,5,5,5,5,7000,3,3,1,1,3,3,3,3,3,3,3,3,3,3,3,3,3,3,3,3,3,3,1,6,9,7,7,1,NA,NA,NA,NA,NA,NA,NA,NA,NA,NA,NA,NA,NA,NA,NA,NA,NA,NA,NA,NA,NA,NA,NA,NA,NA,NA,NA,237123008146622,213,1,427,3.6666666666666665,4,4,3.6666666666666665,3,3,3.8333333333333335,3.8333333333333335,3,"Secondary education (e.g., high school)",Woman,60,Not religious at all (1),Rural,7000,8.85366542803745,"February 27, 2023"
2023-02-25 10:24:35,2023-02-27 17:38:11,0,100,198816,1,2023-02-27 17:38:11,R_ZjxFGyPsmfrmMFP,anonymous,FR,1,1,NA,58,4,213,6,5,6,5,5,5,5,5,4,5,7,5,6,3,"Les entreprises privées parce qu'elles ont les moyens de mener, d'acheter des études, des scientifiques et ainsi de s'approprier leurs résultats d'investigation pour capitaliser et faire des bénéfices colossaux sur leurs investissements par purs appâts du gain",NA,3,6,1,5,5,4,3,3,1,1,3,5,5,5,4,5,3,4,3,4,4,4,3,4,4,4,4,4,4,4,3,4,4,5,4,4,4,3,3,3,5,5,3,3,1,9,1,9,1,3,2,4,1,5,4,3,4,4,1,2,1,5,1,1,1,4,2,3,3,3,3,5,5,4,5,5,5,5,5,5,5,5,5,54000,1,1,1,2,4,4,4,4,3,4,4,4,4,5,3,4,4,4,4,4,3,4,1,3,3,7,4,7,NA,NA,NA,NA,NA,NA,NA,NA,NA,NA,NA,NA,NA,NA,NA,NA,NA,NA,NA,NA,NA,NA,NA,NA,NA,NA,NA,236923091538986,213,1,428,4,4,4,3.3333333333333335,4.4,3,3.8333333333333335,4,4,"Higher education (e.g., university degree or higher education diploma)",Man,58,Not religious at all (1),Urban,54000,10.896739325546411,"February 25, 2023"
2023-02-27 17:17:59,2023-02-27 17:39:48,0,100,1309,1,2023-02-27 17:39:48,R_2tg0kz2bVboytvr,anonymous,FR,1,0,NA,69,4,213,3,2,2,1,2,2,1,3,1,3,4,3,4,3,Les chercheurs,NA,3,4,1,3,4,3,4,3,4,3,4,2,2,2,2,4,5,4,4,4,4,2,3,4,3,4,3,4,4,2,2,3,3,3,3,3,4,2,4,4,3,4,3,3,1,4,4,4,2,3,4,2,3,3,2,2,2,4,2,2,2,1,3,2,1,4,1,3,3,3,1,4,4,4,4,4,4,4,4,4,4,4,4,32000,4,5,2,2,4,4,4,3,3,3,4,4,4,3,3,3,3,4,4,3,3,3,4,6,6,3,3,5,NA,NA,NA,NA,NA,NA,NA,NA,NA,NA,NA,NA,NA,NA,NA,NA,NA,NA,NA,NA,NA,NA,NA,NA,NA,NA,NA,237123007777888,213,1,430,2.6666666666666665,4,3.6666666666666665,2.6666666666666665,2.6,3,3.25,3.3333333333333335,4,"Higher education (e.g., university degree or higher education diploma)",Woman,69,(2),Urban,32000,10.373491181781864,"February 27, 2023"
2023-02-27 17:32:35,2023-02-27 17:40:38,0,100,482,1,2023-02-27 17:40:38,R_2ZQBZZ2KJ6TbRjR,anonymous,FR,1,1,NA,57,4,213,4,4,4,4,4,4,4,4,4,4,4,4,4,4,NA,ses connaissances,3,4,1,4,4,3,4,4,3,3,3,4,3,3,3,4,3,3,4,3,4,4,4,3,4,4,4,3,4,4,3,3,4,3,3,4,3,3,3,3,4,4,4,3,1,7,7,6,8,4,3,2,4,4,3,2,2,2,4,4,3,2,3,3,3,3,2,3,3,3,3,3,4,3,3,4,3,3,3,4,3,4,3,3200,3,4,1,2,4,4,4,4,4,4,4,4,4,4,4,4,5,5,4,5,4,4,1,2,4,4,4,7,NA,NA,NA,NA,NA,NA,NA,NA,NA,NA,NA,NA,NA,NA,NA,NA,NA,NA,NA,NA,NA,NA,NA,NA,NA,NA,NA,237123007772708,213,1,432,4,3,4,3.6666666666666665,3.2,4,3.6666666666666665,3.5,4,"Higher education (e.g., university degree or higher education diploma)",Man,57,Not religious at all (1),Urban,3200,8.070906088787819,"February 27, 2023"
2023-02-27 17:28:19,2023-02-27 17:41:41,0,100,802,1,2023-02-27 17:41:42,R_ZyE5bKojJe23hpD,anonymous,FR,1,0,NA,53,4,213,1,3,1,1,1,1,1,1,1,2,3,1,1,1,NA,"je ne sais pas vraiment. a priori sa compétence, ses connaissances, sa réputation, son intégrité",3,4,1,4,5,4,5,3,2,3,3,3,3,3,5,5,5,4,3,4,4,4,3,4,4,4,3,4,4,4,3,5,4,4,4,4,4,2,2,3,2,3,3,2,1,10,3,6,1,4,5,5,1,5,2,1,5,5,1,1,1,5,1,1,1,5,1,2,3,3,1,5,5,5,5,5,5,5,5,5,5,5,5,26000,4,5,1,2,4,4,4,4,4,4,3,3,3,4,3,3,4,4,4,4,3,3,1,1,1,7,6,4,NA,NA,NA,NA,NA,NA,NA,NA,NA,NA,NA,NA,NA,NA,NA,NA,NA,NA,NA,NA,NA,NA,NA,NA,NA,NA,NA,237123008150782,213,1,433,4,4,4,3,3.8,3,3.75,4,4,"Higher education (e.g., university degree or higher education diploma)",Woman,53,Not religious at all (1),Urban,26000,10.165851817003619,"February 27, 2023"
2023-02-27 17:53:52,2023-02-27 18:11:56,0,100,1083,1,2023-02-27 18:11:56,R_2qsmVwxsGKeiNgk,anonymous,FR,1,0,NA,28,4,213,3,3,3,3,2,1,3,1,1,4,5,1,3,2,"Les humains. La science a tellement évoluer qu'elle permet pleins de progrès, tant en terme de santé/maladie que de technologie",NA,5,4,1,1,1,3,3,3,3,1,5,5,3,5,3,5,2,5,5,2,2,1,3,4,3,4,1,4,2,1,1,2,1,4,2,4,2,1,4,5,4,4,3,5,1,8,6,9,1,1,4,5,1,5,3,4,4,5,1,1,2,4,3,1,1,4,2,3,2,3,1,5,5,5,5,4,5,5,5,5,5,3,5,3400,1,4,1,1,3,3,3,1,1,3,3,3,3,1,1,1,4,4,4,2,4,3,1,6,5,6,6,5,NA,NA,NA,NA,NA,NA,NA,NA,NA,NA,NA,NA,NA,NA,NA,NA,NA,NA,NA,NA,NA,NA,NA,NA,NA,NA,NA,237123007774784,213,1,436,2,3.3333333333333335,2.3333333333333335,1.6666666666666667,3.6,5,2.3333333333333335,2.6666666666666665,4,"Higher education (e.g., university degree or higher education diploma)",Woman,28,Not religious at all (1),Rural,3400,8.131530710604252,"February 27, 2023"
2023-02-27 18:06:31,2023-02-27 18:20:43,0,100,851,1,2023-02-27 18:20:43,R_1CvjRLdjhAFMrEX,anonymous,FR,1,1,NA,56,3,213,1,3,1,1,2,1,1,3,1,2,2,1,1,1,NA,le fait qu'elle présente des preuve de ce qu'elle avance avec des résultats probants,3,2,1,3,4,1,1,2,1,1,4,2,2,3,5,3,4,5,4,4,3,2,4,4,2,3,4,4,5,3,3,4,4,4,3,4,5,2,3,3,3,3,4,4,1,8,6,6,3,2,3,2,4,2,1,2,1,3,3,2,2,4,3,2,2,4,1,2,3,4,2,3,3,2,1,2,2,3,3,3,2,3,4,37000,99,99,1,1,4,4,3,3,2,2,3,3,3,2,2,4,4,4,2,2,1,2,5,6,7,5,4,6,NA,NA,NA,NA,NA,NA,NA,NA,NA,NA,NA,NA,NA,NA,NA,NA,NA,NA,NA,NA,NA,NA,NA,NA,NA,NA,NA,237123008146618,213,1,437,2.6666666666666665,4,3.3333333333333335,3.6666666666666665,3.2,4,3.4166666666666665,3.3333333333333335,3,"Secondary education (e.g., high school)",Man,56,Not religious at all (1),Rural,37000,10.51867319162636,"February 27, 2023"
2023-02-27 17:30:54,2023-02-27 18:25:28,0,100,3274,1,2023-02-27 18:25:29,R_2VwlA1MMOd9QPWf,anonymous,FR,1,1,NA,64,4,213,5,5,5,6,5,6,4,5,4,6,5,4,4,1,les populations   la sience permets le progres,NA,4,6,5,5,5,5,2,4,4,4,4,3,4,2,3,5,5,4,4,4,4,4,3,4,4,4,4,4,4,3,4,5,4,5,5,5,3,3,2,3,3,4,4,4,1,10,3,10,1,5,3,4,2,5,3,3,3,4,1,2,1,4,2,2,2,4,3,3,3,3,2,4,5,4,5,3,4,4,4,4,4,4,4,63000,2,2,2,2,4,4,4,4,2,3,3,3,4,4,2,3,3,3,4,4,2,3,1,2,3,5,4,5,NA,NA,NA,NA,NA,NA,NA,NA,NA,NA,NA,NA,NA,NA,NA,NA,NA,NA,NA,NA,NA,NA,NA,NA,NA,NA,NA,237123008150530,213,1,440,3.6666666666666665,4,4,3.6666666666666665,3.4,5,3.8333333333333335,3.8333333333333335,4,"Higher education (e.g., university degree or higher education diploma)",Man,64,(2),Urban,63000,11.05089000537367,"February 27, 2023"
2023-02-27 17:17:24,2023-02-27 18:26:47,0,100,4162,1,2023-02-27 18:26:47,R_2WxazonoGV4EDzw,anonymous,FR,1,1,NA,50,4,213,2,2,4,3,3,3,4,1,2,2,2,1,1,1,NA,"L’université où il a étudié, ses publications, son indépendance vis à vis des politiques, des idéologies et des laboratoires.",2,2,1,5,5,5,3,2,3,1,5,3,1,3,2,5,5,4,3,3,4,4,3,3,3,4,2,4,3,4,2,5,4,5,5,5,3,3,2,3,2,2,3,4,1,9,7,6,1,1,5,1,3,1,1,1,1,1,5,1,3,3,1,1,1,1,1,3,4,3,4,1,1,1,1,1,1,1,1,1,1,1,1,17500,5,4,3,2,4,4,4,1,3,1,4,3,3,2,2,3,4,4,4,2,2,1,5,6,9,6,3,3,NA,NA,NA,NA,NA,NA,NA,NA,NA,NA,NA,NA,NA,NA,NA,NA,NA,NA,NA,NA,NA,NA,NA,NA,NA,NA,NA,237123007782003,213,1,442,4,3.3333333333333335,3.3333333333333335,2.3333333333333335,2.8,3,3.25,3.6666666666666665,4,"Higher education (e.g., university degree or higher education diploma)",Man,50,(3),Urban,17500,9.769956159911606,"February 27, 2023"
2023-02-27 18:11:36,2023-02-27 18:35:20,0,100,1424,1,2023-02-27 18:35:21,R_1OC3ZGsMdV6zTXO,anonymous,FR,1,0,NA,47,3,213,4,3,5,4,3,3,3,1,1,3,5,1,1,1,NA,Aucune idée,3,2,1,5,4,5,4,4,2,2,2,1,1,2,1,5,5,5,5,4,4,4,3,5,4,4,3,5,4,4,4,4,3,4,2,4,2,2,3,4,2,3,2,3,1,5,10,6,1,3,5,2,2,4,4,3,2,2,1,1,2,3,2,1,2,3,2,2,3,4,1,5,5,5,5,5,5,5,5,5,5,5,5,2900,99,3,4,1,4,4,4,4,3,4,4,4,4,4,4,4,4,4,4,4,4,4,4,7,7,3,5,6,NA,NA,NA,NA,NA,NA,NA,NA,NA,NA,NA,NA,NA,NA,NA,NA,NA,NA,NA,NA,NA,NA,NA,NA,NA,NA,NA,237123007755426,213,1,444,4,4.666666666666667,4,3.3333333333333335,2,3,4,4.333333333333333,3,"Secondary education (e.g., high school)",Woman,47,(4),Rural,2900,7.9724660159745655,"February 27, 2023"
2023-02-27 18:30:21,2023-02-27 18:52:34,0,100,1333,1,2023-02-27 18:52:34,R_9yu1WR6d7tNYBpf,anonymous,FR,1,0,NA,58,4,213,1,1,1,1,1,1,1,1,1,1,3,1,1,1,NA,"Quand il est scrupuleux dans ses recherches, qu'il travaille en équipe.",4,6,1,4,3,2,2,4,3,1,4,3,2,3,2,3,4,4,3,4,4,3,4,4,3,4,3,4,3,3,2,3,4,2,2,2,4,3,2,2,2,3,2,2,1,8,7,2,2,4,2,3,2,2,2,2,1,4,1,4,3,2,3,4,3,3,2,3,2,3,2,4,4,4,2,4,4,4,4,4,3,4,4,22800,3,3,1,1,4,4,4,4,4,4,4,4,4,4,4,3,4,4,4,4,4,3,1,2,6,5,4,7,NA,NA,NA,NA,NA,NA,NA,NA,NA,NA,NA,NA,NA,NA,NA,NA,NA,NA,NA,NA,NA,NA,NA,NA,NA,NA,NA,237123008149741,213,1,446,3.3333333333333335,4,3.3333333333333335,3,2.8,3,3.4166666666666665,3.6666666666666665,4,"Higher education (e.g., university degree or higher education diploma)",Woman,58,Not religious at all (1),Rural,22800,10.034515814942532,"February 27, 2023"
2023-02-27 18:38:06,2023-02-27 18:53:07,0,100,900,1,2023-02-27 18:53:07,R_1pQzJlewjKd6OVm,anonymous,FR,1,1,NA,38,4,213,1,3,4,1,4,4,1,2,2,2,2,1,1,1,NA,La connaissance qu'il a grâce aux études et recherches effectués.,3,6,1,5,5,1,2,5,5,1,3,4,3,4,3,4,3,3,3,4,3,4,3,4,4,4,3,4,4,4,3,3,4,3,3,3,4,3,3,4,3,4,3,3,1,10,5,5,1,4,2,2,3,4,1,1,2,2,1,3,3,3,3,2,3,4,3,3,3,3,2,5,5,5,4,4,5,5,5,5,4,4,5,26500,4,4,2,2,4,4,4,4,3,2,3,3,3,3,3,1,4,4,4,4,3,1,1,4,1,6,5,5,NA,NA,NA,NA,NA,NA,NA,NA,NA,NA,NA,NA,NA,NA,NA,NA,NA,NA,NA,NA,NA,NA,NA,NA,NA,NA,NA,237123008164058,213,1,447,4,4,3.6666666666666665,3,3.4,4,3.6666666666666665,4,4,"Higher education (e.g., university degree or higher education diploma)",Man,38,(2),Urban,26500,10.184900011974314,"February 27, 2023"
2023-02-27 19:22:12,2023-02-27 19:29:43,0,100,451,1,2023-02-27 19:29:44,R_T5DsACDIWm4tr8d,anonymous,FR,1,0,NA,26,3,213,2,4,3,3,4,5,4,5,5,4,4,3,4,3,"En particulier les personnes riches, les nouvelles technologies ont tendance à être cher",NA,3,4,1,3,4,4,3,4,4,3,4,4,3,4,3,3,3,2,2,4,4,4,3,4,4,4,4,3,4,3,3,3,4,3,2,4,3,3,3,4,4,4,3,3,1,8,7,7,6,4,3,4,4,4,4,4,4,4,3,3,4,4,4,4,4,3,2,3,3,2,3,4,3,3,3,4,4,4,3,3,3,4,4,1100,4,4,3,2,5,4,3,4,4,4,4,3,5,4,4,4,3,4,3,4,4,4,1,2,2,6,7,7,NA,NA,NA,NA,NA,NA,NA,NA,NA,NA,NA,NA,NA,NA,NA,NA,NA,NA,NA,NA,NA,NA,NA,NA,NA,NA,NA,237123008152601,213,1,450,3.6666666666666665,3.6666666666666665,4,3.3333333333333335,3.4,4,3.6666666666666665,3.6666666666666665,3,"Secondary education (e.g., high school)",Woman,26,(3),Urban,1100,7.003065458786462,"February 27, 2023"
2023-02-27 17:52:22,2023-02-27 19:36:43,0,100,6260,1,2023-02-27 19:36:44,R_2VOwOOAOfLIsQyJ,anonymous,FR,1,1,NA,37,4,213,4,5,3,5,4,2,6,2,3,4,4,2,2,1,Je pense que malheureusement les riches bénéficient plus de la science et des nouveautés. Les hôpitaux évoluent grâce à la science mais sous un fond d'argent quand même.,NA,2,2,1,4,4,4,2,3,2,1,4,4,3,2,4,4,5,4,3,4,4,3,2,4,2,3,4,4,4,3,2,4,4,4,4,4,4,3,3,2,4,3,3,3,1,3,3,4,2,3,4,2,3,2,2,2,2,3,4,1,1,2,2,2,2,4,2,3,3,3,1,4,4,3,4,3,4,4,4,3,4,3,4,35000,2,3,2,2,4,4,4,2,2,2,3,4,4,3,3,2,4,4,4,2,3,3,2,2,3,2,2,4,NA,NA,NA,NA,NA,NA,NA,NA,NA,NA,NA,NA,NA,NA,NA,NA,NA,NA,NA,NA,NA,NA,NA,NA,NA,NA,NA,237123007795442,213,1,452,3,4,3.3333333333333335,2.6666666666666665,3.6,3,3.25,3.5,4,"Higher education (e.g., university degree or higher education diploma)",Man,37,(2),Urban,35000,10.46310334047155,"February 27, 2023"
2023-02-27 19:24:04,2023-02-27 19:38:50,0,100,885,1,2023-02-27 19:38:50,R_XG5uRtGIWHeTWyl,anonymous,FR,1,1,NA,56,4,213,2,2,2,2,2,1,2,1,1,2,3,1,1,1,La lutte contre les maladies car cela est important,NA,3,4,1,3,3,3,3,3,3,3,3,3,3,3,3,3,3,1,1,5,4,4,3,5,4,5,4,5,4,4,1,3,3,3,3,3,3,3,1,1,1,1,1,1,1,6,5,6,1,3,3,3,3,3,3,3,3,3,3,3,3,3,3,3,4,3,4,4,4,3,4,3,3,3,3,3,3,3,3,3,3,3,3,32000,99,99,1,1,3,3,3,3,3,3,3,3,4,3,3,3,3,3,3,3,3,3,4,4,9,1,1,5,NA,NA,NA,NA,NA,NA,NA,NA,NA,NA,NA,NA,NA,NA,NA,NA,NA,NA,NA,NA,NA,NA,NA,NA,NA,NA,NA,237123007792344,213,1,453,4.333333333333333,5,4,2.6666666666666665,3,3,4,4.666666666666667,4,"Higher education (e.g., university degree or higher education diploma)",Man,56,Not religious at all (1),Rural,32000,10.373491181781864,"February 27, 2023"
2023-02-27 19:17:58,2023-02-27 19:54:49,0,100,2210,1,2023-02-27 19:54:49,R_3fIxOZbkZoi5TuB,anonymous,FR,1,1,NA,51,4,213,4,3,1,1,2,1,1,1,1,2,3,1,1,1,NA,"Neutralité  Objectivité  Indépendant, c'est à dire travaillant dans un service public",4,6,1,5,5,3,1,4,3,2,4,4,4,4,3,5,3,4,3,4,4,4,3,4,4,3,4,4,4,3,3,4,3,4,4,4,4,3,3,3,3,3,2,2,1,5,2,10,1,5,3,4,1,4,3,3,3,4,1,1,1,5,3,2,1,4,2,3,2,3,2,5,5,4,5,5,5,5,5,5,5,5,5,45000,1,1,1,2,4,4,5,5,1,3,3,4,5,4,1,2,4,4,5,4,1,2,1,1,2,7,3,5,NA,NA,NA,NA,NA,NA,NA,NA,NA,NA,NA,NA,NA,NA,NA,NA,NA,NA,NA,NA,NA,NA,NA,NA,NA,NA,NA,237123007732774,213,1,456,3.3333333333333335,4,4,3.3333333333333335,3.6,4,3.6666666666666665,3.6666666666666665,4,"Higher education (e.g., university degree or higher education diploma)",Man,51,Not religious at all (1),Urban,45000,10.714417768752456,"February 27, 2023"
2023-02-27 19:49:35,2023-02-27 20:11:31,0,100,1315,1,2023-02-27 20:11:31,R_3ESYa1LgC1TrFYn,anonymous,FR,1,0,NA,44,3,213,3,2,2,1,1,1,2,1,1,1,3,1,1,1,NA,Des rapports avec la réalité et non pas des suppositions,2,6,1,5,3,5,3,3,2,1,3,2,3,1,4,5,4,5,4,4,3,3,3,3,2,3,2,4,3,4,2,3,3,4,3,3,2,2,5,4,4,3,3,4,1,7,5,10,2,3,3,2,2,2,3,2,2,3,2,2,2,5,2,3,2,2,1,2,3,3,1,3,4,4,4,3,4,3,4,5,5,2,4,25000,99,99,3,1,4,3,1,3,1,2,3,3,2,2,2,3,3,3,3,3,2,3,6,3,8,5,6,5,NA,NA,NA,NA,NA,NA,NA,NA,NA,NA,NA,NA,NA,NA,NA,NA,NA,NA,NA,NA,NA,NA,NA,NA,NA,NA,NA,237123008149749,213,1,457,3.3333333333333335,3.6666666666666665,2.6666666666666665,2.3333333333333335,2.8,4,3,3.5,3,"Secondary education (e.g., high school)",Woman,44,(3),Rural,25000,10.126631103850338,"February 27, 2023"
2023-02-27 19:53:25,2023-02-27 20:37:52,0,100,2667,1,2023-02-27 20:37:52,R_tQCWPNNor1ALj7r,anonymous,FR,1,1,NA,57,4,213,4,5,4,3,4,2,2,1,1,3,3,1,1,1,"En règle générale,, la science bénéficie à toute la population humaine et animale d’ailleurs, s’il s’agit de science médicale..",NA,4,6,1,4,5,5,3,4,4,4,3,3,3,3,3,4,3,4,3,4,4,4,4,5,4,4,4,4,4,4,4,5,4,4,4,4,4,3,2,2,4,3,3,2,1,9,1,10,1,4,3,3,4,1,1,2,2,3,1,3,2,3,3,2,3,3,3,3,3,3,2,3,4,3,4,2,3,4,4,3,4,3,4,45000,2,3,4,2,4,4,4,4,4,3,4,4,4,4,4,4,4,4,4,4,3,3,1,1,1,4,4,7,NA,NA,NA,NA,NA,NA,NA,NA,NA,NA,NA,NA,NA,NA,NA,NA,NA,NA,NA,NA,NA,NA,NA,NA,NA,NA,NA,237123007803438,213,1,459,4,4.333333333333333,4,4,3,3,4.083333333333333,4.166666666666667,4,"Higher education (e.g., university degree or higher education diploma)",Man,57,(4),Urban,45000,10.714417768752456,"February 27, 2023"
2023-02-27 19:15:15,2023-02-27 20:47:33,0,100,5538,1,2023-02-27 20:47:34,R_vAZpUUlkvuuLHih,anonymous,FR,1,0,NA,48,4,213,1,1,1,1,1,1,1,1,1,1,1,1,1,1,NA,le résultat positif,4,4,1,1,1,1,1,5,5,5,5,5,5,5,5,5,5,5,5,4,4,4,4,4,4,4,4,4,4,4,4,5,5,3,3,3,4,4,2,4,5,5,3,4,1,10,6,10,1,4,5,1,3,1,1,1,1,1,4,3,2,5,3,4,3,3,2,3,3,3,1,5,5,5,5,5,5,5,5,5,5,5,5,25000,99,99,2,2,4,4,4,4,4,4,5,5,5,5,5,5,4,4,4,4,4,4,4,4,3,7,7,1,NA,NA,NA,NA,NA,NA,NA,NA,NA,NA,NA,NA,NA,NA,NA,NA,NA,NA,NA,NA,NA,NA,NA,NA,NA,NA,NA,237123007765742,213,1,462,4,4,4,4,5,5,4,4,4,"Higher education (e.g., university degree or higher education diploma)",Woman,48,(2),Urban,25000,10.126631103850338,"February 27, 2023"
2023-02-27 21:07:17,2023-02-27 21:28:29,0,100,1271,1,2023-02-27 21:28:29,R_2xCP1tCxnT7JuaW,anonymous,FR,1,1,NA,36,4,213,3,2,5,1,1,1,2,2,1,2,6,4,4,1,NA,"Ses études, son indépendance, sa rigeur",5,6,1,5,3,3,2,3,3,2,4,4,1,3,5,5,5,5,4,4,4,4,2,4,4,4,3,4,3,4,3,5,4,5,4,4,4,2,3,1,1,3,2,1,1,8,7,7,1,4,5,3,2,3,2,1,1,5,2,2,1,4,3,2,1,4,2,3,3,3,2,3,5,4,5,3,5,4,5,4,5,4,5,50000,2,3,1,2,4,5,4,5,1,2,3,4,5,4,3,3,4,5,4,3,2,2,1,1,5,7,5,6,NA,NA,NA,NA,NA,NA,NA,NA,NA,NA,NA,NA,NA,NA,NA,NA,NA,NA,NA,NA,NA,NA,NA,NA,NA,NA,NA,237123008148709,213,1,464,4,4,3.6666666666666665,2.6666666666666665,3.6,5,3.5833333333333335,4,4,"Higher education (e.g., university degree or higher education diploma)",Man,36,Not religious at all (1),Urban,50000,10.819778284410283,"February 27, 2023"
2023-02-27 21:20:13,2023-02-27 21:32:38,0,100,744,1,2023-02-27 21:32:38,R_1gdNlcs3DnG9UXE,anonymous,FR,1,1,NA,54,3,213,2,5,5,5,4,2,3,2,3,3,5,1,1,1,NA,Aucune idée,3,4,1,5,NA,5,1,5,5,5,1,5,5,5,5,5,5,5,1,3,3,3,3,4,3,3,3,5,3,3,3,3,3,5,5,5,3,3,5,5,5,5,5,NA,1,10,10,10,1,1,1,1,1,1,1,1,1,1,5,1,1,5,1,1,1,5,1,1,1,4,1,1,1,1,1,1,1,1,1,1,1,1,1,30000,3,3,3,2,3,3,5,1,5,5,3,3,3,3,3,3,3,3,3,3,1,3,7,7,9,7,7,3,NA,NA,NA,NA,NA,NA,NA,NA,NA,NA,NA,NA,NA,NA,NA,NA,NA,NA,NA,NA,NA,NA,NA,NA,NA,NA,NA,237123008145587,213,1,466,3,4,3,3,5,5,3.25,3.5,3,"Secondary education (e.g., high school)",Man,54,(3),Urban,30000,10.308952660644293,"February 27, 2023"
2023-02-27 21:04:59,2023-02-27 21:36:06,0,100,1867,1,2023-02-27 21:36:07,R_yBHSpT1s785T2cV,anonymous,FR,1,1,NA,74,3,213,2,5,5,2,5,2,1,1,1,1,4,1,1,1,"J'adore la science (Nouvelles Technologies, Médecine, etc) Le seul souci c'est que bien souvent elles servent à bien d'autres choses (Armements,etc)",NA,3,4,1,4,4,4,3,5,3,2,5,2,2,2,2,5,5,5,5,4,4,4,4,4,4,4,3,4,4,4,4,4,4,4,4,4,4,2,4,5,2,2,4,3,1,7,2,7,1,2,5,5,1,1,5,5,1,1,5,1,1,1,1,1,1,1,4,4,1,3,4,5,5,5,5,5,5,5,5,5,5,5,5,25000,99,99,1,2,3,3,3,1,1,1,3,3,3,3,3,3,4,4,4,3,3,3,7,7,9,1,4,4,NA,NA,NA,NA,NA,NA,NA,NA,NA,NA,NA,NA,NA,NA,NA,NA,NA,NA,NA,NA,NA,NA,NA,NA,NA,NA,NA,237123008148697,213,1,467,4,4,4,3.6666666666666665,2.6,4,3.9166666666666665,4,3,"Secondary education (e.g., high school)",Man,74,Not religious at all (1),Urban,25000,10.126631103850338,"February 27, 2023"
2023-02-27 18:27:13,2023-02-27 22:04:03,0,100,13009,1,2023-02-27 22:04:04,R_28Z1NnbgXDiOhGG,anonymous,FR,1,0,NA,26,4,213,1,3,3,3,1,2,3,1,3,4,4,2,3,1,tout dépend de quel science. chaque science étudier va avec un niveau de vie social différent.  Chaque moyen mis pour bénéficier de la science dépend aussi de l’âge et du mode de vie,NA,3,6,4,5,2,4,4,4,5,1,2,5,4,3,5,5,5,5,3,4,4,3,3,4,3,3,2,5,4,3,3,4,3,5,5,5,4,1,3,4,5,3,3,3,1,10,4,5,1,3,5,4,1,4,3,2,3,3,1,2,1,5,3,1,2,4,1,4,2,3,1,3,5,2,5,3,5,5,5,4,5,2,5,4500,99,99,2,1,3,4,3,3,2,5,3,4,5,3,2,4,3,4,4,3,1,4,1,6,7,7,1,1,NA,NA,NA,NA,NA,NA,NA,NA,NA,NA,NA,NA,NA,NA,NA,NA,NA,NA,NA,NA,NA,NA,NA,NA,NA,NA,NA,237123008194755,213,1,469,3,4.333333333333333,3.6666666666666665,2.6666666666666665,4.4,4,3.4166666666666665,3.6666666666666665,4,"Higher education (e.g., university degree or higher education diploma)",Woman,26,(2),Rural,4500,8.411832675758411,"February 27, 2023"
2023-02-27 20:48:40,2023-02-27 22:22:20,0,100,5619,1,2023-02-27 22:22:20,R_2ZV56kChBcK2LWO,anonymous,FR,1,1,NA,54,3,213,4,4,4,4,4,4,4,4,4,4,5,1,1,1,NA,Jsp,4,4,1,5,5,5,5,3,4,2,3,3,3,3,3,3,3,4,3,4,4,4,3,4,4,4,4,4,4,4,4,5,5,3,3,3,4,4,2,2,4,4,3,4,1,10,10,10,1,4,1,1,4,3,3,3,1,1,1,3,3,4,2,3,3,3,2,2,3,3,1,5,5,5,5,5,5,5,5,5,5,5,5,2300,99,2,1,2,5,5,5,5,5,5,4,4,4,4,4,4,5,5,5,5,5,5,1,1,5,2,2,9,NA,NA,NA,NA,NA,NA,NA,NA,NA,NA,NA,NA,NA,NA,NA,NA,NA,NA,NA,NA,NA,NA,NA,NA,NA,NA,NA,237123007775820,213,1,470,4,4,4,3.6666666666666665,3,4,3.9166666666666665,4,3,"Secondary education (e.g., high school)",Man,54,Not religious at all (1),Urban,2300,7.7406644019172415,"February 27, 2023"
2023-02-27 22:50:24,2023-02-27 23:19:13,0,100,1728,1,2023-02-27 23:19:13,R_1mfmiesCjs4kope,anonymous,FR,1,0,NA,52,4,213,5,4,4,5,4,4,3,3,3,4,5,4,3,3,NA,"Le fait qu’il parle de ses découvertes dans un langage simple, qu’il explique ses résultats. Qu’il utilise les médias pour véhiculer ses découvertes à un large public. Qu’il soit abordable, qu’il réponde simplement aux questions posées par les gens.",3,4,1,4,4,4,3,4,3,3,4,3,2,3,2,4,4,4,4,4,3,4,3,4,3,4,2,3,3,4,3,3,4,4,4,3,4,3,3,4,3,4,3,3,1,5,6,6,3,3,4,4,3,4,3,3,3,3,2,2,2,4,3,2,5,4,2,3,2,3,1,4,4,4,4,3,4,4,4,4,4,4,4,33000,4,4,3,2,3,4,4,3,3,4,3,4,4,3,3,3,3,4,4,3,3,3,3,3,2,5,4,7,NA,NA,NA,NA,NA,NA,NA,NA,NA,NA,NA,NA,NA,NA,NA,NA,NA,NA,NA,NA,NA,NA,NA,NA,NA,NA,NA,237123008197887,213,1,474,4,3.6666666666666665,3,2.6666666666666665,2.8,4,3.3333333333333335,3.8333333333333335,4,"Higher education (e.g., university degree or higher education diploma)",Woman,52,(3),Urban,33000,10.404262840448617,"February 27, 2023"
2023-02-27 23:09:53,2023-02-27 23:24:00,0,100,846,1,2023-02-27 23:24:01,R_3gZBh4rSFa8UBbJ,anonymous,FR,1,0,NA,67,3,213,4,2,1,1,1,1,1,1,1,1,5,1,1,1,"lesrecherches en labaratoire,les medecins pour les intervenbtions aupres des malades ,les nouvelles techniques",NA,3,2,1,5,5,3,3,4,4,2,3,3,4,3,3,3,3,5,3,4,4,4,3,4,4,4,3,4,4,3,3,4,4,1,1,1,3,2,3,3,2,2,4,4,1,5,8,5,5,4,2,2,2,1,2,1,1,3,1,3,3,5,3,3,3,3,1,4,4,4,1,5,5,5,5,5,5,5,5,5,5,5,5,13500,99,99,2,1,4,4,4,4,4,4,3,4,3,4,4,3,4,4,3,4,4,3,2,4,9,5,4,5,NA,NA,NA,NA,NA,NA,NA,NA,NA,NA,NA,NA,NA,NA,NA,NA,NA,NA,NA,NA,NA,NA,NA,NA,NA,NA,NA,237123007769630,213,1,475,3.6666666666666665,4,4,3,3.2,4,3.6666666666666665,3.8333333333333335,3,"Secondary education (e.g., high school)",Woman,67,(2),Rural,13500,9.51044496442652,"February 27, 2023"
2023-02-28 02:06:06,2023-02-28 02:31:14,0,100,1507,1,2023-02-28 02:31:14,R_2eUuN9shAAIloTn,anonymous,FR,1,0,NA,60,4,213,7,6,6,1,3,2,5,1,1,6,6,6,4,1,NA,"Leur humilité et honnêteté, et de pouvoir admettre qu’ils se trompent parfois.",2,6,3,5,5,5,3,5,5,3,3,4,1,5,3,5,5,5,3,4,4,3,4,4,4,4,4,4,4,4,3,5,5,5,5,5,4,3,1,1,4,5,3,5,1,9,4,7,7,5,4,1,3,1,1,1,1,1,2,5,4,1,5,4,4,1,2,3,3,3,2,5,4,5,5,5,5,5,5,5,5,5,5,40000,4,4,1,2,5,5,5,4,4,3,4,4,5,4,3,4,4,4,5,4,3,3,1,1,2,7,1,8,NA,NA,NA,NA,NA,NA,NA,NA,NA,NA,NA,NA,NA,NA,NA,NA,NA,NA,NA,NA,NA,NA,NA,NA,NA,NA,NA,237123007808626,213,1,478,3.6666666666666665,4,4,3.6666666666666665,3.6,5,3.8333333333333335,3.8333333333333335,4,"Higher education (e.g., university degree or higher education diploma)",Woman,60,Not religious at all (1),Urban,40000,10.596634733096073,"February 28, 2023"
2023-02-28 04:59:03,2023-02-28 05:10:48,0,100,704,1,2023-02-28 05:10:49,R_Qh7LojxLpflrrMt,anonymous,FR,1,1,NA,62,4,213,4,5,5,2,3,3,4,3,4,3,3,3,4,2,NA,sa méthodologie ;),5,4,1,5,4,5,5,5,5,5,5,4,4,2,5,4,5,5,5,4,4,4,4,4,4,4,4,4,5,5,4,5,5,4,2,3,2,3,1,1,2,3,2,5,1,5,1,4,2,4,1,1,3,2,1,1,1,4,3,2,2,3,4,3,3,1,3,3,3,3,1,2,2,2,3,2,2,2,3,2,4,2,3,1000,3,2,1,2,4,4,4,2,2,1,4,4,4,2,2,1,3,3,3,2,2,1,1,1,2,1,4,4,NA,NA,NA,NA,NA,NA,NA,NA,NA,NA,NA,NA,NA,NA,NA,NA,NA,NA,NA,NA,NA,NA,NA,NA,NA,NA,NA,237123007843421,213,1,479,4.333333333333333,4,4.333333333333333,4,4,5,4.166666666666667,4.166666666666667,4,"Higher education (e.g., university degree or higher education diploma)",Man,62,Not religious at all (1),Urban,1000,6.907755278982137,"February 28, 2023"
2023-02-28 08:18:59,2023-02-28 08:36:42,0,100,1063,1,2023-02-28 08:36:43,R_2Qfm017aW3hNfus,anonymous,FR,1,1,NA,66,3,213,2,3,2,2,2,2,2,2,2,2,1,1,1,1,NA,NA,2,6,1,5,5,3,4,4,3,1,3,5,4,2,5,5,2,3,4,4,3,3,3,4,4,4,3,4,3,4,4,4,4,4,2,4,4,2,3,4,3,3,3,3,1,9,10,9,1,4,4,4,3,4,1,1,3,3,1,1,2,5,2,2,1,5,1,3,2,3,1,2,2,2,4,2,4,3,3,3,3,3,3,30000,99,5,2,1,4,4,4,3,1,3,4,3,3,3,2,3,3,4,4,3,2,3,4,5,6,5,5,6,NA,NA,NA,NA,NA,NA,NA,NA,NA,NA,NA,NA,NA,NA,NA,NA,NA,NA,NA,NA,NA,NA,NA,NA,NA,NA,NA,237123007810704,213,1,482,3.6666666666666665,4,3.3333333333333335,3.3333333333333335,3.6,3,3.5833333333333335,3.8333333333333335,3,"Secondary education (e.g., high school)",Man,66,(2),Rural,30000,10.308952660644293,"February 28, 2023"
2023-02-28 08:04:25,2023-02-28 08:45:16,0,100,2450,1,2023-02-28 08:45:16,R_2WGUOyR3qEa4o3S,anonymous,FR,1,0,NA,68,3,213,3,4,2,2,1,1,1,1,1,3,4,1,1,1,Je pense que la science bénéficie a  la population car il y a  des progrès en médecine,NA,4,6,1,5,4,2,3,5,5,2,4,4,4,4,2,4,4,4,3,4,3,3,3,4,3,3,4,4,4,3,3,4,3,4,4,4,4,3,3,3,3,4,3,3,1,7,5,9,6,4,3,4,3,1,2,1,3,4,2,4,2,2,4,3,4,2,2,3,3,3,1,5,5,5,4,4,4,4,4,3,3,3,4,36000,4,4,2,1,4,4,4,4,4,4,4,4,4,4,3,3,4,4,4,4,5,4,1,2,3,6,3,7,NA,NA,NA,NA,NA,NA,NA,NA,NA,NA,NA,NA,NA,NA,NA,NA,NA,NA,NA,NA,NA,NA,NA,NA,NA,NA,NA,237123007774773,213,1,483,3,4,3.3333333333333335,3.3333333333333335,3.6,4,3.4166666666666665,3.5,3,"Secondary education (e.g., high school)",Woman,68,(2),Rural,36000,10.491274217438248,"February 28, 2023"
2023-02-28 09:25:19,2023-02-28 09:31:45,0,100,386,1,2023-02-28 09:31:46,R_29tyB2CFIHU44JN,anonymous,FR,1,0,NA,51,4,213,1,7,1,1,1,1,1,5,1,1,5,6,1,1,NA,tout,5,4,1,5,5,3,3,3,3,3,3,5,5,5,5,5,5,5,5,5,5,5,3,5,5,5,5,5,5,5,5,5,5,2,2,2,3,2,5,1,1,1,1,1,1,4,4,4,4,5,3,5,1,5,2,5,5,5,1,1,1,5,1,1,1,5,1,3,3,3,3,5,5,5,5,5,5,5,5,5,5,5,5,2600,2,3,2,1,5,5,5,5,5,5,5,5,5,5,5,5,5,5,5,5,5,5,1,1,4,4,4,5,NA,NA,NA,NA,NA,NA,NA,NA,NA,NA,NA,NA,NA,NA,NA,NA,NA,NA,NA,NA,NA,NA,NA,NA,NA,NA,NA,236923091084318,213,1,486,5,5,5,4.333333333333333,5,5,4.833333333333333,5,4,"Higher education (e.g., university degree or higher education diploma)",Woman,51,(2),Rural,2600,7.8632667240095735,"February 28, 2023"
2023-02-28 09:24:21,2023-02-28 09:44:20,0,100,1198,1,2023-02-28 09:44:20,R_1mJLitFAmvdIVZ6,anonymous,FR,1,0,NA,25,4,213,4,3,1,2,3,2,2,1,2,2,6,4,3,1,NA,"Ses réflexions, ses recherches, ses études, ses sources",3,2,1,5,5,4,1,4,5,4,3,1,1,3,1,5,5,4,5,3,3,3,3,4,3,3,2,4,3,2,3,2,2,5,5,5,1,3,3,4,4,4,3,3,1,7,10,8,1,3,4,5,1,5,3,4,4,5,1,1,2,5,1,1,1,4,1,3,3,3,1,3,5,4,4,4,4,4,5,4,5,4,4,1300,99,99,5,1,3,3,3,3,2,3,3,3,3,3,3,3,4,4,4,3,2,3,4,1,8,6,7,3,NA,NA,NA,NA,NA,NA,NA,NA,NA,NA,NA,NA,NA,NA,NA,NA,NA,NA,NA,NA,NA,NA,NA,NA,NA,NA,NA,236923091250375,213,1,488,2.6666666666666665,3.6666666666666665,3,2.6666666666666665,2.2,3,3,3.1666666666666665,4,"Higher education (e.g., university degree or higher education diploma)",Woman,25,Very strongly religious (5),Rural,1300,7.170119543449628,"February 28, 2023"
2023-02-28 10:28:19,2023-02-28 10:41:12,0,100,773,1,2023-02-28 10:41:13,R_2azqr5uvveTiB11,anonymous,FR,1,0,NA,21,3,213,5,4,5,4,5,6,7,3,2,3,3,4,3,3,les hommes pour la découverte,NA,4,4,1,5,4,3,3,3,3,2,4,2,2,5,1,3,4,4,3,4,3,4,2,4,4,3,4,4,2,2,1,5,4,3,3,4,4,1,2,4,4,3,2,5,1,8,4,10,1,2,1,5,2,4,1,1,3,1,4,2,3,5,4,4,4,5,2,3,2,3,3,1,3,4,5,2,3,3,4,4,3,4,4,7080,99,99,1,2,3,2,2,3,3,4,2,2,4,4,3,4,2,4,3,4,2,4,5,3,3,4,4,7,NA,NA,NA,NA,NA,NA,NA,NA,NA,NA,NA,NA,NA,NA,NA,NA,NA,NA,NA,NA,NA,NA,NA,NA,NA,NA,NA,236923091359866,213,1,489,3,4,3,2.3333333333333335,2.8,3,3.0833333333333335,3.5,3,"Secondary education (e.g., high school)",Woman,21,Not religious at all (1),Urban,7080,8.865029186687766,"February 28, 2023"
2023-02-28 11:26:19,2023-02-28 11:31:31,0,100,312,1,2023-02-28 11:31:32,R_2s1JxicfyQYW3dK,anonymous,FR,1,0,NA,25,4,213,1,1,1,1,1,5,6,4,5,4,4,5,4,6,Scientifique,NA,2,4,1,4,4,3,4,4,3,2,3,2,2,2,4,3,4,4,2,2,4,2,3,4,4,1,1,4,4,2,3,2,4,5,3,4,3,3,3,4,2,5,2,4,1,7,8,6,2,2,4,3,5,2,4,4,3,4,1,3,4,3,4,2,4,3,2,4,3,4,3,3,5,4,3,5,4,3,4,4,5,3,4,1450,3,4,4,1,3,2,2,2,3,2,2,2,2,3,1,2,2,2,2,3,1,2,2,3,3,5,5,6,NA,NA,NA,NA,NA,NA,NA,NA,NA,NA,NA,NA,NA,NA,NA,NA,NA,NA,NA,NA,NA,NA,NA,NA,NA,NA,NA,237197170562113,213,1,491,1.6666666666666667,3.3333333333333335,4,2.3333333333333335,2.8,2,2.8333333333333335,2.5,4,"Higher education (e.g., university degree or higher education diploma)",Woman,25,(4),Rural,1450,7.27931883541462,"February 28, 2023"
2023-02-28 11:35:46,2023-02-28 11:55:17,0,100,1171,1,2023-02-28 11:55:17,R_2AHylI4dUasGZqy,anonymous,FR,1,0,NA,59,3,213,3,3,2,2,3,3,3,2,3,3,5,2,2,1,NA,"Que les informations qu'il donne sont bonnes au moment où il en parle, mais que tout peut changer avec le temps, que cela peut évoluer grâce à d'autres découvertes.",3,1,3,5,5,4,3,3,3,3,4,4,3,5,3,5,2,4,3,4,2,3,3,4,2,3,1,4,2,2,2,4,2,5,3,4,5,3,3,3,3,4,3,3,1,10,2,10,1,3,4,5,1,3,3,2,4,5,1,1,1,3,2,1,2,4,3,3,3,3,3,5,5,5,5,5,5,5,5,5,5,5,5,28000,3,3,1,1,2,4,3,4,3,3,3,4,3,4,2,2,3,4,4,3,3,2,1,3,3,1,5,4,NA,NA,NA,NA,NA,NA,NA,NA,NA,NA,NA,NA,NA,NA,NA,NA,NA,NA,NA,NA,NA,NA,NA,NA,NA,NA,NA,237197170712723,213,1,493,2.6666666666666665,4,2,2,3.4,3,2.6666666666666665,3.3333333333333335,3,"Secondary education (e.g., high school)",Woman,59,Not religious at all (1),Rural,28000,10.239959789157341,"February 28, 2023"
2023-02-28 12:02:07,2023-02-28 12:16:07,0,100,839,1,2023-02-28 12:16:07,R_1DCoNCJu7jji5fq,anonymous,FR,1,0,NA,50,3,213,3,2,4,1,1,1,1,1,1,1,2,1,1,1,médecine,NA,4,4,1,5,4,5,4,4,3,2,3,4,4,5,4,5,2,3,3,3,3,4,3,4,4,4,3,4,4,4,3,4,4,5,3,5,4,4,3,2,3,3,3,4,1,9,3,10,1,4,4,3,2,1,3,1,3,2,4,3,2,4,2,3,3,3,2,3,3,3,1,3,5,3,4,3,4,3,4,3,4,3,4,20000,99,3,1,2,4,3,3,3,4,4,3,4,3,3,4,4,3,3,3,3,4,4,1,1,2,5,5,6,NA,NA,NA,NA,NA,NA,NA,NA,NA,NA,NA,NA,NA,NA,NA,NA,NA,NA,NA,NA,NA,NA,NA,NA,NA,NA,NA,237197170560048,213,1,495,4,3.6666666666666665,3.6666666666666665,3,3.8,3,3.5833333333333335,3.8333333333333335,3,"Secondary education (e.g., high school)",Woman,50,Not religious at all (1),Urban,20000,9.903487552536127,"February 28, 2023"
2023-02-28 12:15:31,2023-02-28 12:26:02,0,100,631,1,2023-02-28 12:26:03,R_3JawrkiDbbEIP2J,anonymous,FR,1,0,NA,23,4,213,5,5,3,1,1,1,2,2,1,3,5,5,1,1,NA,"Ses résultats, les faits qu'il expose",3,4,1,4,4,4,2,3,3,2,4,3,4,3,4,4,3,4,3,3,3,3,2,3,3,3,3,3,3,3,3,3,3,3,3,4,4,3,3,4,3,4,3,3,1,10,1,9,1,3,5,4,1,4,3,4,3,4,1,1,1,5,1,1,1,4,4,3,2,3,1,5,5,5,5,5,5,5,5,5,5,5,5,1,99,99,1,1,3,3,4,4,3,5,3,3,3,3,3,3,3,3,4,4,3,5,1,3,1,1,4,6,NA,NA,NA,NA,NA,NA,NA,NA,NA,NA,NA,NA,NA,NA,NA,NA,NA,NA,NA,NA,NA,NA,NA,NA,NA,NA,NA,237197170589777,213,1,497,3,3,3,2.6666666666666665,3.4,4,2.9166666666666665,3,4,"Higher education (e.g., university degree or higher education diploma)",Woman,23,Not religious at all (1),Rural,1,0,"February 28, 2023"
2023-02-28 12:25:19,2023-02-28 12:39:04,0,100,824,1,2023-02-28 12:39:04,R_3ltYeJoKsJwyTSJ,anonymous,FR,1,0,NA,23,4,213,5,7,5,5,5,2,1,1,1,3,5,3,3,1,NA,"quelque de connu du public, qu'on a pris le temps d'expliquer et avec des vrais effets visibles",4,6,1,5,5,3,5,5,4,1,3,1,2,3,2,5,5,3,2,1,4,4,3,4,3,4,4,4,3,3,3,4,4,3,3,3,3,2,3,3,2,2,2,2,1,5,7,2,6,3,4,3,2,2,1,2,3,3,2,3,3,3,3,3,3,3,1,3,1,3,1,4,4,4,5,3,4,5,5,5,5,5,5,60000,5,4,3,1,5,4,5,5,3,2,4,3,4,3,2,1,4,4,4,4,4,4,1,4,8,6,6,7,NA,NA,NA,NA,NA,NA,NA,NA,NA,NA,NA,NA,NA,NA,NA,NA,NA,NA,NA,NA,NA,NA,NA,NA,NA,NA,NA,237197170713750,213,1,500,3.6666666666666665,3,3.3333333333333335,3.3333333333333335,2.6,4,3.3333333333333335,3.3333333333333335,4,"Higher education (e.g., university degree or higher education diploma)",Woman,23,(3),Rural,60000,11.002099841204238,"February 28, 2023"
2023-02-28 12:21:12,2023-02-28 12:42:30,0,100,1277,1,2023-02-28 12:42:30,R_2VkB5PvisEytlxt,anonymous,FR,1,0,NA,20,4,213,2,2,3,2,3,3,5,3,1,2,6,6,4,1,Je sais pas,NA,4,4,1,5,5,4,4,4,5,2,2,2,4,3,3,5,4,3,2,2,1,2,3,4,3,3,4,4,1,3,1,3,2,3,3,3,2,2,3,5,4,3,5,3,1,7,6,9,8,3,4,4,2,5,5,4,3,3,4,2,2,2,4,1,1,1,1,3,3,3,1,4,4,4,5,3,5,5,5,5,5,4,5,100,99,99,5,1,2,2,4,3,4,3,4,3,3,3,4,4,4,3,3,3,4,4,4,4,5,7,1,7,NA,NA,NA,NA,NA,NA,NA,NA,NA,NA,NA,NA,NA,NA,NA,NA,NA,NA,NA,NA,NA,NA,NA,NA,NA,NA,NA,237197170713762,213,1,501,2.6666666666666665,3.3333333333333335,1.6666666666666667,2.6666666666666665,3.2,3,2.5833333333333335,3,4,"Higher education (e.g., university degree or higher education diploma)",Woman,20,Very strongly religious (5),Rural,100,4.605170185988092,"February 28, 2023"
2023-02-28 15:24:18,2023-02-28 15:29:45,0,100,327,1,2023-02-28 15:29:46,R_3P5lGB6P97gnpB4,anonymous,FR,1,0,NA,56,3,213,1,1,1,1,1,1,1,1,1,1,3,4,4,1,NA,Je ne sais pas,3,4,1,3,4,3,3,3,3,3,3,3,3,3,3,3,3,3,3,3,3,3,3,3,3,3,3,3,3,3,3,3,3,3,3,3,3,3,3,3,3,3,3,3,1,3,5,4,3,3,3,3,3,3,3,3,3,3,3,3,3,3,3,3,3,3,2,2,2,2,2,3,3,3,3,3,3,3,3,3,3,3,3,36000,99,99,1,2,3,3,3,3,3,3,3,3,3,3,3,3,3,3,3,3,3,3,4,4,5,4,4,5,NA,NA,NA,NA,NA,NA,NA,NA,NA,NA,NA,NA,NA,NA,NA,NA,NA,NA,NA,NA,NA,NA,NA,NA,NA,NA,NA,237197170556950,213,1,504,3,3,3,3,3,3,3,3,3,"Secondary education (e.g., high school)",Woman,56,Not religious at all (1),Urban,36000,10.491274217438248,"February 28, 2023"
2023-02-28 16:41:57,2023-02-28 17:03:02,0,100,1265,1,2023-02-28 17:03:02,R_79xxPZxas6bAqyd,anonymous,FR,1,0,NA,54,3,213,2,5,2,1,3,3,1,1,4,2,2,1,1,1,Les grosses entreprises pour pouvoir faire plus de benefice,NA,2,4,1,5,5,3,2,2,3,1,5,3,3,3,3,5,5,4,4,4,3,2,3,5,3,4,2,4,3,3,3,3,2,4,4,4,2,2,3,2,3,4,4,3,1,9,5,9,1,2,5,3,1,3,3,5,3,3,2,1,1,5,3,1,1,5,2,2,3,3,2,4,5,4,2,2,4,4,5,4,2,4,5,32000,3,4,4,1,3,3,3,2,2,3,3,3,3,3,3,3,4,3,3,3,2,3,2,4,5,4,5,5,NA,NA,NA,NA,NA,NA,NA,NA,NA,NA,NA,NA,NA,NA,NA,NA,NA,NA,NA,NA,NA,NA,NA,NA,NA,NA,NA,237197170559016,213,1,506,3,4.333333333333333,3,2.6666666666666665,3.4,4,3.25,3.6666666666666665,3,"Secondary education (e.g., high school)",Woman,54,(4),Rural,32000,10.373491181781864,"February 28, 2023"
2023-02-28 19:07:35,2023-02-28 20:08:49,0,100,3673,1,2023-02-28 20:08:49,R_115CrOEdDmjv6sU,anonymous,FR,1,0,NA,64,3,213,4,5,4,1,3,3,1,1,1,2,4,1,1,1,"les malades, les recherches permettent de découvrir des remédes de nouvelles méthodes de soigner. La nature en profite aussi ainsi que d'autres domaines",NA,4,6,1,4,3,4,2,4,4,3,3,2,2,3,3,4,4,3,3,3,4,4,3,4,4,4,3,4,4,4,3,3,4,3,3,3,3,3,2,2,3,3,2,2,1,8,8,8,1,3,3,3,3,3,2,2,2,3,1,2,2,2,2,2,2,3,3,3,3,3,3,3,3,3,3,2,3,3,4,4,4,3,4,14000,3,3,3,2,4,3,3,3,3,3,3,3,3,3,3,3,3,4,3,3,3,3,2,2,4,3,3,5,NA,NA,NA,NA,NA,NA,NA,NA,NA,NA,NA,NA,NA,NA,NA,NA,NA,NA,NA,NA,NA,NA,NA,NA,NA,NA,NA,237123008146628,213,1,508,4,3.6666666666666665,4,3,2.8,3,3.6666666666666665,3.8333333333333335,3,"Secondary education (e.g., high school)",Woman,64,(3),Urban,14000,9.546812608597396,"February 28, 2023"
2023-03-02 07:46:59,2023-03-02 08:01:55,0,100,895,1,2023-03-02 08:01:55,R_3eb6cnMctNMaDTz,anonymous,FR,1,1,NA,61,3,213,5,4,1,4,2,2,3,1,1,1,1,1,1,1,Tout le monde. Nous sommes  dans une démarche de progrès continu.,NA,5,2,1,5,5,4,3,5,5,1,4,4,4,4,3,4,3,5,4,4,4,4,3,4,4,4,4,4,4,4,4,5,4,3,3,3,3,2,2,3,3,3,2,2,1,8,5,7,1,4,3,3,1,3,3,3,3,5,3,2,2,4,2,3,2,1,2,3,3,3,2,3,4,4,4,3,4,3,4,4,4,3,4,48000,2,3,1,2,4,4,4,4,3,4,3,3,3,3,3,3,4,4,4,4,3,3,1,1,3,4,6,5,NA,NA,NA,NA,NA,NA,NA,NA,NA,NA,NA,NA,NA,NA,NA,NA,NA,NA,NA,NA,NA,NA,NA,NA,NA,NA,NA,237298315263015,213,1,510,4,4,4,3.6666666666666665,3.6,5,3.9166666666666665,4,3,"Secondary education (e.g., high school)",Man,61,Not religious at all (1),Urban,48000,10.778956289890028,"March 02, 2023"
2023-03-02 08:11:01,2023-03-02 08:15:54,0,100,293,1,2023-03-02 08:15:55,R_24tK3EUfXdTP3N3,anonymous,FR,1,1,NA,35,4,213,5,7,7,5,7,7,5,6,7,6,6,5,6,6,Pour moi ce sont les humains qui bénéficie le plus de la science  Car les vaccins nous aident et fait avancer la recherche.,NA,5,1,2,4,5,5,5,4,5,5,5,5,5,5,5,4,5,3,4,4,4,4,4,4,4,4,5,5,5,4,4,4,4,4,4,5,5,5,5,5,5,4,5,4,1,8,10,9,8,5,5,4,1,4,4,5,5,4,1,3,3,5,2,2,1,5,2,2,3,3,3,4,5,5,5,5,5,5,4,4,5,5,5,98000,3,4,1,2,5,4,4,5,5,4,4,4,5,4,5,5,4,5,4,5,5,5,3,5,4,5,6,7,NA,NA,NA,NA,NA,NA,NA,NA,NA,NA,NA,NA,NA,NA,NA,NA,NA,NA,NA,NA,NA,NA,NA,NA,NA,NA,NA,237361108010035,213,1,512,4,4.333333333333333,4.333333333333333,4.333333333333333,5,4,4.25,4.166666666666667,4,"Higher education (e.g., university degree or higher education diploma)",Man,35,Not religious at all (1),Urban,98000,11.49272275765271,"March 02, 2023"
2023-03-02 07:55:33,2023-03-02 08:16:53,0,100,1279,1,2023-03-02 08:16:53,R_UDOOK3dbvAPJiI9,anonymous,FR,1,0,NA,57,3,213,3,4,1,1,1,1,1,1,1,3,4,1,1,1,"Tous puisque la science fait des progrès en médecine on en profite pour guérir de maladies, on est vacciné... On progresse aussi en technologie et donc les choses changent au niveau de l'agriculture, de l'industrie....",NA,5,4,1,5,5,5,3,5,5,3,3,5,5,5,5,5,1,5,5,4,4,5,3,4,4,4,4,4,4,4,3,4,5,5,4,5,5,3,1,2,5,5,1,1,1,10,1,10,1,5,1,4,2,3,1,1,1,1,1,3,3,4,3,3,3,1,1,3,3,3,1,5,5,5,1,5,5,5,5,5,1,5,5,35000,3,3,1,2,5,5,5,5,5,3,5,5,5,5,5,3,5,5,5,5,5,3,1,1,1,1,1,5,NA,NA,NA,NA,NA,NA,NA,NA,NA,NA,NA,NA,NA,NA,NA,NA,NA,NA,NA,NA,NA,NA,NA,NA,NA,NA,NA,237298314502345,213,1,513,4.333333333333333,4,4,3.3333333333333335,4.2,5,3.9166666666666665,4.166666666666667,3,"Secondary education (e.g., high school)",Woman,57,Not religious at all (1),Urban,35000,10.46310334047155,"March 02, 2023"
2023-03-02 08:06:39,2023-03-02 08:18:03,0,100,684,1,2023-03-02 08:18:04,R_1IpcPGK4uzRi6nJ,anonymous,FR,1,1,NA,44,4,213,4,1,5,4,4,1,3,1,1,4,4,1,1,1,NA,"Ses prises de position passées La logique de ses propos La possible remise en question de ses propos Le fait qu'il n'y ait pas de personnes qui les suivent ""religieusement""",5,2,5,4,5,2,1,5,5,3,3,3,3,3,4,4,2,5,3,5,4,4,5,5,4,3,4,5,5,3,3,5,5,4,4,4,3,3,3,1,1,1,2,1,1,6,2,8,3,5,4,4,4,3,3,3,2,3,2,3,3,3,3,3,3,3,3,4,3,2,2,5,5,5,5,5,5,5,5,5,5,5,5,48000,2,4,1,2,5,5,5,4,3,4,4,5,5,4,2,4,4,4,5,4,3,3,1,1,1,5,5,8,NA,NA,NA,NA,NA,NA,NA,NA,NA,NA,NA,NA,NA,NA,NA,NA,NA,NA,NA,NA,NA,NA,NA,NA,NA,NA,NA,237361102080207,213,1,515,3.3333333333333335,5,4.333333333333333,4,3,5,4.166666666666667,4.166666666666667,4,"Higher education (e.g., university degree or higher education diploma)",Man,44,Not religious at all (1),Urban,48000,10.778956289890028,"March 02, 2023"
2023-03-02 08:06:53,2023-03-02 08:23:24,0,100,990,1,2023-03-02 08:23:24,R_3HHYweiXMQuXLzD,anonymous,FR,1,0,NA,67,3,213,4,5,5,5,4,5,3,3,3,3,5,1,1,1,Tout ce qui à trait à la science mérite que l'on s'y intéresse et que l'on creuse pour en savoir un peu plus,NA,4,6,1,5,5,5,2,4,3,3,4,4,3,3,4,4,4,5,5,4,4,4,3,4,4,4,4,4,4,4,4,4,4,4,4,4,3,2,3,3,3,2,3,2,1,9,5,10,1,4,3,3,2,3,2,3,3,4,3,3,3,3,3,3,3,3,2,3,3,3,2,4,4,4,4,4,4,5,5,5,5,5,5,24000,2,2,1,1,4,4,4,4,4,4,4,4,4,4,4,4,4,4,4,4,4,4,1,1,2,4,4,6,NA,NA,NA,NA,NA,NA,NA,NA,NA,NA,NA,NA,NA,NA,NA,NA,NA,NA,NA,NA,NA,NA,NA,NA,NA,NA,NA,237298315267171,213,1,517,4,4,4,3.6666666666666665,3.6,5,3.9166666666666665,4,3,"Secondary education (e.g., high school)",Woman,67,Not religious at all (1),Rural,24000,10.085809109330082,"March 02, 2023"
2023-03-02 08:15:06,2023-03-02 08:26:39,0,100,693,1,2023-03-02 08:26:39,R_2YEyblBJWUFiUmo,anonymous,FR,1,1,NA,46,4,213,3,3,3,3,3,3,1,1,1,3,4,1,1,1,tout le monde monde dans la mesure ou il y a partage et mise en oeuvre,NA,3,6,1,5,4,3,4,4,4,3,4,2,1,2,2,4,2,4,4,4,4,3,3,4,4,4,4,4,4,4,3,4,3,4,3,4,4,3,3,5,4,5,3,3,1,6,6,7,4,3,5,3,2,3,1,3,2,4,2,2,2,4,3,2,2,4,2,3,3,4,1,5,5,5,5,5,5,5,5,5,5,5,5,60000,3,1,1,1,3,4,3,3,2,3,4,4,4,3,3,3,4,4,4,4,3,3,1,7,8,3,4,6,NA,NA,NA,NA,NA,NA,NA,NA,NA,NA,NA,NA,NA,NA,NA,NA,NA,NA,NA,NA,NA,NA,NA,NA,NA,NA,NA,237361102299185,213,1,519,3.6666666666666665,4,4,3.3333333333333335,1.8,4,3.75,3.8333333333333335,4,"Higher education (e.g., university degree or higher education diploma)",Man,46,Not religious at all (1),Rural,60000,11.002099841204238,"March 02, 2023"
2023-03-02 08:09:40,2023-03-02 08:26:56,0,100,1036,1,2023-03-02 08:26:57,R_1l5ougMdTGAIzkx,anonymous,FR,1,0,NA,36,4,213,3,4,3,2,1,3,2,4,3,1,4,2,4,5,NA,le sérieux des réflexions menées,4,4,1,4,2,2,2,4,2,3,3,4,4,3,3,3,4,4,4,4,4,4,5,4,4,4,3,5,4,4,4,4,4,4,4,5,3,4,2,3,3,4,4,4,1,8,6,7,7,4,1,3,3,3,4,2,2,3,1,3,3,3,4,3,3,4,3,2,2,3,2,4,3,3,4,4,3,4,3,4,4,3,3,30000,5,4,2,2,4,3,3,4,3,4,5,3,4,4,3,4,4,3,4,3,4,4,5,4,8,5,6,8,NA,NA,NA,NA,NA,NA,NA,NA,NA,NA,NA,NA,NA,NA,NA,NA,NA,NA,NA,NA,NA,NA,NA,NA,NA,NA,NA,237361107871967,213,1,520,4,4.333333333333333,4,4,3.6,3,4.083333333333333,4.166666666666667,4,"Higher education (e.g., university degree or higher education diploma)",Woman,36,(2),Urban,30000,10.308952660644293,"March 02, 2023"
2023-03-02 08:04:48,2023-03-02 08:30:10,0,100,1522,1,2023-03-02 08:30:11,R_2zdvQj4yFgxAA9R,anonymous,FR,1,0,NA,25,3,213,4,4,4,4,3,4,4,1,2,3,3,3,1,1,NA,Son savoir faire,3,4,5,4,4,5,5,3,3,3,3,3,5,2,3,4,5,4,4,4,3,3,2,4,3,4,3,4,3,3,4,5,4,3,3,3,3,3,4,4,3,3,3,3,1,4,7,8,3,2,4,3,2,4,4,4,2,3,2,4,4,4,2,2,2,4,1,1,2,3,1,5,5,5,5,5,5,5,5,5,5,5,5,30000,99,4,1,2,3,3,2,3,3,3,2,2,2,2,2,2,3,3,3,3,3,3,1,7,9,6,7,2,NA,NA,NA,NA,NA,NA,NA,NA,NA,NA,NA,NA,NA,NA,NA,NA,NA,NA,NA,NA,NA,NA,NA,NA,NA,NA,NA,237361110209579,213,1,523,3.3333333333333335,4,3,3,3.6,4,3.3333333333333335,3.6666666666666665,3,"Secondary education (e.g., high school)",Woman,25,Not religious at all (1),Urban,30000,10.308952660644293,"March 02, 2023"
2023-03-02 08:12:43,2023-03-02 08:31:12,0,100,1108,1,2023-03-02 08:31:13,R_262nYW4VjtutQMr,anonymous,FR,1,0,NA,21,4,213,1,6,1,1,5,7,7,4,3,7,6,3,7,1,"Je ne pense pas que certains bénéficient plus de la science que d'autres. C'est un outil (métaphore du couteau), qui peut être utilisé au profit de certains ou d'autres. Par exemple la découverte d'un vaccin peut bénéficier à ceux qui le vendront cher ou être rendu plus accessible et bénéficier à ceux qui en auront besoin.",NA,5,4,5,5,5,5,2,5,5,2,5,5,5,5,5,5,1,5,4,4,3,4,3,4,3,4,2,4,3,4,3,5,3,5,5,5,4,4,3,3,2,2,2,2,1,10,1,10,1,5,5,3,1,5,4,4,5,5,1,2,1,3,2,2,1,3,2,3,3,3,1,4,5,5,5,5,5,5,5,5,5,5,5,NA,1,1,2,2,4,4,4,4,1,3,3,4,4,5,3,2,4,5,4,5,4,2,1,1,4,5,7,4,NA,NA,NA,NA,NA,NA,NA,NA,NA,NA,NA,NA,NA,NA,NA,NA,NA,NA,NA,NA,NA,NA,NA,NA,NA,NA,NA,237298315354224,213,1,526,4,4,3,2.6666666666666665,4.2,4,3.4166666666666665,4,4,"Higher education (e.g., university degree or higher education diploma)",Woman,21,(2),Urban,NA,NA,"March 02, 2023"
2023-03-02 08:11:51,2023-03-02 08:33:08,0,100,1277,1,2023-03-02 08:33:09,R_21oBqvL5iYrhRHA,anonymous,FR,1,0,NA,34,3,213,4,5,5,6,3,3,5,2,1,2,5,3,3,1,NA,NA,2,6,1,4,5,5,3,4,4,2,3,3,3,2,5,5,4,4,3,4,3,4,3,4,2,3,3,4,3,4,2,4,3,4,4,4,5,3,3,2,4,5,3,5,1,10,10,7,2,3,5,3,2,5,2,3,4,5,2,1,1,5,1,1,1,3,1,2,3,3,1,5,5,5,5,5,5,5,5,5,5,5,5,60000,99,99,1,1,3,3,5,5,3,3,3,2,4,5,2,2,2,2,5,5,3,3,1,7,7,1,3,5,NA,NA,NA,NA,NA,NA,NA,NA,NA,NA,NA,NA,NA,NA,NA,NA,NA,NA,NA,NA,NA,NA,NA,NA,NA,NA,NA,237361110012933,213,1,529,3.6666666666666665,4,2.6666666666666665,2.6666666666666665,3.4,5,3.25,3.8333333333333335,3,"Secondary education (e.g., high school)",Woman,34,Not religious at all (1),Rural,60000,11.002099841204238,"March 02, 2023"
2023-03-02 08:17:52,2023-03-02 08:34:22,0,100,989,1,2023-03-02 08:34:22,R_1LAImsyHuaQsEjQ,anonymous,FR,1,0,NA,51,4,213,3,4,3,3,3,2,2,2,2,3,4,1,2,1,NA,Qu’il doitblogique dans son raisonnement,5,4,1,5,5,5,3,4,5,4,4,5,5,5,5,5,3,5,5,5,4,5,2,5,5,4,4,5,4,4,4,5,5,3,3,4,3,1,5,1,3,5,4,5,1,10,10,10,1,5,5,5,1,5,5,5,5,5,1,1,1,5,1,1,1,5,2,4,3,3,1,5,5,5,5,5,5,5,5,5,5,5,5,1200,99,99,1,1,5,5,2,4,3,5,3,3,3,3,2,3,3,3,3,3,5,4,1,7,9,7,7,1,NA,NA,NA,NA,NA,NA,NA,NA,NA,NA,NA,NA,NA,NA,NA,NA,NA,NA,NA,NA,NA,NA,NA,NA,NA,NA,NA,237361109752010,213,1,531,4.333333333333333,5,4.333333333333333,3.3333333333333335,4.6,5,4.25,4.666666666666667,4,"Higher education (e.g., university degree or higher education diploma)",Woman,51,Not religious at all (1),Rural,1200,7.090076835776092,"March 02, 2023"
2023-03-02 08:10:43,2023-03-02 08:36:00,0,100,1517,1,2023-03-02 08:36:01,R_2bNNACcxP9baKzL,anonymous,FR,1,0,NA,50,4,213,2,3,2,1,3,3,3,1,1,1,1,1,1,1,NA,Donne son opinion et s'est de quoi elle parle et n'impose pas ses théories,3,4,1,5,4,5,2,4,3,2,4,4,2,3,4,5,5,2,3,4,3,3,3,4,3,3,2,4,4,4,3,3,3,5,4,5,5,4,4,2,5,5,4,4,1,10,8,8,1,4,3,2,4,2,2,3,3,3,2,2,1,5,1,2,2,4,1,3,3,3,4,3,3,3,4,3,4,4,4,3,3,3,4,9500,3,99,3,1,3,3,3,3,3,3,3,3,3,3,3,3,4,4,3,3,3,4,2,4,3,5,5,3,NA,NA,NA,NA,NA,NA,NA,NA,NA,NA,NA,NA,NA,NA,NA,NA,NA,NA,NA,NA,NA,NA,NA,NA,NA,NA,NA,237361103172798,213,1,532,3.3333333333333335,4,3.3333333333333335,2.6666666666666665,3.6,3,3.3333333333333335,3.6666666666666665,4,"Higher education (e.g., university degree or higher education diploma)",Woman,50,(3),Rural,9500,9.159047077588632,"March 02, 2023"
2023-03-02 08:21:55,2023-03-02 08:39:08,0,100,1032,1,2023-03-02 08:39:08,R_3fPsuCgCxdNqepl,anonymous,FR,1,1,NA,59,3,213,5,5,3,2,1,1,1,1,1,3,4,1,1,1,Les patients atteint de pathologies rares,NA,3,4,1,5,5,5,4,4,5,4,4,4,4,5,3,4,5,4,3,5,4,4,4,5,4,4,3,5,4,4,3,4,5,3,3,2,4,4,1,1,2,1,2,4,1,6,3,5,3,5,3,1,4,1,3,2,1,2,2,5,4,1,5,5,5,5,2,3,3,3,1,2,2,2,3,3,3,2,3,3,3,3,3,2000,2,4,1,2,5,5,4,4,5,4,5,5,4,4,4,3,5,5,4,3,5,4,1,7,1,1,2,6,NA,NA,NA,NA,NA,NA,NA,NA,NA,NA,NA,NA,NA,NA,NA,NA,NA,NA,NA,NA,NA,NA,NA,NA,NA,NA,NA,237361102054597,213,1,533,4,5,4,3.3333333333333335,4.2,4,4.083333333333333,4.5,3,"Secondary education (e.g., high school)",Man,59,Not religious at all (1),Urban,2000,7.600902459542082,"March 02, 2023"
2023-03-02 08:25:40,2023-03-02 08:41:53,0,100,973,1,2023-03-02 08:41:54,R_3O6dU5NKEr5L7x4,anonymous,FR,1,1,NA,28,4,213,2,2,2,2,3,3,2,2,2,2,3,3,2,3,NA,"Ce qui rend un ou une scientifique de confiance je pense que c'est sa notoriété, si il a effectué des choses concrète qui on été validé par le plus grand nombre . Ou même si il est diplômé de grandes écoles !",5,4,1,5,5,5,3,5,5,1,2,1,1,1,4,5,5,5,5,5,4,4,4,4,5,4,3,4,4,4,4,4,4,4,3,4,3,3,3,1,3,3,5,2,1,10,10,6,1,5,5,1,3,1,1,1,1,1,3,1,1,5,1,1,1,5,2,3,3,3,4,3,5,5,5,3,5,5,5,5,5,5,5,4000,5,5,5,2,5,5,5,5,3,3,5,5,4,4,5,5,5,5,5,3,3,1,1,1,1,1,1,5,NA,NA,NA,NA,NA,NA,NA,NA,NA,NA,NA,NA,NA,NA,NA,NA,NA,NA,NA,NA,NA,NA,NA,NA,NA,NA,NA,237361110223955,213,1,536,4,4.333333333333333,4.333333333333333,3.6666666666666665,2.4,4,4.083333333333333,4.166666666666667,4,"Higher education (e.g., university degree or higher education diploma)",Man,28,Very strongly religious (5),Urban,4000,8.294049640102028,"March 02, 2023"
2023-03-02 08:23:11,2023-03-02 08:43:01,0,100,1189,1,2023-03-02 08:43:01,R_1dgjGZvEbYRBcbX,anonymous,FR,1,1,NA,53,4,213,6,5,6,3,4,1,5,1,2,5,6,1,1,2,NA,la mise en application utile a la société d'une découverte scientifique,5,4,1,5,5,3,1,4,5,3,5,5,3,5,5,5,5,5,4,5,3,4,5,5,4,5,4,5,4,5,4,5,5,5,5,4,5,3,1,3,3,5,3,1,1,10,10,10,1,4,3,3,3,5,4,4,1,5,1,5,3,4,3,3,3,4,3,3,3,3,1,5,4,5,4,5,4,5,5,5,5,5,5,56000,3,4,1,2,5,5,5,4,2,4,5,5,5,3,2,4,5,5,5,4,3,3,1,4,1,1,4,7,NA,NA,NA,NA,NA,NA,NA,NA,NA,NA,NA,NA,NA,NA,NA,NA,NA,NA,NA,NA,NA,NA,NA,NA,NA,NA,NA,237361104598259,213,1,538,4.666666666666667,5,3.6666666666666665,4.333333333333333,4.6,5,4.416666666666667,4.833333333333333,4,"Higher education (e.g., university degree or higher education diploma)",Man,53,Not religious at all (1),Urban,56000,10.933106969717286,"March 02, 2023"
2023-03-02 08:29:53,2023-03-02 08:49:19,0,100,1166,1,2023-03-02 08:49:20,R_D7blnhLJqNwolcB,anonymous,FR,1,1,NA,46,4,213,1,5,5,1,4,1,5,5,1,4,3,3,1,1,NA,Ses découvertes,3,6,1,4,5,1,2,3,4,1,5,2,1,3,3,3,5,4,3,3,4,3,4,4,3,3,3,3,3,3,3,4,3,2,2,2,2,2,3,3,2,2,3,4,1,3,7,7,5,4,3,3,3,2,2,1,2,4,4,3,2,5,2,3,2,4,1,4,1,2,1,4,4,4,4,4,4,4,4,4,4,4,4,48000,2,4,1,1,4,4,4,3,3,3,4,3,4,2,2,2,3,3,4,2,2,2,1,5,1,5,4,7,NA,NA,NA,NA,NA,NA,NA,NA,NA,NA,NA,NA,NA,NA,NA,NA,NA,NA,NA,NA,NA,NA,NA,NA,NA,NA,NA,237361102157047,213,1,540,3,3.3333333333333335,3.3333333333333335,3.3333333333333335,2.8,3,3.25,3.1666666666666665,4,"Higher education (e.g., university degree or higher education diploma)",Man,46,Not religious at all (1),Rural,48000,10.778956289890028,"March 02, 2023"
2023-03-02 08:39:15,2023-03-02 08:51:35,0,100,740,1,2023-03-02 08:51:35,R_xABGKj7cNPhOt2N,anonymous,FR,1,0,NA,55,3,213,2,3,1,2,3,1,3,1,1,1,3,1,3,1,Les laboratoires et les pouvoirs publics,NA,1,6,1,5,2,5,1,1,4,1,5,1,1,3,1,5,5,5,3,3,1,1,3,3,1,1,1,4,1,1,1,2,1,3,3,3,5,1,5,5,5,5,5,5,1,3,1,1,1,3,3,3,1,5,1,1,3,3,3,3,3,3,3,3,3,3,3,2,2,3,1,3,3,3,3,3,3,3,3,3,3,3,3,NA,99,99,3,2,3,3,3,3,3,3,3,3,3,3,3,3,3,3,3,3,3,3,4,4,7,5,5,5,NA,NA,NA,NA,NA,NA,NA,NA,NA,NA,NA,NA,NA,NA,NA,NA,NA,NA,NA,NA,NA,NA,NA,NA,NA,NA,NA,237361108086905,213,1,542,1,3.3333333333333335,1,1.6666666666666667,2.2,1,1.75,2.1666666666666665,3,"Secondary education (e.g., high school)",Woman,55,(3),Urban,NA,NA,"March 02, 2023"
2023-03-02 08:34:09,2023-03-02 08:55:33,0,100,1283,1,2023-03-02 08:55:34,R_u4cKUtJDdcAcTmN,anonymous,FR,1,0,NA,63,3,213,1,3,1,1,1,1,1,1,1,2,3,1,1,1,"la médecine pour évoluer dans les soins des malades, les opérations",NA,4,4,1,5,4,2,3,5,4,2,3,3,3,4,3,4,4,5,4,5,5,4,4,5,4,5,4,5,4,4,4,4,4,1,1,1,4,2,3,3,3,3,2,2,1,9,2,8,1,5,1,4,2,4,4,4,1,4,1,3,1,3,2,2,2,3,2,3,3,3,3,5,5,3,5,2,5,5,5,5,5,3,5,34000,3,5,4,1,4,4,4,4,4,4,4,4,4,4,4,4,4,4,4,4,4,4,1,1,2,1,3,7,NA,NA,NA,NA,NA,NA,NA,NA,NA,NA,NA,NA,NA,NA,NA,NA,NA,NA,NA,NA,NA,NA,NA,NA,NA,NA,NA,237361107955736,213,1,545,4.333333333333333,5,4.333333333333333,4,3.4,4,4.416666666666667,4.666666666666667,3,"Secondary education (e.g., high school)",Woman,63,(4),Rural,34000,10.4341158035983,"March 02, 2023"
2023-03-02 08:37:59,2023-03-02 08:55:48,0,100,1068,1,2023-03-02 08:55:49,R_1fkIhLWkH9Ab6h2,anonymous,FR,1,1,NA,69,3,213,1,4,1,4,4,1,4,1,1,1,2,1,1,1,NA,S il s avère que les études qu elle mènent sont crédibles,3,2,1,5,4,4,2,4,4,1,3,1,2,3,3,5,5,5,4,4,4,3,2,4,3,3,4,4,4,3,2,3,3,4,4,4,4,2,4,5,2,3,3,2,1,5,3,9,2,5,2,2,3,1,1,1,2,2,3,1,1,5,3,1,1,1,4,3,3,3,1,5,5,5,1,4,4,5,5,5,2,4,5,1800,99,2,1,1,4,4,3,5,1,3,3,3,3,4,1,2,3,3,2,5,2,3,1,2,2,4,2,3,NA,NA,NA,NA,NA,NA,NA,NA,NA,NA,NA,NA,NA,NA,NA,NA,NA,NA,NA,NA,NA,NA,NA,NA,NA,NA,NA,237361108363352,213,1,546,3,4,3.6666666666666665,2.6666666666666665,2.8,3,3.3333333333333335,3.5,3,"Secondary education (e.g., high school)",Man,69,Not religious at all (1),Rural,1800,7.495541943884256,"March 02, 2023"
2023-03-02 08:24:26,2023-03-02 08:58:03,0,100,2017,1,2023-03-02 08:58:04,R_1q8ltwmLIPU87yw,anonymous,FR,1,0,NA,33,4,213,1,3,3,2,2,1,2,2,1,2,2,1,2,1,Le monde avec toutes les nouvelles technologies,NA,3,6,1,4,4,4,3,3,3,3,3,3,2,3,3,4,3,4,3,4,4,4,4,4,4,4,4,4,4,4,4,4,3,4,3,2,4,4,2,3,3,3,3,2,1,8,7,7,5,3,4,3,3,3,3,3,3,4,2,3,2,3,2,2,3,3,2,3,3,3,2,4,4,4,4,4,4,5,5,5,5,5,5,40000,2,4,3,1,4,4,4,4,4,4,4,4,4,4,4,4,3,4,3,4,4,3,3,4,3,4,4,6,NA,NA,NA,NA,NA,NA,NA,NA,NA,NA,NA,NA,NA,NA,NA,NA,NA,NA,NA,NA,NA,NA,NA,NA,NA,NA,NA,237361103905836,213,1,548,4,4,4,4,2.8,3,4,4,4,"Higher education (e.g., university degree or higher education diploma)",Woman,33,(3),Rural,40000,10.596634733096073,"March 02, 2023"
2023-03-02 08:48:47,2023-03-02 09:05:12,0,100,984,1,2023-03-02 09:05:13,R_1owmHsNMzWLEew3,anonymous,FR,1,0,NA,59,4,213,1,4,1,1,4,4,1,1,1,1,1,1,1,1,la recherche d'énergies renouvelables,NA,2,4,2,3,5,2,1,2,5,3,2,5,5,4,4,5,5,5,4,4,2,2,3,3,2,2,2,4,2,2,2,4,3,1,1,1,4,2,4,4,3,3,3,3,1,10,9,10,2,3,1,3,1,3,1,1,2,4,3,2,2,4,4,2,2,3,3,3,3,3,2,5,5,5,4,5,5,5,5,5,5,5,5,36500,99,4,1,1,4,2,4,2,1,3,3,3,3,3,3,3,4,2,3,1,1,3,1,1,8,1,7,5,NA,NA,NA,NA,NA,NA,NA,NA,NA,NA,NA,NA,NA,NA,NA,NA,NA,NA,NA,NA,NA,NA,NA,NA,NA,NA,NA,237298315348218,213,1,550,2,3.6666666666666665,2,2.3333333333333335,4.6,5,2.5,2.8333333333333335,4,"Higher education (e.g., university degree or higher education diploma)",Woman,59,Not religious at all (1),Rural,36500,10.505067539570582,"March 02, 2023"
2023-03-02 08:48:08,2023-03-02 09:06:05,0,100,1076,1,2023-03-02 09:06:06,R_2ARKGaMU5GSY3Rj,anonymous,FR,1,0,NA,57,4,213,6,6,3,1,1,3,3,3,3,3,4,3,2,1,"Tout le monde, sans la science, le monde ne serait pas ce qu’il est",NA,5,4,4,3,5,4,4,5,4,4,3,1,2,5,3,5,5,5,4,4,4,4,4,4,4,4,4,4,4,4,4,4,4,3,3,3,4,4,2,2,2,4,2,2,1,7,8,8,3,4,4,4,2,4,4,4,4,4,2,3,3,3,3,3,3,2,3,3,3,3,2,4,4,4,4,4,4,4,4,4,4,4,4,100000,3,3,1,2,4,4,4,4,2,3,4,4,4,4,3,3,4,4,4,4,3,3,2,3,6,3,4,6,NA,NA,NA,NA,NA,NA,NA,NA,NA,NA,NA,NA,NA,NA,NA,NA,NA,NA,NA,NA,NA,NA,NA,NA,NA,NA,NA,237361110246550,213,1,551,4,4,4,4,3.2,4,4,4,4,"Higher education (e.g., university degree or higher education diploma)",Woman,57,Not religious at all (1),Urban,100000,11.512925464970229,"March 02, 2023"
2023-03-02 08:50:31,2023-03-02 09:06:23,0,100,951,1,2023-03-02 09:06:23,R_WkeHhfmqygbNYEV,anonymous,FR,1,0,NA,67,4,213,6,6,6,4,4,4,2,4,3,4,5,4,1,1,"Chacun d’entre nous afin de faire évoluer la société, la santé,",NA,5,2,1,5,5,5,4,5,5,5,4,5,5,5,5,5,1,5,5,4,4,4,4,4,4,4,4,4,4,4,4,5,5,5,5,5,5,3,1,1,1,1,1,1,1,10,6,5,1,4,1,1,4,1,1,1,1,1,1,4,3,1,4,4,4,1,2,3,3,3,3,4,4,4,4,4,4,4,4,4,4,4,4,47000,1,3,1,1,4,4,4,3,3,3,4,4,4,3,3,3,3,3,3,3,3,3,1,1,1,1,1,8,NA,NA,NA,NA,NA,NA,NA,NA,NA,NA,NA,NA,NA,NA,NA,NA,NA,NA,NA,NA,NA,NA,NA,NA,NA,NA,NA,237361107869917,213,1,554,4,4,4,4,4.2,5,4,4,4,"Higher education (e.g., university degree or higher education diploma)",Woman,67,Not religious at all (1),Rural,47000,10.757902880692196,"March 02, 2023"
2023-03-02 08:50:46,2023-03-02 09:07:17,0,100,990,1,2023-03-02 09:07:17,R_2axllPUamwSsEM4,anonymous,FR,1,1,NA,67,3,213,4,4,2,2,4,4,3,3,3,4,4,3,3,1,fortunés,NA,2,2,4,5,5,5,2,1,1,1,3,1,1,5,1,5,5,1,1,3,3,2,3,3,3,3,2,3,3,3,2,3,3,3,3,3,3,3,3,3,3,3,3,3,1,6,6,10,1,3,1,1,4,1,1,1,1,1,1,1,1,5,5,5,5,1,1,3,3,3,1,3,3,3,3,3,3,3,3,3,3,3,3,34000,4,4,2,1,3,3,3,3,3,3,3,3,3,3,3,3,3,3,3,3,3,3,2,4,6,1,1,3,NA,NA,NA,NA,NA,NA,NA,NA,NA,NA,NA,NA,NA,NA,NA,NA,NA,NA,NA,NA,NA,NA,NA,NA,NA,NA,NA,237361102600370,213,1,555,2.6666666666666665,3,3,2.3333333333333335,2.6,1,2.75,2.8333333333333335,3,"Secondary education (e.g., high school)",Man,67,(2),Rural,34000,10.4341158035983,"March 02, 2023"
2023-03-02 08:55:18,2023-03-02 09:11:29,0,100,971,1,2023-03-02 09:11:29,R_2wNOf7JuApd0nUI,anonymous,FR,1,1,NA,32,3,213,2,3,3,2,2,2,3,2,3,3,4,2,2,2,Je ne sais pas,NA,4,4,1,5,5,2,4,4,4,3,3,3,3,3,3,5,3,5,4,4,3,4,3,4,3,5,4,4,4,4,3,4,4,3,4,4,5,3,2,4,4,4,3,3,1,6,6,6,5,3,5,4,1,4,2,4,4,5,1,2,1,5,3,2,1,4,1,2,3,3,1,4,5,3,3,3,4,5,5,3,3,3,5,45000,4,4,3,2,4,4,4,4,3,2,3,3,3,3,3,3,4,4,3,4,2,2,2,4,6,5,7,4,NA,NA,NA,NA,NA,NA,NA,NA,NA,NA,NA,NA,NA,NA,NA,NA,NA,NA,NA,NA,NA,NA,NA,NA,NA,NA,NA,237298315359444,213,1,559,4.333333333333333,4,3.3333333333333335,3.3333333333333335,3,4,3.75,4.166666666666667,3,"Secondary education (e.g., high school)",Man,32,(3),Urban,45000,10.714417768752456,"March 02, 2023"
2023-03-02 08:55:28,2023-03-02 09:12:13,0,100,1004,1,2023-03-02 09:12:13,R_3OdJh5frdfEbNvD,anonymous,FR,1,0,NA,56,3,213,1,1,1,1,1,1,1,1,1,1,3,3,1,1,NA,"Qu'elle soit passionnée et investie dans son travail ,ses recherches",4,4,1,5,4,5,4,5,4,3,5,5,5,5,3,5,3,4,4,4,4,5,4,5,4,5,3,5,4,5,4,5,5,4,3,3,4,3,4,3,3,2,3,4,1,6,5,5,4,4,3,4,3,3,2,2,3,2,1,3,3,4,4,4,3,4,3,3,3,3,2,4,4,4,3,4,4,4,4,3,3,4,4,24000,99,3,2,1,4,4,4,4,4,4,4,4,4,4,4,4,4,4,4,4,3,4,2,3,6,4,5,5,NA,NA,NA,NA,NA,NA,NA,NA,NA,NA,NA,NA,NA,NA,NA,NA,NA,NA,NA,NA,NA,NA,NA,NA,NA,NA,NA,237298314534131,213,1,560,5,4.666666666666667,4,3.6666666666666665,4.2,4,4.333333333333333,4.833333333333333,3,"Secondary education (e.g., high school)",Woman,56,(2),Rural,24000,10.085809109330082,"March 02, 2023"
2023-03-02 08:58:23,2023-03-02 09:15:32,0,100,1029,1,2023-03-02 09:15:32,R_OvDCJZIrQ5SyKaJ,anonymous,FR,1,0,NA,33,4,213,3,4,3,1,1,1,2,1,1,3,4,1,1,1,Les personnes ayant un niveau scolaire plutôt élevé car les éléments expliqués par la science ont un langage pas toujours faciles à comprendre.,NA,3,4,1,5,5,4,4,4,4,3,3,4,3,4,4,4,3,4,4,4,4,4,4,5,4,4,3,4,4,4,3,4,4,3,2,3,4,3,2,2,4,4,3,3,1,9,5,9,5,4,3,4,2,4,3,3,4,4,1,3,3,3,3,3,3,3,2,3,3,3,2,3,5,5,5,3,5,4,5,5,5,4,5,37000,99,99,2,2,3,3,3,3,3,4,3,4,3,3,3,3,3,3,4,3,3,3,2,3,6,5,4,6,NA,NA,NA,NA,NA,NA,NA,NA,NA,NA,NA,NA,NA,NA,NA,NA,NA,NA,NA,NA,NA,NA,NA,NA,NA,NA,NA,237361106953260,213,1,561,4,4.333333333333333,4,3.3333333333333335,3.6,3,3.9166666666666665,4.166666666666667,4,"Higher education (e.g., university degree or higher education diploma)",Woman,33,(2),Urban,37000,10.51867319162636,"March 02, 2023"
2023-03-02 08:53:24,2023-03-02 09:17:45,0,100,1461,1,2023-03-02 09:17:46,R_2cqhhnBJNB6X7vm,anonymous,FR,1,0,NA,29,4,213,5,1,7,2,1,3,2,1,1,3,3,3,3,3,NA,"Des résultats sur, de la prudence transparence et honnêteté. Mais c'est pas vendeur...",5,6,1,5,5,4,2,3,3,1,5,5,1,3,5,5,1,5,4,4,3,3,4,3,4,3,4,4,4,4,4,4,3,4,4,4,1,1,3,3,1,1,1,1,1,8,3,8,1,5,2,3,1,2,3,3,1,5,3,1,1,5,1,1,1,4,2,3,3,3,3,5,5,5,5,5,5,5,5,5,5,5,5,7000,99,99,1,2,5,5,5,5,3,3,5,5,5,5,4,4,5,5,5,5,5,5,1,1,7,5,7,3,NA,NA,NA,NA,NA,NA,NA,NA,NA,NA,NA,NA,NA,NA,NA,NA,NA,NA,NA,NA,NA,NA,NA,NA,NA,NA,NA,236923091141688,213,1,563,3.3333333333333335,3.6666666666666665,3.6666666666666665,4,3,5,3.6666666666666665,3.5,4,"Higher education (e.g., university degree or higher education diploma)",Woman,29,Not religious at all (1),Urban,7000,8.85366542803745,"March 02, 2023"
2023-03-02 09:06:09,2023-03-02 09:21:07,0,100,897,1,2023-03-02 09:21:07,R_1eOA7qbNgX0DlgM,anonymous,FR,1,1,NA,68,4,213,3,3,2,1,2,1,2,1,1,2,3,4,4,4,NA,"Grace a ses publications, fiables, vérifiées et indépendantes.",2,1,5,3,4,2,1,2,2,1,4,5,3,4,4,5,5,3,1,4,2,2,3,4,2,3,2,3,3,2,3,5,2,5,5,2,3,2,4,4,3,4,4,3,1,7,9,9,5,1,5,1,4,4,1,2,1,2,4,1,1,4,2,4,1,5,4,2,1,3,1,3,3,3,2,2,2,3,3,3,3,3,3,35000,4,5,1,2,3,4,4,1,2,3,3,4,4,2,3,3,4,4,4,2,2,3,7,7,9,4,4,7,NA,NA,NA,NA,NA,NA,NA,NA,NA,NA,NA,NA,NA,NA,NA,NA,NA,NA,NA,NA,NA,NA,NA,NA,NA,NA,NA,237298314772618,213,1,566,2.3333333333333335,3.6666666666666665,2.3333333333333335,2.6666666666666665,4.2,4,2.75,3,4,"Higher education (e.g., university degree or higher education diploma)",Man,68,Not religious at all (1),Urban,35000,10.46310334047155,"March 02, 2023"
2023-03-02 09:09:14,2023-03-02 09:21:53,0,100,758,1,2023-03-02 09:21:53,R_2wQxSKV5hIahVh2,anonymous,FR,1,0,NA,41,4,213,5,5,5,1,2,2,1,4,4,5,5,3,3,1,NA,son expertise dans un domaine scientifique,4,6,1,5,5,5,2,5,5,5,1,4,2,4,4,5,5,5,4,4,3,3,3,3,4,4,4,4,3,3,3,3,4,5,5,5,3,2,3,1,2,1,1,4,1,10,1,10,1,5,5,1,1,1,1,4,1,4,2,1,2,2,2,2,3,2,2,3,4,4,3,5,5,5,5,5,5,5,5,5,5,5,5,22653,1,2,1,1,5,5,5,5,5,5,4,4,4,3,2,2,4,4,4,4,3,3,1,1,2,1,1,5,NA,NA,NA,NA,NA,NA,NA,NA,NA,NA,NA,NA,NA,NA,NA,NA,NA,NA,NA,NA,NA,NA,NA,NA,NA,NA,NA,237361110257871,213,1,567,3.3333333333333335,3.6666666666666665,3.3333333333333335,3.3333333333333335,3.8,5,3.4166666666666665,3.5,4,"Higher education (e.g., university degree or higher education diploma)",Woman,41,Not religious at all (1),Rural,22653,10.028047572471536,"March 02, 2023"
2023-03-02 09:01:39,2023-03-02 09:26:42,0,100,1503,1,2023-03-02 09:26:43,R_2CfRrU4eLP6F6kd,anonymous,FR,1,0,NA,66,3,213,4,5,1,1,4,4,1,1,3,3,3,1,1,1,"la médecine profite et doit profiter au maximum de la science au sens le plus large (génétique, bactériologie, soins de santé les plus complexes). Ensuite l'agriculture pour produire mieux sous tous les climats",NA,4,6,1,5,4,4,3,5,4,3,4,3,3,4,3,4,4,4,4,4,3,4,3,4,3,3,2,4,4,3,3,5,4,4,3,4,4,2,4,3,3,3,3,3,1,7,7,3,2,4,4,4,2,2,3,3,3,4,1,2,2,3,3,3,3,3,2,3,3,3,1,3,4,3,4,3,4,3,4,3,4,3,4,14000,99,99,1,2,4,4,3,4,3,3,4,3,3,3,3,3,4,3,3,3,3,3,1,5,8,4,5,4,NA,NA,NA,NA,NA,NA,NA,NA,NA,NA,NA,NA,NA,NA,NA,NA,NA,NA,NA,NA,NA,NA,NA,NA,NA,NA,NA,237361102148851,213,1,570,3.3333333333333335,4,3.3333333333333335,2.6666666666666665,3.4,4,3.3333333333333335,3.6666666666666665,3,"Secondary education (e.g., high school)",Woman,66,Not religious at all (1),Urban,14000,9.546812608597396,"March 02, 2023"
2023-03-02 09:17:26,2023-03-02 09:30:41,0,100,795,1,2023-03-02 09:30:42,R_1C2QW8McxvdbBVa,anonymous,FR,1,1,NA,68,4,213,6,6,5,4,5,4,5,4,4,4,4,4,4,2,Les pays dits occidentaux,NA,5,4,1,5,5,4,3,5,5,3,4,4,1,4,2,4,4,4,3,4,4,4,3,4,3,4,3,4,4,3,3,1,3,4,3,4,4,2,2,2,1,1,2,2,1,8,1,10,1,4,4,4,4,4,4,4,3,4,2,4,3,2,4,4,4,2,2,3,3,3,1,5,3,4,4,4,4,5,4,4,4,4,4,45000,3,3,1,1,5,5,5,4,2,2,4,5,5,3,2,2,4,5,5,4,3,3,1,1,2,1,1,7,NA,NA,NA,NA,NA,NA,NA,NA,NA,NA,NA,NA,NA,NA,NA,NA,NA,NA,NA,NA,NA,NA,NA,NA,NA,NA,NA,237361103349766,213,1,572,3.6666666666666665,4,3.6666666666666665,3,3,4,3.5833333333333335,3.8333333333333335,4,"Higher education (e.g., university degree or higher education diploma)",Man,68,Not religious at all (1),Rural,45000,10.714417768752456,"March 02, 2023"
2023-03-02 09:24:24,2023-03-02 09:33:51,0,100,567,1,2023-03-02 09:33:52,R_3KBZe1MnirK4U4A,anonymous,FR,1,0,NA,58,4,213,2,2,2,3,3,3,1,1,3,5,7,1,1,3,NA,L'origine,4,6,1,5,5,5,1,5,5,5,4,5,4,4,5,5,4,5,4,4,4,4,4,5,4,4,4,5,4,4,3,5,5,5,4,4,3,2,3,3,1,2,4,4,1,8,5,7,1,5,4,3,3,4,2,2,2,2,1,3,2,2,3,3,2,3,3,3,3,3,3,5,5,5,5,5,5,5,5,5,5,5,5,5900,2,3,3,1,4,4,4,4,3,4,3,3,3,3,3,3,4,4,4,4,4,4,1,3,5,2,3,5,NA,NA,NA,NA,NA,NA,NA,NA,NA,NA,NA,NA,NA,NA,NA,NA,NA,NA,NA,NA,NA,NA,NA,NA,NA,NA,NA,237361103080602,213,1,575,4,4.666666666666667,4,3.6666666666666665,4.4,5,4.083333333333333,4.333333333333333,4,"Higher education (e.g., university degree or higher education diploma)",Woman,58,(3),Rural,5900,8.68270762989381,"March 02, 2023"
2023-03-02 09:10:47,2023-03-02 09:34:54,0,100,1446,1,2023-03-02 09:34:54,R_sHhrGT9HVVDHZwl,anonymous,FR,1,0,NA,22,4,213,5,4,5,5,4,3,6,4,4,4,5,4,4,1,NA,"Pour moi, un scientifique peut plus facilement paraître digne de confiance lorsque ses recherches sont effectuées depuis plusieurs années, par plusieurs scientifiques ayant retrouver la même « finalité », et surtout ayant exploré toutes les pistes possibles.",5,4,1,5,4,4,3,5,3,2,3,3,4,3,3,5,3,5,4,4,4,3,4,4,4,3,2,4,2,3,2,4,4,4,3,4,3,4,4,2,3,3,3,3,1,8,6,9,1,5,5,3,2,3,3,3,2,4,2,2,2,4,2,2,3,5,2,3,3,3,2,3,5,3,5,5,5,5,5,5,5,5,5,0,99,3,1,1,4,4,5,3,2,3,5,5,5,2,1,1,4,4,5,3,2,2,2,7,9,6,7,4,NA,NA,NA,NA,NA,NA,NA,NA,NA,NA,NA,NA,NA,NA,NA,NA,NA,NA,NA,NA,NA,NA,NA,NA,NA,NA,NA,237361110245516,213,1,577,3,4,3.3333333333333335,2.6666666666666665,3.2,5,3.25,3.5,4,"Higher education (e.g., university degree or higher education diploma)",Woman,22,Not religious at all (1),Rural,0,-Inf,"March 02, 2023"
2023-03-02 09:24:57,2023-03-02 09:40:21,0,100,923,1,2023-03-02 09:40:21,R_1ILT0eVc83lKxVD,anonymous,FR,1,1,NA,27,4,213,1,1,4,1,5,1,4,1,1,1,2,1,1,1,NA,Le fait qu'il arrive à prouver ce qu'il dit,3,6,1,5,5,2,2,3,2,1,4,3,3,2,2,4,4,3,3,2,4,3,4,4,4,4,3,4,4,3,3,3,4,3,1,1,3,4,3,2,3,3,3,2,1,7,3,8,3,4,3,1,2,1,2,1,1,4,3,1,1,1,1,1,1,4,2,3,3,3,1,2,4,2,3,2,4,4,4,2,4,4,4,2500,99,2,1,1,3,3,3,3,2,1,3,3,3,3,2,2,4,4,4,4,3,2,2,4,7,4,1,6,NA,NA,NA,NA,NA,NA,NA,NA,NA,NA,NA,NA,NA,NA,NA,NA,NA,NA,NA,NA,NA,NA,NA,NA,NA,NA,NA,237361108094081,213,1,579,3.3333333333333335,3.3333333333333335,4,3.3333333333333335,2.8,3,3.5,3.3333333333333335,4,"Higher education (e.g., university degree or higher education diploma)",Man,27,Not religious at all (1),Rural,2500,7.824046010856292,"March 02, 2023"
2023-03-02 09:18:38,2023-03-02 09:41:28,0,100,1370,1,2023-03-02 09:41:29,R_7VvH45XaPjVYbCh,anonymous,FR,1,1,NA,56,3,213,3,4,3,1,2,1,2,1,1,3,4,2,1,1,"l'espèce humaine, durée de vie augmentée",NA,5,6,1,5,4,3,4,5,2,1,2,2,2,2,1,5,4,4,4,4,4,4,2,5,4,4,2,4,4,4,2,5,4,4,4,4,4,1,2,1,2,2,3,3,1,9,9,10,1,4,4,4,2,4,4,3,1,5,1,3,2,4,4,2,4,1,3,3,3,3,2,4,5,5,5,3,5,5,5,5,5,5,5,50000,4,4,1,2,4,5,4,5,4,4,4,5,4,2,2,2,4,5,4,4,3,3,1,2,7,1,2,6,NA,NA,NA,NA,NA,NA,NA,NA,NA,NA,NA,NA,NA,NA,NA,NA,NA,NA,NA,NA,NA,NA,NA,NA,NA,NA,NA,237361108072557,213,1,580,4,4.333333333333333,4,2,2.2,4,3.5833333333333335,4.166666666666667,3,"Secondary education (e.g., high school)",Man,56,Not religious at all (1),Urban,50000,10.819778284410283,"March 02, 2023"
2023-03-02 09:31:01,2023-03-02 09:41:51,0,100,649,1,2023-03-02 09:41:52,R_1psuzzIGzmtzFDY,anonymous,FR,1,1,NA,61,3,213,7,7,7,7,7,7,7,7,7,7,1,1,1,1,"l'armée, c'est la recherche la plus financée",NA,4,6,1,4,2,3,5,3,2,2,5,2,2,2,3,3,5,5,5,3,3,3,1,5,3,3,2,5,3,3,3,5,3,1,1,1,1,1,2,2,2,2,3,2,1,5,5,5,5,2,2,2,2,2,2,2,2,2,2,2,2,2,2,2,2,2,2,2,2,3,1,3,3,3,3,3,3,3,3,3,3,3,3,18000,4,4,1,2,5,5,5,2,2,2,3,3,3,2,2,2,3,3,3,3,3,3,1,1,3,2,3,5,NA,NA,NA,NA,NA,NA,NA,NA,NA,NA,NA,NA,NA,NA,NA,NA,NA,NA,NA,NA,NA,NA,NA,NA,NA,NA,NA,237361102284844,213,1,581,3,4.333333333333333,3,2,2.8,5,3.0833333333333335,3.6666666666666665,3,"Secondary education (e.g., high school)",Man,61,Not religious at all (1),Urban,18000,9.798127036878302,"March 02, 2023"
2023-03-02 09:37:22,2023-03-02 09:51:43,0,100,861,1,2023-03-02 09:51:43,R_1Nh6kLJSuzpWVG1,anonymous,FR,1,0,NA,21,4,213,1,1,1,1,1,1,1,1,1,1,7,7,7,2,NA,Ses expériences,4,4,1,5,5,4,4,4,3,2,4,3,3,3,3,3,3,4,4,3,3,4,3,3,3,3,3,3,3,3,3,4,3,3,3,3,4,2,4,4,4,4,3,4,1,10,1,6,1,4,3,5,1,4,5,5,4,4,1,1,1,5,1,1,1,5,1,2,3,3,1,5,5,5,5,5,5,4,5,5,5,5,5,0,99,99,2,1,3,3,3,4,2,3,4,4,4,5,4,4,3,3,3,3,3,3,1,4,7,6,6,5,NA,NA,NA,NA,NA,NA,NA,NA,NA,NA,NA,NA,NA,NA,NA,NA,NA,NA,NA,NA,NA,NA,NA,NA,NA,NA,NA,236923091107973,213,1,585,3.3333333333333335,3,3,3,3,4,3.0833333333333335,3.1666666666666665,4,"Higher education (e.g., university degree or higher education diploma)",Woman,21,(2),Rural,0,-Inf,"March 02, 2023"
2023-03-02 09:38:38,2023-03-02 09:54:40,0,100,961,1,2023-03-02 09:54:41,R_1CIoPK6SiB8rVVa,anonymous,FR,1,1,NA,62,3,213,4,3,3,1,1,2,1,1,1,3,3,1,1,1,NA,Une liberté de choix et de moyens dans ces études,4,6,1,4,5,5,1,3,4,2,4,4,4,3,3,3,5,5,4,3,4,2,2,5,4,3,2,5,4,3,2,5,4,4,3,4,4,3,2,4,2,2,2,3,1,6,2,9,1,4,3,4,2,2,3,3,3,4,3,1,1,4,2,1,1,5,3,2,2,3,1,4,5,4,4,5,5,5,5,5,5,5,5,22000,2,3,1,2,4,4,4,3,2,2,3,4,4,3,2,2,3,4,4,3,1,1,1,2,3,5,5,7,NA,NA,NA,NA,NA,NA,NA,NA,NA,NA,NA,NA,NA,NA,NA,NA,NA,NA,NA,NA,NA,NA,NA,NA,NA,NA,NA,237361107825840,213,1,588,2.6666666666666665,4.333333333333333,4,2,3.8,4,3.25,3.5,3,"Secondary education (e.g., high school)",Man,62,Not religious at all (1),Urban,22000,9.998797732340453,"March 02, 2023"
2023-03-02 09:13:01,2023-03-02 09:56:17,0,100,2595,1,2023-03-02 09:56:18,R_3nwnjdLjLWNxTgc,anonymous,FR,1,0,NA,29,3,213,4,5,4,5,3,4,5,4,3,4,4,3,1,1,Les gens riches,NA,3,6,1,4,4,4,5,4,5,3,2,4,4,5,3,2,4,2,4,4,4,3,4,4,4,5,4,5,4,5,5,4,3,3,4,4,3,3,5,4,4,4,2,4,1,7,9,7,7,2,2,2,4,3,4,2,2,4,2,3,3,4,4,3,4,4,3,3,4,2,4,5,5,5,5,5,5,5,5,5,5,5,5,3000,99,99,3,1,3,5,4,5,4,4,4,5,4,5,3,4,4,4,4,4,3,5,3,7,7,6,5,8,NA,NA,NA,NA,NA,NA,NA,NA,NA,NA,NA,NA,NA,NA,NA,NA,NA,NA,NA,NA,NA,NA,NA,NA,NA,NA,NA,237361103928381,213,1,590,4.333333333333333,4.333333333333333,4,4.333333333333333,4,4,4.25,4.333333333333333,3,"Secondary education (e.g., high school)",Woman,29,(3),Rural,3000,8.006367567650246,"March 02, 2023"
2023-03-02 09:13:46,2023-03-02 09:57:58,0,100,2651,1,2023-03-02 09:57:59,R_1FePjvDsaXYsG2n,anonymous,FR,1,1,NA,39,3,213,5,6,6,6,5,4,5,3,3,4,4,4,2,2,"A tous le monde, santé, tech, etc...",NA,4,4,2,5,5,3,3,4,5,1,5,5,2,4,3,5,4,4,3,4,4,3,4,5,3,4,5,4,5,4,2,5,5,2,3,4,3,3,2,3,1,4,2,3,1,8,8,10,1,5,3,4,3,5,3,3,2,4,1,3,1,3,3,2,2,3,2,3,3,3,2,4,4,4,5,3,5,5,5,5,4,4,5,20000,2,1,1,1,5,5,5,5,3,4,4,4,5,5,4,4,4,5,5,4,4,3,1,2,3,4,4,3,NA,NA,NA,NA,NA,NA,NA,NA,NA,NA,NA,NA,NA,NA,NA,NA,NA,NA,NA,NA,NA,NA,NA,NA,NA,NA,NA,237361110049851,213,1,591,3.6666666666666665,4.333333333333333,4,3.6666666666666665,3.6,4,3.9166666666666665,4,3,"Secondary education (e.g., high school)",Man,39,Not religious at all (1),Rural,20000,9.903487552536127,"March 02, 2023"
2023-03-02 09:14:36,2023-03-02 10:00:08,0,100,2732,1,2023-03-02 10:00:09,R_ZjG4PAiDHsL6bIJ,anonymous,FR,1,0,NA,28,3,213,7,4,2,1,3,1,3,1,3,1,2,1,1,1,Les personnes qui bénéficient de la science de manière général sont les entreprises qui en profite niveau machines diverses et variés. Mais également les personnes médicales - recherches ... Qui mettent tout en oeuvre pour se servir de nouvelles avancées,NA,4,2,1,5,4,3,2,5,2,1,2,1,2,1,2,5,4,3,3,4,3,2,3,4,3,4,5,3,4,3,1,3,2,4,3,4,4,1,3,3,2,4,4,3,1,6,2,10,1,3,5,3,3,2,3,1,2,2,1,1,1,5,1,1,1,4,2,3,2,3,1,5,5,5,5,5,5,5,5,5,5,5,5,23000,99,1,3,1,3,2,3,4,2,3,5,4,4,4,3,4,4,2,3,4,4,3,4,6,9,1,1,4,NA,NA,NA,NA,NA,NA,NA,NA,NA,NA,NA,NA,NA,NA,NA,NA,NA,NA,NA,NA,NA,NA,NA,NA,NA,NA,NA,237298314878128,213,1,593,3,3.6666666666666665,3.3333333333333335,3,2,4,3.25,3.3333333333333335,3,"Secondary education (e.g., high school)",Woman,28,(3),Rural,23000,10.043249494911286,"March 02, 2023"
2023-03-02 09:48:09,2023-03-02 10:01:26,0,100,796,1,2023-03-02 10:01:26,R_1pS74D8DeU48cCW,anonymous,FR,1,1,NA,41,4,213,3,4,3,4,5,2,3,1,4,4,3,2,4,4,Les consommateurs puisque c'est nous qui consommons les oeuvres des scientifiques,NA,4,4,1,4,5,4,4,4,4,5,4,4,4,4,5,4,5,4,4,4,2,4,2,4,4,2,2,4,4,4,2,4,4,4,5,4,4,5,4,4,4,5,4,5,1,9,10,10,9,4,2,2,4,2,2,2,2,2,2,4,4,2,4,4,4,2,3,3,4,3,3,3,3,4,4,4,4,4,3,4,4,4,4,70000,4,4,2,2,4,3,4,4,3,2,4,3,4,4,3,2,4,3,4,4,3,2,3,5,3,6,5,7,NA,NA,NA,NA,NA,NA,NA,NA,NA,NA,NA,NA,NA,NA,NA,NA,NA,NA,NA,NA,NA,NA,NA,NA,NA,NA,NA,237298315357344,213,1,595,3.3333333333333335,4,3.3333333333333335,2,4.4,4,3.1666666666666665,3.6666666666666665,4,"Higher education (e.g., university degree or higher education diploma)",Man,41,(2),Urban,70000,11.156250521031495,"March 02, 2023"
2023-03-02 09:49:16,2023-03-02 10:02:03,0,100,767,1,2023-03-02 10:02:04,R_2f8wldcZ3H7Ms0J,anonymous,FR,1,0,NA,46,4,213,1,5,6,5,4,1,7,5,2,4,5,5,5,1,"TOUS LE MONDE BENEFICIE DE LA SCIENCE. le milieu médical entre autres mais aussi l écologie, l astronomie.",NA,5,6,1,5,4,1,2,1,1,1,1,5,5,5,4,5,5,5,5,4,3,3,2,4,2,2,2,4,2,2,2,5,2,4,2,4,5,1,5,5,2,4,3,2,1,10,1,10,1,2,4,1,4,1,1,1,1,1,1,1,1,1,1,1,1,1,1,3,3,3,1,4,4,3,3,3,3,4,4,3,4,3,4,28000,3,3,2,2,3,3,4,3,1,2,4,4,4,3,3,4,3,3,3,3,3,3,4,1,7,1,1,7,NA,NA,NA,NA,NA,NA,NA,NA,NA,NA,NA,NA,NA,NA,NA,NA,NA,NA,NA,NA,NA,NA,NA,NA,NA,NA,NA,237298314545267,213,1,596,2.3333333333333335,4,2.3333333333333335,2,4.8,5,2.6666666666666665,3.1666666666666665,4,"Higher education (e.g., university degree or higher education diploma)",Woman,46,(2),Urban,28000,10.239959789157341,"March 02, 2023"
2023-03-02 09:29:12,2023-03-02 10:05:13,0,100,2160,1,2023-03-02 10:05:14,R_2wmjQ5tvFZUGDlx,anonymous,FR,1,0,NA,23,4,213,3,3,4,4,2,2,4,2,4,3,3,3,2,1,"En théorie, tout le monde doit pouvoir bénéficier de la science pour comprendre notre environnement. Cela est rendu d'autant plus facile avec les réseaux sociaux. Cependant, cela demande beaucoup de temps de recouper les différents articles et informations, de faire le tri entre avec les fake news. Or cela prend du temps, de l'énergie et une rigueur que tous n'ont pas ou ne prennent pas. Aujourd'hui, les informations doivent être rapides et concrètes. De ce fait, ce qui bénéficient le plus de la science aujourd'hui sont ceux qui y ont été sensibilisés dès le plus jeunes âges par leur entourage.",NA,4,2,1,5,5,5,3,5,4,3,4,5,3,5,5,5,4,5,3,4,3,4,3,4,3,4,4,4,3,4,3,3,4,5,1,1,4,2,2,2,1,3,3,2,1,7,6,8,1,4,5,4,2,3,2,2,3,4,1,2,1,5,1,1,2,2,3,3,3,3,3,5,5,5,5,5,5,5,5,5,5,5,5,1500,2,99,1,2,4,4,4,4,4,4,3,3,3,3,3,3,4,4,4,4,4,4,1,1,2,3,1,6,NA,NA,NA,NA,NA,NA,NA,NA,NA,NA,NA,NA,NA,NA,NA,NA,NA,NA,NA,NA,NA,NA,NA,NA,NA,NA,NA,237361110240377,213,1,599,4,4,3,3.3333333333333335,4.4,5,3.5833333333333335,4,4,"Higher education (e.g., university degree or higher education diploma)",Woman,23,Not religious at all (1),Urban,1500,7.313220387090301,"March 02, 2023"
2023-03-02 09:40:50,2023-03-02 10:06:49,0,100,1558,1,2023-03-02 10:06:50,R_2P20SlDJWp4uYtd,anonymous,FR,1,0,NA,58,3,213,1,2,1,1,1,1,2,1,1,1,2,1,1,1,NA,Ne sais pas,3,4,1,5,5,3,3,4,3,2,3,3,2,3,2,4,4,4,4,4,4,4,3,4,4,4,2,4,3,3,2,4,3,3,1,3,4,2,4,5,3,3,4,4,1,7,4,4,1,4,3,5,1,2,3,4,2,4,1,2,2,4,2,2,1,4,2,3,2,3,1,5,5,5,5,4,5,5,5,5,5,5,5,24000,99,2,3,1,4,4,3,4,1,3,3,3,3,4,2,2,4,4,3,4,3,4,1,4,9,7,5,6,NA,NA,NA,NA,NA,NA,NA,NA,NA,NA,NA,NA,NA,NA,NA,NA,NA,NA,NA,NA,NA,NA,NA,NA,NA,NA,NA,237298314816574,213,1,600,3.6666666666666665,4,3.6666666666666665,2.3333333333333335,2.8,4,3.4166666666666665,3.8333333333333335,3,"Secondary education (e.g., high school)",Woman,58,(3),Rural,24000,10.085809109330082,"March 02, 2023"
2023-03-02 09:55:01,2023-03-02 10:09:40,0,100,878,1,2023-03-02 10:09:41,R_24o7QP70chCeubw,anonymous,FR,1,0,NA,53,4,213,2,2,3,2,1,1,2,3,3,2,3,3,3,1,NA,Son impartialité,3,1,4,1,4,4,2,2,4,3,3,1,1,1,1,1,5,1,1,3,2,2,1,3,3,2,2,4,3,2,3,3,1,3,3,3,3,1,4,4,2,3,2,4,1,3,7,3,3,1,1,1,4,1,4,1,1,1,3,1,1,5,5,4,1,4,1,2,3,2,3,1,1,1,1,1,1,2,1,1,1,1,1,1850,3,5,1,1,1,2,2,2,2,3,2,2,2,2,2,3,4,4,2,4,3,3,5,7,8,1,3,5,NA,NA,NA,NA,NA,NA,NA,NA,NA,NA,NA,NA,NA,NA,NA,NA,NA,NA,NA,NA,NA,NA,NA,NA,NA,NA,NA,237197170556948,213,1,602,2,3.3333333333333335,2.6666666666666665,2,1.8,3,2.5,2.6666666666666665,4,"Higher education (e.g., university degree or higher education diploma)",Woman,53,Not religious at all (1),Rural,1850,7.52294091807237,"March 02, 2023"
2023-03-02 10:00:25,2023-03-02 10:13:32,0,100,787,1,2023-03-02 10:13:33,R_3t0DrZwlV2fIKbf,anonymous,FR,1,0,NA,24,3,213,1,3,4,4,5,2,5,1,3,3,3,3,3,3,NA,Ses études et le nombre de personnes qui les confirme,3,4,1,5,3,5,1,4,5,1,5,3,3,3,3,5,5,5,3,4,3,3,3,5,4,3,3,4,4,3,3,5,3,3,3,3,4,3,3,3,3,3,3,3,1,7,7,10,3,3,5,3,5,3,1,3,1,1,3,3,3,3,1,1,1,5,1,2,2,2,1,3,3,3,3,3,3,3,3,3,3,3,3,40000,99,5,3,2,3,3,3,3,3,3,3,3,3,3,3,3,3,3,3,3,3,3,4,4,9,7,7,8,NA,NA,NA,NA,NA,NA,NA,NA,NA,NA,NA,NA,NA,NA,NA,NA,NA,NA,NA,NA,NA,NA,NA,NA,NA,NA,NA,237298315387906,213,1,605,3,4.333333333333333,3.6666666666666665,3,3.4,5,3.5,3.6666666666666665,3,"Secondary education (e.g., high school)",Woman,24,(3),Urban,40000,10.596634733096073,"March 02, 2023"
2023-03-02 10:00:49,2023-03-02 10:13:41,0,100,772,1,2023-03-02 10:13:42,R_2v7CnxbOXGmbR4F,anonymous,FR,1,0,NA,44,4,213,1,1,1,1,1,1,1,1,1,1,2,1,1,1,les malades,NA,3,1,NA,4,4,4,3,3,3,3,3,3,3,3,3,4,4,4,3,4,3,4,3,4,4,4,3,4,3,4,3,4,4,3,3,3,4,2,2,4,3,3,3,3,1,8,5,6,3,3,4,4,2,3,2,2,4,3,2,2,2,2,2,2,2,3,2,3,2,3,1,4,4,4,4,4,4,4,4,4,4,4,4,3000,99,99,2,1,3,3,3,3,3,3,3,3,3,3,3,3,3,3,3,3,3,3,1,3,7,4,5,3,NA,NA,NA,NA,NA,NA,NA,NA,NA,NA,NA,NA,NA,NA,NA,NA,NA,NA,NA,NA,NA,NA,NA,NA,NA,NA,NA,237361108105355,213,1,606,4,4,3.3333333333333335,3,3.2,4,3.5833333333333335,4,4,"Higher education (e.g., university degree or higher education diploma)",Woman,44,(2),Rural,3000,8.006367567650246,"March 02, 2023"
2023-03-02 10:02:28,2023-03-02 10:18:06,0,100,938,1,2023-03-02 10:18:07,R_Y38l2HN5lGYBULD,anonymous,FR,1,1,NA,20,3,213,3,3,3,1,1,1,6,1,2,1,1,1,1,1,Les pays développé,NA,2,4,1,5,4,4,3,4,3,3,4,3,3,3,4,2,4,4,3,4,4,4,4,5,4,4,3,4,4,4,2,3,3,3,2,3,3,4,2,1,3,3,2,4,1,5,5,3,7,4,2,3,4,1,2,2,2,2,3,4,3,2,4,4,3,2,2,3,3,2,3,2,3,3,4,3,4,3,5,3,4,4,4,1300,4,3,4,2,3,4,3,3,3,4,4,3,3,4,4,3,4,4,3,4,3,4,3,5,5,7,5,5,NA,NA,NA,NA,NA,NA,NA,NA,NA,NA,NA,NA,NA,NA,NA,NA,NA,NA,NA,NA,NA,NA,NA,NA,NA,NA,NA,237361107566730,213,1,608,4,4.333333333333333,4,3,3.4,3,3.8333333333333335,4.166666666666667,3,"Secondary education (e.g., high school)",Man,20,(4),Urban,1300,7.170119543449628,"March 02, 2023"
2023-03-02 09:41:55,2023-03-02 10:22:16,0,100,2420,1,2023-03-02 10:22:16,R_3fSFXvT2RvWUOKo,anonymous,FR,1,0,NA,47,3,213,6,4,5,4,2,1,4,1,2,2,4,3,2,1,Les gens ayant un minimum de culture générale et s’intéressant au devenir de l’être humain.,NA,3,4,1,5,5,5,4,3,2,2,3,4,2,4,3,5,5,5,4,4,4,3,4,5,3,3,4,4,4,3,2,5,4,4,4,4,4,2,3,3,3,4,3,3,1,6,5,6,2,2,3,5,2,4,4,5,2,4,2,1,2,4,2,2,1,5,2,3,3,3,1,4,4,4,5,4,5,5,5,5,5,5,5,0,2,4,1,1,5,4,5,4,2,4,3,4,4,4,3,3,4,4,5,3,2,2,2,5,8,5,5,3,NA,NA,NA,NA,NA,NA,NA,NA,NA,NA,NA,NA,NA,NA,NA,NA,NA,NA,NA,NA,NA,NA,NA,NA,NA,NA,NA,237361109512394,213,1,609,3,4.333333333333333,3.6666666666666665,3.3333333333333335,3.6,4,3.5833333333333335,3.6666666666666665,3,"Secondary education (e.g., high school)",Woman,47,Not religious at all (1),Rural,0,-Inf,"March 02, 2023"
2023-03-02 10:06:02,2023-03-02 10:26:55,0,100,1252,1,2023-03-02 10:26:56,R_DGgTAv2FqTHQCfn,anonymous,FR,1,0,NA,26,4,213,6,3,3,3,3,2,1,2,2,2,3,2,2,1,NA,"Le fait qu'il ou elle prouve ce qui est dit, qu'il ou elle ne dise pas de choses sans preuve, sans avoir fait différentes hypothèses pour éviter les problèmes par la suite.",2,2,1,3,5,4,2,3,3,1,4,1,1,2,3,4,5,4,2,3,2,2,3,3,3,3,1,3,2,2,2,3,2,4,4,4,3,2,3,3,4,5,3,3,1,6,4,7,1,3,2,4,2,3,3,3,3,4,2,1,1,5,1,1,1,5,1,3,3,3,1,4,4,4,3,3,4,4,4,4,3,3,4,37000,3,5,2,1,2,2,2,3,3,4,3,3,2,3,2,3,3,4,3,3,3,4,2,7,6,5,7,3,NA,NA,NA,NA,NA,NA,NA,NA,NA,NA,NA,NA,NA,NA,NA,NA,NA,NA,NA,NA,NA,NA,NA,NA,NA,NA,NA,237361107961881,213,1,612,2.3333333333333335,3,2.3333333333333335,2,2.4,3,2.4166666666666665,2.6666666666666665,4,"Higher education (e.g., university degree or higher education diploma)",Woman,26,(2),Rural,37000,10.51867319162636,"March 02, 2023"
2023-03-02 10:16:53,2023-03-02 10:27:26,0,100,633,1,2023-03-02 10:27:27,R_2sQMadAsA7M4iP5,anonymous,FR,1,1,NA,63,3,213,4,5,5,4,5,4,4,3,2,4,6,4,4,2,ce sont les usagers essentiellement au niveau médical et de la recherche,NA,4,4,1,5,4,3,3,4,3,1,4,4,2,3,4,5,4,4,4,4,3,3,3,4,3,3,2,4,3,3,2,4,3,4,4,3,3,2,4,5,4,4,3,2,1,7,5,6,3,3,5,4,2,4,3,2,4,4,3,2,3,5,3,2,2,4,2,3,3,3,2,4,4,4,4,4,4,4,4,4,4,4,4,30000,2,3,1,1,3,3,3,3,3,3,3,3,3,3,3,3,3,3,3,3,3,3,2,2,7,5,5,6,NA,NA,NA,NA,NA,NA,NA,NA,NA,NA,NA,NA,NA,NA,NA,NA,NA,NA,NA,NA,NA,NA,NA,NA,NA,NA,NA,237361104024695,213,1,613,3,4,3,2.3333333333333335,3.4,4,3.0833333333333335,3.5,3,"Secondary education (e.g., high school)",Man,63,Not religious at all (1),Rural,30000,10.308952660644293,"March 02, 2023"
2023-03-02 10:22:06,2023-03-02 10:31:28,0,100,561,1,2023-03-02 10:31:28,R_3ESkFcbUiCrHUSv,anonymous,FR,1,0,NA,56,4,213,3,3,3,2,2,2,3,2,2,3,3,1,1,3,tous les êtres vivants enfin j'espère !,NA,3,2,1,4,4,4,2,2,2,2,3,5,5,5,5,5,5,5,4,3,3,3,3,4,3,3,3,4,3,3,3,3,2,1,1,2,3,2,4,5,3,3,3,3,1,7,7,6,1,4,2,2,3,3,1,2,2,3,2,2,2,4,2,2,2,3,2,3,3,4,3,4,4,4,4,4,4,4,4,4,4,4,4,0,3,2,1,1,3,3,3,3,3,3,3,3,3,3,3,3,3,3,3,3,3,3,1,5,6,4,4,6,NA,NA,NA,NA,NA,NA,NA,NA,NA,NA,NA,NA,NA,NA,NA,NA,NA,NA,NA,NA,NA,NA,NA,NA,NA,NA,NA,236923091532975,213,1,615,3,3.6666666666666665,3,3,5,3,3.1666666666666665,3.3333333333333335,4,"Higher education (e.g., university degree or higher education diploma)",Woman,56,Not religious at all (1),Rural,0,-Inf,"March 02, 2023"
2023-03-02 10:12:09,2023-03-02 10:33:57,0,100,1308,1,2023-03-02 10:33:58,R_2i5fEo65L1uAZI5,anonymous,FR,1,0,NA,36,3,213,2,2,4,4,3,2,4,5,4,5,5,3,3,3,NA,Les sources,3,4,1,5,5,5,1,2,2,2,5,2,2,4,3,5,5,3,3,3,2,2,2,3,2,3,2,3,2,2,2,3,3,3,3,3,2,2,3,5,4,4,3,3,1,7,4,7,1,3,5,5,1,5,4,4,4,5,1,1,1,5,2,1,1,4,2,3,2,3,4,5,5,5,5,5,5,5,5,5,5,5,5,0,99,99,1,1,3,3,4,4,2,3,3,3,3,3,3,3,3,3,4,4,2,2,2,6,6,6,4,3,NA,NA,NA,NA,NA,NA,NA,NA,NA,NA,NA,NA,NA,NA,NA,NA,NA,NA,NA,NA,NA,NA,NA,NA,NA,NA,NA,237361109380148,213,1,617,2.3333333333333335,3,2,2,3.2,3,2.3333333333333335,2.6666666666666665,3,"Secondary education (e.g., high school)",Woman,36,Not religious at all (1),Rural,0,-Inf,"March 02, 2023"
2023-03-02 10:12:48,2023-03-02 10:38:57,0,100,1569,1,2023-03-02 10:38:58,R_C4GeBRRlJ8yAZs5,anonymous,FR,1,0,NA,41,4,213,3,2,5,7,5,1,7,1,1,1,5,6,1,2,Je ne souhaite pas repondre,NA,4,4,1,5,4,5,3,3,4,1,4,5,3,3,3,5,5,4,2,4,3,3,3,4,3,4,2,4,3,3,3,3,3,3,4,4,5,5,3,5,3,4,5,1,1,7,10,10,1,4,5,5,1,5,4,4,4,4,1,4,2,1,5,4,1,4,3,4,2,1,2,5,5,3,5,3,5,5,5,5,4,5,5,1800,99,5,5,1,5,5,3,4,3,3,4,5,4,5,4,5,3,4,4,5,3,4,1,1,NA,5,5,5,NA,NA,NA,NA,NA,NA,NA,NA,NA,NA,NA,NA,NA,NA,NA,NA,NA,NA,NA,NA,NA,NA,NA,NA,NA,NA,NA,237361103891489,213,1,622,3.3333333333333335,4,3,2.6666666666666665,3.8,3,3.25,3.6666666666666665,4,"Higher education (e.g., university degree or higher education diploma)",Woman,41,Very strongly religious (5),Rural,1800,7.495541943884256,"March 02, 2023"
2023-03-02 10:19:36,2023-03-02 10:40:34,0,100,1258,1,2023-03-02 10:40:35,R_3CVqyc8Wwcd50LS,anonymous,FR,1,1,NA,49,4,213,3,3,2,1,2,2,1,1,2,2,3,1,1,1,NA,La réputation de l’institut dans lequel il travaille. Le nombre d’essais qu’il a pu effectuer. L’argumentaire qu’il ou elle tient,4,4,1,3,5,2,2,4,3,1,5,3,4,3,5,5,4,4,3,4,4,3,4,5,4,3,4,4,4,3,3,4,3,4,4,4,1,2,2,3,3,2,3,4,1,8,1,10,4,4,4,3,3,3,1,3,4,4,1,4,2,3,3,2,3,2,3,3,3,3,4,5,5,5,5,5,5,4,5,4,4,3,5,55000,2,4,5,1,4,4,4,4,2,2,4,4,4,4,2,2,3,4,4,4,2,2,1,2,8,6,3,7,NA,NA,NA,NA,NA,NA,NA,NA,NA,NA,NA,NA,NA,NA,NA,NA,NA,NA,NA,NA,NA,NA,NA,NA,NA,NA,NA,237361101982890,213,1,623,3,4.333333333333333,4,3.6666666666666665,3.8,4,3.75,3.6666666666666665,4,"Higher education (e.g., university degree or higher education diploma)",Man,49,Very strongly religious (5),Rural,55000,10.915088464214607,"March 02, 2023"
2023-03-02 10:29:38,2023-03-02 10:43:55,0,100,857,1,2023-03-02 10:43:56,R_3ijN8nkQFzQUL4n,anonymous,FR,1,1,NA,40,4,213,3,4,5,2,2,1,2,2,3,3,4,3,3,1,"La science est bénéfique pour tout le monde meme lorsque ça n'est pas visible directement ; tout vient de la science, nos médicaments, notre technologie...",NA,5,6,1,5,5,5,1,4,5,2,4,3,4,3,4,5,5,5,4,4,4,4,4,4,4,4,4,4,4,4,3,4,4,4,3,3,3,2,2,2,2,3,2,2,1,8,7,8,1,5,4,4,2,5,3,4,3,4,2,1,1,3,2,1,2,3,2,3,3,3,2,5,5,5,5,5,5,5,5,5,5,5,5,52000,3,2,1,1,5,5,5,5,4,5,5,5,5,5,5,5,4,5,4,4,3,3,1,1,1,4,1,5,NA,NA,NA,NA,NA,NA,NA,NA,NA,NA,NA,NA,NA,NA,NA,NA,NA,NA,NA,NA,NA,NA,NA,NA,NA,NA,NA,237361102121186,213,1,624,4,4,4,3.6666666666666665,3.8,5,3.9166666666666665,4,4,"Higher education (e.g., university degree or higher education diploma)",Man,40,Not religious at all (1),Rural,52000,10.858998997563564,"March 02, 2023"
2023-03-02 10:28:08,2023-03-02 10:48:51,0,100,1242,1,2023-03-02 10:48:51,R_XRON1hh2stbYpc5,anonymous,FR,1,1,NA,58,4,213,3,4,3,3,1,1,1,1,1,2,2,1,2,1,NA,la qualité de ses publications la critique et la reconnaissance de ses pairs,2,6,1,3,5,4,2,4,3,2,4,3,3,5,3,4,5,4,3,4,2,2,3,4,3,3,2,4,2,2,2,5,2,5,3,5,3,2,5,5,4,4,3,3,1,9,2,9,2,2,4,4,1,4,3,3,3,4,1,2,2,2,2,1,1,1,3,3,3,3,2,5,5,5,5,5,5,5,5,5,5,5,5,62000,4,4,1,2,3,4,4,3,2,2,2,4,4,2,2,2,3,4,4,2,2,2,1,4,2,4,4,7,NA,NA,NA,NA,NA,NA,NA,NA,NA,NA,NA,NA,NA,NA,NA,NA,NA,NA,NA,NA,NA,NA,NA,NA,NA,NA,NA,237361102074061,213,1,627,2.3333333333333335,4,2.3333333333333335,2.3333333333333335,3.8,4,2.75,3.1666666666666665,4,"Higher education (e.g., university degree or higher education diploma)",Man,58,Not religious at all (1),Urban,62000,11.03488966402723,"March 02, 2023"
2023-03-02 10:30:10,2023-03-02 10:51:11,0,100,1261,1,2023-03-02 10:51:12,R_ULA8VgxViUjPov7,anonymous,FR,1,1,NA,56,3,213,2,1,2,1,1,1,2,1,1,1,5,1,3,1,Leq laboratoires pour s'enrichir et enrichir l'etat,NA,1,4,1,5,1,2,2,1,3,3,3,3,2,3,3,3,5,3,3,1,1,1,2,3,2,2,1,4,1,1,2,2,1,5,5,5,2,1,5,5,5,4,5,5,1,10,10,1,1,1,3,1,5,1,1,1,1,1,5,1,5,3,1,3,1,5,1,1,2,3,1,3,4,4,2,4,4,3,3,3,3,3,3,11000,5,5,3,1,2,2,2,1,2,2,3,3,3,3,3,3,2,2,2,2,2,2,7,7,7,7,7,8,NA,NA,NA,NA,NA,NA,NA,NA,NA,NA,NA,NA,NA,NA,NA,NA,NA,NA,NA,NA,NA,NA,NA,NA,NA,NA,NA,237361102215183,213,1,628,1.3333333333333333,2.6666666666666665,1.3333333333333333,1.6666666666666667,3.2,3,1.75,2,3,"Secondary education (e.g., high school)",Man,56,(3),Rural,11000,9.305650551780507,"March 02, 2023"
2023-03-02 10:50:34,2023-03-02 10:54:07,0,100,212,1,2023-03-02 10:54:07,R_6MBWQyW8kDfM03T,anonymous,FR,1,1,NA,25,4,213,2,2,2,2,2,2,2,2,2,2,2,2,2,2,213,NA,3,3,4,3,3,3,3,3,3,3,3,3,3,3,3,3,3,3,3,3,3,3,3,3,3,3,3,3,3,3,3,3,3,3,3,3,3,3,3,3,3,3,3,3,1,5,5,5,5,3,3,3,3,3,3,3,3,3,3,3,3,3,3,3,3,3,2,3,2,3,2,3,3,3,3,3,3,3,3,3,3,3,3,2800,3,4,3,2,3,3,3,3,3,3,3,3,3,3,3,3,3,3,3,3,3,3,4,4,5,4,4,5,NA,NA,NA,NA,NA,NA,NA,NA,NA,NA,NA,NA,NA,NA,NA,NA,NA,NA,NA,NA,NA,NA,NA,NA,NA,NA,NA,237361103106212,213,1,630,3,3,3,3,3,3,3,3,4,"Higher education (e.g., university degree or higher education diploma)",Man,25,(3),Urban,2800,7.937374696163295,"March 02, 2023"
2023-03-02 10:49:58,2023-03-02 11:05:59,0,100,960,1,2023-03-02 11:05:59,R_3mmaXDIok1RXwHX,anonymous,FR,1,0,NA,37,4,213,3,4,4,3,1,3,4,4,5,4,6,4,5,5,NA,"le serieux de ses engagements ,et les resultats concrets",5,4,1,5,5,5,5,4,5,4,4,4,4,5,3,4,3,5,4,4,4,4,3,4,5,5,4,4,4,5,2,4,5,4,3,4,4,3,2,1,2,3,3,3,1,9,5,9,1,4,2,4,4,4,4,2,3,3,1,4,3,4,3,4,4,3,3,3,3,3,2,5,4,4,4,3,5,4,4,5,5,4,4,25000,3,3,3,2,4,5,4,4,3,3,4,4,4,4,3,3,4,4,3,4,3,3,1,2,5,5,5,6,NA,NA,NA,NA,NA,NA,NA,NA,NA,NA,NA,NA,NA,NA,NA,NA,NA,NA,NA,NA,NA,NA,NA,NA,NA,NA,NA,237361107965978,213,1,632,4.666666666666667,4,4.333333333333333,3,3.8,4,4,4.333333333333333,4,"Higher education (e.g., university degree or higher education diploma)",Woman,37,(3),Urban,25000,10.126631103850338,"March 02, 2023"
2023-03-02 10:50:42,2023-03-02 11:07:05,0,100,983,1,2023-03-02 11:07:06,R_31A9n9uo5zhuiYF,anonymous,FR,1,1,NA,50,3,213,3,1,1,1,1,1,1,1,2,1,2,1,2,2,ce sont les hommes afin d ameliorer leur quotidien,NA,3,4,1,4,3,5,1,2,4,1,5,2,3,3,2,5,5,3,3,3,2,2,2,3,3,2,2,3,2,2,2,2,2,3,3,3,4,2,4,4,4,4,3,4,1,8,8,8,1,3,3,3,3,3,3,3,3,3,3,1,2,5,2,2,1,5,1,3,3,3,1,2,2,2,2,2,2,2,2,2,2,2,2,2000,99,99,4,2,2,2,2,2,2,2,2,2,2,2,2,2,2,2,2,2,2,2,6,2,9,4,4,5,NA,NA,NA,NA,NA,NA,NA,NA,NA,NA,NA,NA,NA,NA,NA,NA,NA,NA,NA,NA,NA,NA,NA,NA,NA,NA,NA,237361104421979,213,1,634,2,3,2.3333333333333335,2,3,3,2.3333333333333335,2.5,3,"Secondary education (e.g., high school)",Man,50,(4),Urban,2000,7.600902459542082,"March 02, 2023"
2023-03-02 11:02:45,2023-03-02 11:15:00,0,100,734,1,2023-03-02 11:15:00,R_1q84q5yRM6Lwp5H,anonymous,FR,1,1,NA,28,4,213,2,4,1,2,3,1,2,1,3,1,3,1,2,1,"Selon moi, la science aide à développer nos connaissances dans le milieu de la médecine l’aéropatiale, l’agriculture",NA,4,6,1,3,5,3,1,5,5,5,5,5,5,5,5,5,5,5,5,5,3,4,5,3,5,5,3,5,5,5,3,5,5,1,1,1,2,1,1,1,1,1,1,5,1,8,7,7,1,5,5,3,1,2,4,3,4,5,1,2,2,2,3,2,2,2,3,3,3,3,1,5,5,5,5,5,5,5,5,5,5,5,5,55000,99,99,2,2,5,5,5,5,4,4,5,5,5,5,4,3,4,5,5,5,3,3,1,1,2,5,1,7,NA,NA,NA,NA,NA,NA,NA,NA,NA,NA,NA,NA,NA,NA,NA,NA,NA,NA,NA,NA,NA,NA,NA,NA,NA,NA,NA,237361110208553,213,1,637,4.666666666666667,4.333333333333333,4.333333333333333,3.6666666666666665,5,4,4.25,4.5,4,"Higher education (e.g., university degree or higher education diploma)",Man,28,(2),Urban,55000,10.915088464214607,"March 02, 2023"
2023-03-02 11:03:27,2023-03-02 11:15:32,0,100,724,1,2023-03-02 11:15:32,R_28V45T6Fvy39PRk,anonymous,FR,1,1,NA,43,3,213,1,2,2,2,2,2,3,3,2,2,2,1,2,1,NA,Ras,3,6,1,3,3,3,3,3,3,3,3,3,3,3,3,3,3,3,3,3,3,3,3,3,3,3,3,3,3,3,3,3,3,3,3,3,3,3,3,3,3,3,3,3,1,3,3,4,3,3,4,3,3,3,3,3,3,3,3,3,3,3,3,3,3,3,4,4,4,4,4,3,3,3,3,3,3,3,3,3,3,3,3,10000,99,99,3,2,3,3,3,3,3,3,3,3,3,3,3,3,3,3,3,3,3,3,4,4,5,4,4,5,NA,NA,NA,NA,NA,NA,NA,NA,NA,NA,NA,NA,NA,NA,NA,NA,NA,NA,NA,NA,NA,NA,NA,NA,NA,NA,NA,237361108041807,213,1,638,3,3,3,3,3,3,3,3,3,"Secondary education (e.g., high school)",Man,43,(3),Urban,10000,9.210340371976184,"March 02, 2023"
2023-03-02 11:04:31,2023-03-02 11:19:54,0,100,922,1,2023-03-02 11:19:54,R_2fv9zY2pXviS02x,anonymous,FR,1,0,NA,37,3,213,5,4,5,3,1,1,3,1,4,3,3,1,2,2,NA,"Ses études, son travail et sa franchise",5,4,1,5,5,3,1,3,1,3,5,4,1,3,2,5,5,5,4,4,4,4,4,4,4,4,4,4,4,4,3,5,4,5,3,4,1,1,3,4,3,5,1,3,1,1,1,1,1,2,5,5,1,3,3,3,3,5,1,1,1,5,1,1,1,5,3,3,3,3,2,5,5,5,5,5,5,5,5,5,5,5,5,4100,1,1,1,1,3,3,3,3,3,3,4,5,4,3,2,3,3,3,3,3,3,3,1,1,3,5,7,6,NA,NA,NA,NA,NA,NA,NA,NA,NA,NA,NA,NA,NA,NA,NA,NA,NA,NA,NA,NA,NA,NA,NA,NA,NA,NA,NA,237361106075710,213,1,641,4,4,4,3.6666666666666665,3,5,3.9166666666666665,4,3,"Secondary education (e.g., high school)",Woman,37,Not religious at all (1),Rural,4100,8.318742252692399,"March 02, 2023"
2023-03-02 11:11:54,2023-03-02 11:24:59,0,100,784,1,2023-03-02 11:24:59,R_3JEgkVQOrbNKFsh,anonymous,FR,1,1,NA,44,4,213,1,1,5,1,1,1,1,1,2,3,3,1,1,1,NA,L'origine de l'information,4,4,1,4,3,4,1,4,4,2,4,2,4,4,2,5,5,4,3,4,3,3,2,4,3,4,3,4,3,3,3,4,4,4,3,3,3,3,3,2,2,4,3,3,1,5,2,7,1,3,4,2,3,3,1,2,1,2,4,1,1,5,3,1,1,5,2,3,3,3,2,3,3,3,4,4,4,3,4,4,4,4,4,15000,2,3,3,2,4,5,5,2,3,3,4,5,5,3,3,3,4,5,5,1,3,2,5,4,8,6,4,2,NA,NA,NA,NA,NA,NA,NA,NA,NA,NA,NA,NA,NA,NA,NA,NA,NA,NA,NA,NA,NA,NA,NA,NA,NA,NA,NA,237361107974172,213,1,643,3.3333333333333335,4,3,2.6666666666666665,3.4,3,3.25,3.6666666666666665,4,"Higher education (e.g., university degree or higher education diploma)",Man,44,(3),Urban,15000,9.615805480084347,"March 02, 2023"
2023-03-02 11:18:25,2023-03-02 11:32:21,0,100,836,1,2023-03-02 11:32:22,R_ANlqDKiFV0wh6Ol,anonymous,FR,1,1,NA,33,4,213,1,1,1,1,1,1,1,1,1,1,2,1,1,1,NA,nsp,4,1,6,4,5,3,2,4,4,4,4,3,2,3,3,4,3,3,3,4,3,4,3,4,3,4,3,5,4,4,4,4,4,3,3,3,3,3,3,3,3,3,3,3,1,6,6,6,6,4,4,3,4,3,2,2,3,3,3,2,2,2,2,2,2,2,3,2,3,2,1,3,3,3,3,3,3,3,3,3,3,3,3,38000,3,4,1,1,4,3,4,3,4,2,4,3,3,3,4,2,3,4,3,3,4,2,2,2,2,5,4,7,NA,NA,NA,NA,NA,NA,NA,NA,NA,NA,NA,NA,NA,NA,NA,NA,NA,NA,NA,NA,NA,NA,NA,NA,NA,NA,NA,237298314516550,213,1,645,4,4.333333333333333,3.3333333333333335,3.3333333333333335,2.8,3,3.75,4.166666666666667,4,"Higher education (e.g., university degree or higher education diploma)",Man,33,Not religious at all (1),Rural,38000,10.545341438708522,"March 02, 2023"
2023-03-02 11:16:22,2023-03-02 11:32:52,0,100,990,1,2023-03-02 11:32:53,R_2QgHm2AZYWKSo2W,anonymous,FR,1,1,NA,37,4,213,3,5,4,3,5,3,4,1,1,4,4,1,2,2,Tout le monde en bénéficie à son niveau. Dès que l'on utilise quelque chose niveau technologique ou même alimentaire il y a une part de science qui a permit l'accès à celui qui l'utilise,NA,4,4,1,4,4,3,3,3,4,2,4,1,1,3,1,5,5,5,4,3,4,4,3,4,3,4,4,4,4,3,2,4,3,4,3,3,4,2,2,3,2,4,3,3,1,8,2,8,2,4,4,2,3,1,2,1,1,3,1,1,1,1,1,1,1,5,2,2,3,3,1,4,4,4,2,3,4,4,4,4,2,4,4,3000,99,99,1,2,3,4,4,3,1,1,4,5,4,3,2,2,4,4,4,3,1,1,1,4,8,5,3,4,NA,NA,NA,NA,NA,NA,NA,NA,NA,NA,NA,NA,NA,NA,NA,NA,NA,NA,NA,NA,NA,NA,NA,NA,NA,NA,NA,237298315339865,213,1,646,3.6666666666666665,3.6666666666666665,3.6666666666666665,3,2.2,4,3.5,3.6666666666666665,4,"Higher education (e.g., university degree or higher education diploma)",Man,37,Not religious at all (1),Urban,3000,8.006367567650246,"March 02, 2023"
2023-03-02 11:25:22,2023-03-02 11:39:09,0,100,827,1,2023-03-02 11:39:10,R_3EgOHteCMGTz4ii,anonymous,FR,1,0,NA,53,4,213,2,5,4,2,5,4,1,2,5,5,5,2,1,1,"Ce sont les états et les plus riches, car les découvertes scientifiques coûtent cher, et il faut les rentabiliser en les mettant à disposition de ceux qui peuvent les payer, et des militaires.",NA,3,6,1,5,5,4,1,4,3,1,5,4,2,3,3,5,5,4,3,4,3,2,2,4,3,3,2,4,3,2,2,3,2,4,2,3,2,3,5,5,2,3,3,3,1,10,8,9,1,2,4,2,3,5,1,4,3,2,1,1,1,4,3,2,1,5,3,3,3,3,2,4,5,5,5,3,5,5,5,5,5,4,5,30000,99,3,5,2,3,2,4,3,3,3,1,3,3,1,2,2,3,3,3,2,4,3,1,1,6,2,1,6,NA,NA,NA,NA,NA,NA,NA,NA,NA,NA,NA,NA,NA,NA,NA,NA,NA,NA,NA,NA,NA,NA,NA,NA,NA,NA,NA,237298315251826,213,1,649,2.3333333333333335,4,3,2,3.4,3,2.8333333333333335,3.1666666666666665,4,"Higher education (e.g., university degree or higher education diploma)",Woman,53,Very strongly religious (5),Urban,30000,10.308952660644293,"March 02, 2023"
2023-03-02 11:13:23,2023-03-02 11:40:54,0,100,1651,1,2023-03-02 11:40:55,R_1DSSuW5TrzFjMGB,anonymous,FR,1,1,NA,67,3,213,3,6,4,1,1,1,1,3,1,3,3,3,2,1,NA,des choses que j ai pu constate par moi meme,3,1,5,4,2,3,1,3,3,3,3,2,3,3,1,5,5,4,4,4,3,3,3,4,3,4,2,4,3,3,3,4,3,4,3,4,4,4,3,4,3,3,4,4,1,2,10,1,6,1,4,2,4,5,1,2,2,2,5,1,3,3,3,3,1,3,1,1,1,4,1,3,3,3,3,3,3,3,3,3,3,3,3,10500,5,5,5,2,3,3,3,1,2,3,3,3,3,3,3,3,4,4,3,1,2,3,7,7,9,1,1,6,NA,NA,NA,NA,NA,NA,NA,NA,NA,NA,NA,NA,NA,NA,NA,NA,NA,NA,NA,NA,NA,NA,NA,NA,NA,NA,NA,237361102522510,213,1,650,3.3333333333333335,4,3,2.6666666666666665,2.8,4,3.25,3.6666666666666665,3,"Secondary education (e.g., high school)",Man,67,Very strongly religious (5),Urban,10500,9.259130536145614,"March 02, 2023"
2023-03-02 11:44:07,2023-03-02 12:07:14,0,100,1387,1,2023-03-02 12:07:15,R_1P6Pv6hBpa7OMh6,anonymous,FR,1,1,NA,69,3,213,6,4,6,5,6,4,5,1,2,3,4,1,1,1,l'electronique et le nucléaire en développement exponentiel.,NA,2,2,1,5,5,4,2,3,2,1,4,1,3,4,1,5,3,4,2,4,4,3,4,5,4,3,2,5,4,3,3,5,3,4,4,4,2,3,3,2,2,4,4,3,1,7,5,9,1,3,4,2,3,4,2,1,2,3,1,1,1,5,1,1,1,5,2,3,2,3,1,5,5,5,4,3,5,5,5,5,5,5,5,49000,4,3,1,2,4,4,3,3,2,3,4,3,4,3,1,2,4,4,3,3,1,2,1,1,4,3,4,4,NA,NA,NA,NA,NA,NA,NA,NA,NA,NA,NA,NA,NA,NA,NA,NA,NA,NA,NA,NA,NA,NA,NA,NA,NA,NA,NA,237298315381905,213,1,652,3,4.666666666666667,4,3,2.4,4,3.6666666666666665,3.8333333333333335,3,"Secondary education (e.g., high school)",Man,69,Not religious at all (1),Urban,49000,10.799575577092764,"March 02, 2023"
2023-03-02 12:00:53,2023-03-02 12:11:52,0,100,658,1,2023-03-02 12:11:52,R_3njGXbE05pQr7X3,anonymous,FR,1,1,NA,64,3,213,1,3,3,1,1,1,3,1,1,3,3,1,1,1,NA,L4EXACTITUDE DE SES PROPOS SANS FILTRES,3,4,1,4,4,3,3,3,3,3,3,1,3,2,4,4,4,4,4,4,4,3,4,4,4,4,3,4,4,3,2,4,4,2,2,2,4,2,3,4,2,2,3,4,1,7,6,6,6,4,3,2,2,4,3,4,1,3,1,2,2,4,3,3,2,4,1,3,2,3,1,4,4,4,4,4,4,4,4,4,4,4,4,3500,3,5,1,1,4,4,4,3,3,3,4,4,3,3,3,3,4,4,3,2,2,3,3,6,7,5,4,7,NA,NA,NA,NA,NA,NA,NA,NA,NA,NA,NA,NA,NA,NA,NA,NA,NA,NA,NA,NA,NA,NA,NA,NA,NA,NA,NA,237361107912959,213,1,654,3.3333333333333335,4,4,3,2.8,4,3.5833333333333335,3.6666666666666665,3,"Secondary education (e.g., high school)",Man,64,Not religious at all (1),Rural,3500,8.160518247477505,"March 02, 2023"
2023-03-02 11:58:47,2023-03-02 12:21:42,0,100,1375,1,2023-03-02 12:21:43,R_2uJ9SnOghScC7Mc,anonymous,FR,1,0,NA,33,4,213,2,5,3,3,4,1,4,3,2,3,5,3,1,1,NA,Ses diplômes et sa capacité à actualiser ses connaissances,5,4,5,5,5,4,3,4,4,2,4,4,5,4,5,5,2,4,4,4,3,3,3,4,2,4,2,3,4,2,2,4,3,3,2,4,4,2,3,4,3,3,3,3,1,8,4,8,1,4,4,4,1,4,3,4,4,4,2,2,3,4,3,2,3,4,2,3,3,3,2,4,4,4,4,4,4,4,5,4,4,4,4,40000,3,2,1,2,3,4,3,4,2,3,3,4,2,4,4,3,2,3,4,3,3,2,1,3,3,6,3,5,NA,NA,NA,NA,NA,NA,NA,NA,NA,NA,NA,NA,NA,NA,NA,NA,NA,NA,NA,NA,NA,NA,NA,NA,NA,NA,NA,237361109493936,213,1,657,3,3.6666666666666665,3,2.3333333333333335,4,4,3,3.3333333333333335,4,"Higher education (e.g., university degree or higher education diploma)",Woman,33,Not religious at all (1),Urban,40000,10.596634733096073,"March 02, 2023"
2023-03-02 12:16:36,2023-03-02 12:24:32,0,100,475,1,2023-03-02 12:24:33,R_3kmFbXUpPJ6Xc8B,anonymous,FR,1,1,NA,28,4,213,5,5,6,5,5,5,5,5,5,5,6,5,6,6,TOUT LE MONDE SANS EXCLUSIVITE,NA,4,4,1,5,5,5,4,5,5,5,5,4,4,4,5,4,4,5,5,5,4,4,3,4,4,5,5,5,5,4,5,5,5,4,5,5,4,1,2,3,1,4,1,2,1,9,1,8,1,3,4,4,1,5,1,2,1,5,1,1,1,5,1,1,1,5,1,3,3,3,1,5,5,5,5,5,5,5,5,5,5,5,5,35000,5,5,3,2,5,5,3,4,2,3,5,5,4,2,1,3,5,5,4,4,1,1,1,1,9,4,6,6,NA,NA,NA,NA,NA,NA,NA,NA,NA,NA,NA,NA,NA,NA,NA,NA,NA,NA,NA,NA,NA,NA,NA,NA,NA,NA,NA,237361108036683,213,1,658,4.333333333333333,4.666666666666667,4.333333333333333,4.333333333333333,4.2,4,4.416666666666667,4.5,4,"Higher education (e.g., university degree or higher education diploma)",Man,28,(3),Urban,35000,10.46310334047155,"March 02, 2023"
2023-03-02 12:17:39,2023-03-02 12:38:25,0,100,1245,1,2023-03-02 12:38:25,R_3PyI0hrY7ROqwCn,anonymous,FR,1,1,NA,41,4,213,1,2,1,1,2,1,1,1,1,1,3,1,1,1,NA,Les résultats,3,6,4,5,5,3,3,4,3,2,4,2,3,2,3,5,5,5,5,4,2,3,3,5,3,4,2,4,4,4,3,4,4,3,3,1,4,4,3,3,4,5,3,3,1,8,4,8,1,3,5,3,2,5,2,1,3,4,1,1,1,5,1,1,3,4,2,3,3,3,4,5,5,5,5,5,5,5,5,5,5,5,5,4000,2,3,2,2,4,4,5,3,4,2,3,4,5,3,4,3,3,3,4,3,4,2,4,4,5,5,4,6,NA,NA,NA,NA,NA,NA,NA,NA,NA,NA,NA,NA,NA,NA,NA,NA,NA,NA,NA,NA,NA,NA,NA,NA,NA,NA,NA,237361108025408,213,1,660,3.6666666666666665,4.333333333333333,3,2.6666666666666665,3,5,3.4166666666666665,4,4,"Higher education (e.g., university degree or higher education diploma)",Man,41,(2),Urban,4000,8.294049640102028,"March 02, 2023"
2023-03-02 12:31:07,2023-03-02 12:47:48,0,100,1000,1,2023-03-02 12:47:49,R_7NYJzERxodDbyNz,anonymous,FR,1,1,NA,27,4,213,2,2,3,2,3,4,3,1,1,3,4,1,1,1,NA,NA,3,6,1,5,4,4,3,4,4,3,3,3,3,3,3,4,3,3,3,4,4,4,3,4,4,4,3,4,3,3,3,4,3,2,2,2,3,3,4,3,2,3,4,4,1,9,9,9,2,3,3,2,3,2,1,1,3,3,3,4,4,3,4,3,3,3,2,3,3,3,1,4,4,4,2,3,4,4,4,4,2,3,4,NA,99,99,1,1,4,4,4,4,4,4,3,3,3,3,3,3,3,3,3,3,3,3,3,2,5,4,3,4,NA,NA,NA,NA,NA,NA,NA,NA,NA,NA,NA,NA,NA,NA,NA,NA,NA,NA,NA,NA,NA,NA,NA,NA,NA,NA,NA,237361110259934,213,1,663,3.6666666666666665,4,3.6666666666666665,3,3,3,3.5833333333333335,3.8333333333333335,4,"Higher education (e.g., university degree or higher education diploma)",Man,27,Not religious at all (1),Rural,NA,NA,"March 02, 2023"
2023-03-02 12:36:54,2023-03-02 12:55:05,0,100,1090,1,2023-03-02 12:55:06,R_3j3tnmU5DtrethZ,anonymous,FR,1,0,NA,21,3,213,3,3,3,7,2,1,7,2,3,3,3,2,1,1,"La science bénéficie à tous. Il est important de sensibiliser les gens, quel que soit leur âge et leurs connaissances, sur des sujets scientifiques qui les concernent de près. Avoir accès à des informations scientifiques permet de mieux comprendre de faits quotidiens (sur le corps humain, des lois physiques, etc.), et entraîne les gens à faire preuve de curiosité et à mener des réflexions en vue de se faire leur propre opinion.  Les recherches et avancées scientifiques permettent également de grandes avancées technologiques mais aussi thérapeutiques (médecine, professionnels de la rééducation), ce qui profite à toute la population.",NA,5,2,5,5,4,5,3,5,3,3,3,4,1,5,5,5,3,4,4,4,4,4,4,5,4,4,4,5,4,4,3,3,4,2,1,4,4,3,1,4,3,3,3,3,1,7,8,6,1,3,4,4,2,3,2,2,5,4,2,2,2,4,2,2,1,5,2,3,2,3,2,4,4,4,4,4,4,4,4,4,4,4,4,700,3,4,5,2,4,4,4,3,2,3,3,4,4,2,3,2,4,4,4,3,3,3,2,6,6,4,5,4,NA,NA,NA,NA,NA,NA,NA,NA,NA,NA,NA,NA,NA,NA,NA,NA,NA,NA,NA,NA,NA,NA,NA,NA,NA,NA,NA,237298315298953,213,1,665,4,4.666666666666667,4,3.6666666666666665,3.6,3,4.083333333333333,4.333333333333333,3,"Secondary education (e.g., high school)",Woman,21,Very strongly religious (5),Urban,700,6.551080335043404,"March 02, 2023"
2023-03-02 12:47:14,2023-03-02 12:59:34,0,100,740,1,2023-03-02 12:59:34,R_3JfHGYGDhOR5sde,anonymous,FR,1,0,NA,33,4,213,3,3,2,2,2,2,3,2,2,2,4,2,3,2,NA,Je pense que c'est les résultats,3,2,4,3,3,5,3,3,3,2,2,3,3,3,3,3,3,4,3,3,3,3,3,3,3,3,3,3,3,3,3,3,2,3,3,3,3,3,3,3,3,3,3,3,1,5,10,5,5,3,5,3,3,3,2,3,3,3,1,1,1,5,3,1,1,5,4,2,3,3,3,5,5,5,5,5,5,5,5,5,5,5,5,28000,99,3,1,2,3,3,3,3,3,3,3,3,3,3,3,3,1,1,1,1,1,1,4,4,4,7,4,5,NA,NA,NA,NA,NA,NA,NA,NA,NA,NA,NA,NA,NA,NA,NA,NA,NA,NA,NA,NA,NA,NA,NA,NA,NA,NA,NA,237361107265633,213,1,668,3,3,3,3,3,4,3,3,4,"Higher education (e.g., university degree or higher education diploma)",Woman,33,Not religious at all (1),Urban,28000,10.239959789157341,"March 02, 2023"
2023-03-02 11:12:18,2023-03-02 13:04:02,0,100,6704,1,2023-03-02 13:04:03,R_3Hq0AVKNnu12Mqz,anonymous,FR,1,0,NA,27,4,213,2,1,1,1,3,1,1,1,1,1,4,1,1,1,Les entreprises pour améliorer la productivité,NA,1,4,1,5,5,3,5,3,3,3,3,5,3,5,5,5,2,4,3,4,4,3,3,4,3,4,3,4,4,4,4,3,3,3,3,3,4,3,3,4,3,4,3,3,1,3,5,4,1,3,5,3,1,4,3,4,3,4,1,3,1,5,1,1,1,5,4,3,3,3,1,5,5,5,5,5,5,5,5,5,5,5,5,25000,99,5,1,1,3,3,3,3,1,3,5,5,5,5,5,5,3,3,3,3,3,3,1,7,8,3,7,5,NA,NA,NA,NA,NA,NA,NA,NA,NA,NA,NA,NA,NA,NA,NA,NA,NA,NA,NA,NA,NA,NA,NA,NA,NA,NA,NA,237361102982253,213,1,669,3.6666666666666665,4,3.6666666666666665,3.3333333333333335,4,4,3.6666666666666665,3.8333333333333335,4,"Higher education (e.g., university degree or higher education diploma)",Woman,27,Not religious at all (1),Rural,25000,10.126631103850338,"March 02, 2023"
2023-03-02 12:51:05,2023-03-02 13:05:55,0,100,889,1,2023-03-02 13:05:55,R_Uuq9SVTo5YuOj0B,anonymous,FR,1,1,NA,25,3,213,4,3,6,4,7,1,4,1,2,2,5,1,4,1,NA,Aucune idée,3,4,1,4,3,4,3,5,3,3,4,1,1,3,5,5,5,4,3,3,3,4,4,5,3,4,2,4,3,3,3,4,4,4,2,3,4,2,3,4,3,4,3,3,1,10,1,10,1,3,3,3,4,2,3,3,1,2,4,3,3,3,4,2,2,3,4,3,3,3,4,3,4,2,4,2,5,5,5,2,2,2,5,1900,99,99,1,1,3,3,3,3,3,3,3,3,3,3,3,3,3,4,3,3,3,3,1,4,4,2,1,5,NA,NA,NA,NA,NA,NA,NA,NA,NA,NA,NA,NA,NA,NA,NA,NA,NA,NA,NA,NA,NA,NA,NA,NA,NA,NA,NA,237298315280465,213,1,670,3.6666666666666665,4,3,3,3,3,3.4166666666666665,3.8333333333333335,3,"Secondary education (e.g., high school)",Man,25,Not religious at all (1),Rural,1900,7.549609165154532,"March 02, 2023"
2023-03-02 13:04:59,2023-03-02 13:17:14,0,100,734,1,2023-03-02 13:17:14,R_p5y0QwRcfOaisuZ,anonymous,FR,1,1,NA,26,3,213,1,1,1,1,1,1,1,1,1,4,4,1,1,1,aucune idee,NA,3,4,1,4,4,3,2,4,4,3,2,1,1,1,1,5,5,5,4,3,3,3,3,3,3,3,3,3,3,3,3,4,3,3,3,3,3,2,2,2,1,3,2,4,1,7,2,6,2,3,4,3,2,3,2,3,3,4,1,2,2,2,3,1,1,5,2,3,3,3,2,5,5,5,5,5,5,5,5,5,5,5,5,1300,99,99,1,2,3,3,3,3,3,3,3,3,3,3,3,3,3,3,3,3,3,3,1,1,3,2,2,4,NA,NA,NA,NA,NA,NA,NA,NA,NA,NA,NA,NA,NA,NA,NA,NA,NA,NA,NA,NA,NA,NA,NA,NA,NA,NA,NA,236923091577044,213,1,673,3,3,3,3,1.8,5,3,3,3,"Secondary education (e.g., high school)",Man,26,Not religious at all (1),Urban,1300,7.170119543449628,"March 02, 2023"
2023-03-02 12:41:40,2023-03-02 13:22:00,0,100,2419,1,2023-03-02 13:22:00,R_1GQCiINRuNDSe6x,anonymous,FR,1,1,NA,42,4,213,7,6,7,7,6,7,6,7,7,6,7,6,7,6,Les grands bénéficiaires de la science se sont les grandes entreprises .,NA,5,4,1,5,5,5,5,5,5,5,5,5,5,5,5,5,5,5,5,5,5,5,5,5,4,5,5,5,5,5,5,5,5,5,5,5,4,5,5,4,5,5,4,5,1,9,10,10,9,5,3,3,5,3,3,3,2,1,1,5,3,3,3,4,3,4,2,3,3,3,3,5,4,5,4,5,5,4,4,4,4,4,4,90000,2,2,4,2,4,5,5,4,4,4,5,4,4,5,5,5,4,5,5,4,4,4,5,6,9,7,6,6,NA,NA,NA,NA,NA,NA,NA,NA,NA,NA,NA,NA,NA,NA,NA,NA,NA,NA,NA,NA,NA,NA,NA,NA,NA,NA,NA,237298315257022,213,1,675,5,5,4.666666666666667,5,5,5,4.916666666666667,5,4,"Higher education (e.g., university degree or higher education diploma)",Man,42,(4),Urban,90000,11.407564949312402,"March 02, 2023"
2023-03-02 13:07:19,2023-03-02 13:22:02,0,100,882,1,2023-03-02 13:22:03,R_2A0YlLaf3MW3dLM,anonymous,FR,1,0,NA,24,4,213,1,3,1,4,6,1,3,1,1,1,3,3,1,1,Tout le monde peut bénéficier de la science aussi bien sur les réseaux sociaux que les plateformes en ligne si on s'y intéresse on trouve notre bonheur,NA,2,6,2,5,5,3,1,3,4,1,5,3,3,3,3,5,3,4,4,5,4,4,3,5,3,4,3,5,4,4,4,5,5,4,4,5,5,2,1,2,1,2,3,3,1,5,6,6,1,5,4,2,1,4,5,5,5,5,1,2,2,5,3,2,2,3,1,3,3,3,1,5,5,5,5,5,5,5,5,5,5,5,5,11000,99,99,2,1,4,3,4,5,4,4,4,3,3,4,3,3,5,3,5,4,5,4,1,1,1,3,7,5,NA,NA,NA,NA,NA,NA,NA,NA,NA,NA,NA,NA,NA,NA,NA,NA,NA,NA,NA,NA,NA,NA,NA,NA,NA,NA,NA,236923091283130,213,1,676,4,5,3.6666666666666665,3.3333333333333335,3,3,4,4.5,4,"Higher education (e.g., university degree or higher education diploma)",Woman,24,(2),Rural,11000,9.305650551780507,"March 02, 2023"
2023-03-02 13:15:43,2023-03-02 13:24:01,0,100,497,1,2023-03-02 13:24:01,R_3FKT4EqOFYUh6Wd,anonymous,FR,1,1,NA,33,3,213,5,6,5,6,6,6,6,6,6,5,7,7,7,7,Population,NA,5,4,1,5,5,5,5,1,1,1,1,5,5,5,5,5,5,5,5,5,2,2,2,5,2,4,1,2,2,5,4,5,5,5,5,5,5,1,1,5,5,5,5,5,1,10,10,10,10,5,5,5,5,5,5,5,5,5,5,1,1,1,1,1,1,1,3,3,3,3,3,5,5,5,4,5,5,5,5,5,5,5,5,32000,5,5,2,1,5,5,5,5,5,5,5,5,5,5,5,5,5,5,5,5,5,5,7,7,9,5,6,3,NA,NA,NA,NA,NA,NA,NA,NA,NA,NA,NA,NA,NA,NA,NA,NA,NA,NA,NA,NA,NA,NA,NA,NA,NA,NA,NA,237298315254940,213,1,678,3.6666666666666665,4,2,2.3333333333333335,5,5,3,3.8333333333333335,3,"Secondary education (e.g., high school)",Man,33,(2),Rural,32000,10.373491181781864,"March 02, 2023"
2023-03-02 13:17:54,2023-03-02 13:28:22,0,100,628,1,2023-03-02 13:28:23,R_3EWgywkNWUH0jJE,anonymous,FR,1,1,NA,25,4,213,1,5,1,1,1,1,6,1,1,1,2,1,1,1,"les personnes riches dans un premier temps, les autres dans un second temps mais avant tout ce sont les propriétaires des entreprises",NA,3,4,1,4,4,3,2,3,2,1,3,4,3,4,4,5,5,5,4,4,4,4,4,4,4,4,4,4,4,4,4,5,5,4,4,3,4,1,2,3,1,4,2,3,1,7,5,7,3,4,4,4,2,3,3,3,3,4,3,2,2,4,2,2,2,3,1,4,3,3,1,4,4,4,4,4,4,4,4,4,4,4,4,32000,4,4,3,2,3,4,5,3,3,3,3,3,4,3,2,2,3,3,3,3,3,2,1,2,3,4,4,4,NA,NA,NA,NA,NA,NA,NA,NA,NA,NA,NA,NA,NA,NA,NA,NA,NA,NA,NA,NA,NA,NA,NA,NA,NA,NA,NA,237361107858641,213,1,681,4,4,4,4,4,5,4,4,4,"Higher education (e.g., university degree or higher education diploma)",Man,25,(3),Urban,32000,10.373491181781864,"March 02, 2023"
2023-03-02 13:29:26,2023-03-02 13:46:02,0,100,995,1,2023-03-02 13:46:02,R_2YXjPyYH2YalzIA,anonymous,FR,1,0,NA,33,4,213,3,3,3,2,1,1,3,1,1,2,5,1,1,1,Les gens qui s'y intéressent,NA,3,6,1,5,5,5,3,1,2,1,4,5,5,5,2,5,5,5,3,4,4,3,3,4,3,3,2,4,3,2,2,5,3,4,3,3,2,2,3,3,3,3,3,3,1,5,7,4,4,4,5,5,1,4,5,4,4,5,1,1,1,3,3,1,3,4,4,3,3,3,2,5,5,5,5,5,5,5,5,5,5,5,5,4000,99,99,1,1,4,4,4,4,3,3,4,4,4,4,3,4,3,4,3,2,3,3,1,3,7,1,4,5,NA,NA,NA,NA,NA,NA,NA,NA,NA,NA,NA,NA,NA,NA,NA,NA,NA,NA,NA,NA,NA,NA,NA,NA,NA,NA,NA,237298314510339,213,1,684,2.6666666666666665,4,3.3333333333333335,2.3333333333333335,4.4,4,3.0833333333333335,3.3333333333333335,4,"Higher education (e.g., university degree or higher education diploma)",Woman,33,Not religious at all (1),Rural,4000,8.294049640102028,"March 02, 2023"
2023-03-02 13:33:42,2023-03-02 13:51:23,0,100,1061,1,2023-03-02 13:51:24,R_6tddUwVsHPmxQch,anonymous,FR,1,1,NA,24,3,213,1,1,2,2,3,3,4,2,1,2,3,2,1,1,"Selon moi, à notre époque, tout le monde bénéficie de la science grâce au vaccin accessible à tous, l'accès à différents média pour être informé de tout sujets, ect",NA,3,4,1,4,4,4,2,4,4,3,4,3,3,3,3,4,4,3,3,4,3,3,3,4,3,4,3,4,3,4,3,3,2,4,4,4,4,3,3,3,2,2,2,3,1,8,3,8,1,3,5,1,1,3,1,1,1,1,5,1,2,4,3,3,2,3,3,3,3,3,1,4,4,3,4,3,3,5,5,5,5,5,4,12000,99,99,1,2,4,4,4,4,3,3,4,4,4,4,3,3,4,4,4,4,3,3,1,4,5,5,5,4,NA,NA,NA,NA,NA,NA,NA,NA,NA,NA,NA,NA,NA,NA,NA,NA,NA,NA,NA,NA,NA,NA,NA,NA,NA,NA,NA,237361110051904,213,1,685,3.6666666666666665,4,3,3,3.2,3,3.4166666666666665,3.8333333333333335,3,"Secondary education (e.g., high school)",Man,24,Not religious at all (1),Urban,12000,9.392661928770137,"March 02, 2023"
2023-03-02 13:45:39,2023-03-02 13:59:42,0,100,843,1,2023-03-02 13:59:42,R_2WvaIbZEJ0xhK4m,anonymous,FR,1,1,NA,69,4,213,3,5,4,3,3,1,3,4,3,5,4,2,3,1,NA,son humilité,4,6,1,5,4,4,3,5,4,2,3,4,4,4,5,5,5,4,4,4,4,3,3,4,3,4,3,3,4,2,2,4,3,4,4,5,2,2,3,3,4,4,3,3,1,8,7,8,4,3,4,4,3,3,3,3,3,3,1,3,3,3,3,3,4,3,3,4,4,4,2,4,5,3,3,4,4,4,5,4,4,5,5,36000,3,4,4,1,4,5,4,4,4,3,4,5,4,4,4,4,4,4,4,4,4,3,2,2,4,5,5,6,NA,NA,NA,NA,NA,NA,NA,NA,NA,NA,NA,NA,NA,NA,NA,NA,NA,NA,NA,NA,NA,NA,NA,NA,NA,NA,NA,237361102466169,213,1,688,3,3.6666666666666665,3.6666666666666665,2.6666666666666665,4.4,4,3.25,3.3333333333333335,4,"Higher education (e.g., university degree or higher education diploma)",Man,69,(4),Rural,36000,10.491274217438248,"March 02, 2023"
2023-03-02 13:26:05,2023-03-02 14:05:46,0,100,2380,1,2023-03-02 14:05:47,R_3MDuzWiFxrdbPMx,anonymous,FR,1,0,NA,21,4,213,1,3,3,4,4,2,5,3,2,6,6,3,1,1,NA,"Son expertise sur le sujet, les travaux qu'ils mènent, les thèses qu'il a fait",5,6,1,5,5,2,3,5,5,3,5,4,4,4,4,5,4,5,4,4,4,4,3,4,4,5,3,4,4,4,3,4,4,4,2,3,4,4,1,2,1,2,1,1,1,8,4,9,1,4,4,2,2,3,5,4,2,4,1,2,2,3,2,2,3,3,3,3,3,3,3,1,1,1,5,1,5,5,5,5,5,5,5,6000,2,99,2,2,5,5,5,5,5,5,5,5,5,3,3,3,5,5,5,4,4,4,1,1,4,3,6,6,NA,NA,NA,NA,NA,NA,NA,NA,NA,NA,NA,NA,NA,NA,NA,NA,NA,NA,NA,NA,NA,NA,NA,NA,NA,NA,NA,237298315387904,213,1,689,4.333333333333333,4,4,3,4,5,3.8333333333333335,4.166666666666667,4,"Higher education (e.g., university degree or higher education diploma)",Woman,21,(2),Urban,6000,8.699514748210191,"March 02, 2023"
2023-03-02 13:43:05,2023-03-02 14:09:14,0,100,1568,1,2023-03-02 14:09:15,R_ZKMrOA0iWfLNzkl,anonymous,FR,1,0,NA,60,4,213,2,2,1,1,2,2,1,1,2,1,3,1,1,1,NA,les résultats. l'aide apportée aux autres,5,6,1,4,5,3,3,3,3,1,4,5,4,3,4,4,1,4,4,5,3,3,3,4,3,3,3,4,4,3,3,4,3,5,5,5,4,2,5,3,1,3,2,4,1,9,8,2,1,4,2,3,3,4,4,4,3,3,1,2,2,4,2,2,2,3,1,3,2,3,3,5,5,5,5,5,5,5,5,5,5,5,5,50000,99,2,4,2,4,5,4,5,3,4,3,3,3,3,1,2,4,4,4,4,3,3,1,4,1,2,2,3,NA,NA,NA,NA,NA,NA,NA,NA,NA,NA,NA,NA,NA,NA,NA,NA,NA,NA,NA,NA,NA,NA,NA,NA,NA,NA,NA,237361107992613,213,1,692,3,4.333333333333333,3.3333333333333335,3,3.4,3,3.4166666666666665,3.6666666666666665,4,"Higher education (e.g., university degree or higher education diploma)",Woman,60,(4),Urban,50000,10.819778284410283,"March 02, 2023"
2023-03-02 13:54:43,2023-03-02 14:11:54,0,100,1030,1,2023-03-02 14:11:54,R_24311P61x24P3ri,anonymous,FR,1,0,NA,59,3,213,3,2,2,1,1,1,1,1,2,1,3,1,1,1,"Tout un chacun puisque cela concerne la médecine, l'agriculture...",NA,5,1,4,5,5,5,5,5,4,3,4,4,1,3,4,5,5,5,5,4,3,4,2,4,4,4,4,4,4,4,4,4,4,5,5,4,4,3,2,4,5,4,3,3,1,5,7,8,1,4,3,4,2,3,3,1,3,5,1,1,2,5,3,3,1,3,1,3,2,3,1,5,5,5,5,5,5,5,5,5,5,5,5,37000,3,5,3,1,4,4,4,4,3,3,4,4,3,4,3,3,4,4,3,3,2,3,5,5,7,4,5,4,NA,NA,NA,NA,NA,NA,NA,NA,NA,NA,NA,NA,NA,NA,NA,NA,NA,NA,NA,NA,NA,NA,NA,NA,NA,NA,NA,237361108013110,213,1,693,4,4,3.6666666666666665,3.3333333333333335,3.4,4,3.75,4,3,"Secondary education (e.g., high school)",Woman,59,(3),Rural,37000,10.51867319162636,"March 02, 2023"
2023-03-02 14:05:08,2023-03-02 14:20:06,0,100,897,1,2023-03-02 14:20:07,R_OoLYcL0b6gXJU1r,anonymous,FR,1,0,NA,67,4,213,3,3,1,1,1,1,1,1,3,3,3,1,1,1,NA,sa notoriete,3,4,5,5,5,3,5,4,4,1,4,2,1,4,1,5,5,4,2,4,4,3,3,4,4,5,3,4,4,4,3,4,4,5,3,1,4,2,2,5,3,3,3,2,1,7,9,7,2,2,4,4,1,5,1,1,3,5,3,1,3,5,3,3,3,5,3,3,3,3,1,5,5,5,5,5,5,5,5,5,5,5,5,25000,5,4,4,2,4,4,4,3,3,3,3,3,3,3,3,3,4,3,3,3,3,3,4,7,9,7,7,6,NA,NA,NA,NA,NA,NA,NA,NA,NA,NA,NA,NA,NA,NA,NA,NA,NA,NA,NA,NA,NA,NA,NA,NA,NA,NA,NA,237298314496137,213,1,695,4,4,4,3,2.6,4,3.75,4,4,"Higher education (e.g., university degree or higher education diploma)",Woman,67,(4),Urban,25000,10.126631103850338,"March 02, 2023"
2023-03-02 12:01:40,2023-03-02 14:25:06,0,100,8605,1,2023-03-02 14:25:06,R_3EPZL5zSD1uIYWU,anonymous,FR,1,0,NA,37,4,213,4,6,3,3,4,5,4,3,2,3,5,7,3,1,NA,Les preuves scientifiques apportées,4,6,1,3,5,5,3,5,5,5,3,3,4,4,4,3,4,4,3,5,4,4,4,5,4,4,5,5,4,5,4,5,4,4,4,3,4,2,1,2,4,4,2,2,1,8,6,8,1,5,3,3,3,4,1,1,2,2,1,3,2,4,3,1,2,4,2,3,3,2,3,5,5,5,5,5,5,5,5,5,5,5,5,6000,2,3,1,2,4,5,4,5,3,4,4,4,4,5,3,3,4,4,4,5,3,5,1,1,1,2,4,9,NA,NA,NA,NA,NA,NA,NA,NA,NA,NA,NA,NA,NA,NA,NA,NA,NA,NA,NA,NA,NA,NA,NA,NA,NA,NA,NA,237298314534141,213,1,697,4.333333333333333,5,4,4.333333333333333,3.8,4,4.416666666666667,4.666666666666667,4,"Higher education (e.g., university degree or higher education diploma)",Woman,37,Not religious at all (1),Urban,6000,8.699514748210191,"March 02, 2023"
2023-03-02 14:13:37,2023-03-02 14:36:21,0,100,1364,1,2023-03-02 14:36:21,R_Z7xJLuXTwYmu5B7,anonymous,FR,1,1,NA,32,4,213,4,3,4,1,1,1,1,2,4,3,5,1,3,1,La population car c'est grâce à la science que les conditions de vie s'améliore,NA,4,6,5,4,5,3,2,4,5,4,3,4,3,2,5,5,5,3,4,3,4,3,2,4,3,4,2,4,3,3,2,4,3,5,4,5,4,2,3,3,2,3,3,3,1,7,7,7,4,2,4,3,3,3,2,1,1,3,2,1,1,2,2,1,1,3,3,3,3,3,1,3,4,2,4,3,4,4,4,3,3,4,4,4300,3,99,1,1,3,4,4,3,1,2,4,3,4,3,2,2,3,2,5,1,2,3,2,1,2,3,4,6,NA,NA,NA,NA,NA,NA,NA,NA,NA,NA,NA,NA,NA,NA,NA,NA,NA,NA,NA,NA,NA,NA,NA,NA,NA,NA,NA,236923091605703,213,1,699,3.3333333333333335,3.6666666666666665,3.3333333333333335,2,3.8,4,3.0833333333333335,3.5,4,"Higher education (e.g., university degree or higher education diploma)",Man,32,Not religious at all (1),Rural,4300,8.366370301681654,"March 02, 2023"
2023-03-02 14:21:09,2023-03-02 14:39:38,0,100,1108,1,2023-03-02 14:39:40,R_DSiP79oTS2y9Pxv,anonymous,FR,1,0,NA,20,3,213,2,4,3,4,4,4,4,3,4,5,4,3,3,1,NA,"Pour moi, un/une scientifique digne de confiance est un scientifique engagé, qui met a profit l'honnêteté et la clarté des choses.",3,2,1,5,4,5,3,3,5,2,4,2,4,3,4,5,3,5,4,4,2,4,4,5,4,4,2,5,3,2,2,3,3,4,3,3,5,1,4,3,3,4,2,2,1,10,9,9,2,4,5,4,1,4,4,4,4,3,1,2,2,3,2,3,1,4,1,3,3,3,1,4,5,4,5,4,5,5,5,5,5,2,5,24000,3,3,4,1,3,4,3,4,1,2,4,3,4,4,3,2,2,3,4,5,2,3,1,6,8,6,6,7,NA,NA,NA,NA,NA,NA,NA,NA,NA,NA,NA,NA,NA,NA,NA,NA,NA,NA,NA,NA,NA,NA,NA,NA,NA,NA,NA,237298314800247,213,1,700,3.3333333333333335,4.666666666666667,3,2.6666666666666665,3.2,5,3.4166666666666665,4,3,"Secondary education (e.g., high school)",Woman,20,(4),Rural,24000,10.085809109330082,"March 02, 2023"
2023-03-02 14:16:28,2023-03-02 14:46:08,0,100,1780,1,2023-03-02 14:46:08,R_1mI5ACs3xEzfVZO,anonymous,FR,1,0,NA,24,4,213,1,3,2,2,2,1,3,1,1,1,4,4,3,1,Les riches,NA,4,4,1,5,2,1,2,4,1,1,1,5,3,5,4,5,2,5,5,4,3,3,3,4,3,4,2,4,3,4,3,4,4,4,4,4,4,2,5,3,3,3,3,3,1,8,5,6,1,2,5,3,3,3,2,1,3,4,3,2,1,5,2,1,1,5,1,2,3,3,1,4,4,4,2,4,4,4,4,4,2,4,4,25000,4,4,2,1,3,4,2,2,2,2,4,4,2,2,2,2,3,4,3,3,2,3,3,5,5,5,4,4,NA,NA,NA,NA,NA,NA,NA,NA,NA,NA,NA,NA,NA,NA,NA,NA,NA,NA,NA,NA,NA,NA,NA,NA,NA,NA,NA,237361110086775,213,1,703,3.6666666666666665,4,3,2.6666666666666665,3.8,4,3.3333333333333335,3.8333333333333335,4,"Higher education (e.g., university degree or higher education diploma)",Woman,24,(2),Rural,25000,10.126631103850338,"March 02, 2023"
2023-03-02 14:30:12,2023-03-02 14:46:33,0,100,980,1,2023-03-02 14:46:33,R_3lsE4XnkMM9Bw1l,anonymous,FR,1,0,NA,37,3,213,3,2,3,3,2,1,2,1,1,1,2,1,1,1,NA,"Ses publications, la reconnaissance de ses paires",4,6,1,5,3,5,3,5,4,3,3,3,4,3,4,4,3,5,5,3,4,3,3,4,4,3,3,4,3,4,3,4,4,2,1,3,3,2,2,3,3,4,3,3,1,9,7,10,5,2,5,3,1,1,1,1,1,4,3,3,2,4,2,1,1,3,1,3,3,3,1,5,5,4,5,3,4,5,5,5,5,4,4,30000,99,2,2,1,4,5,4,3,3,3,3,4,4,3,3,3,3,5,5,3,3,3,2,1,6,7,5,2,NA,NA,NA,NA,NA,NA,NA,NA,NA,NA,NA,NA,NA,NA,NA,NA,NA,NA,NA,NA,NA,NA,NA,NA,NA,NA,NA,237361103987811,213,1,705,3.3333333333333335,3.6666666666666665,3.6666666666666665,3,3.4,5,3.4166666666666665,3.5,3,"Secondary education (e.g., high school)",Woman,37,(2),Rural,30000,10.308952660644293,"March 02, 2023"
2023-03-02 09:37:35,2023-03-02 14:49:04,0,100,18689,1,2023-03-02 14:49:05,R_3qCd6pg8gXYZcan,anonymous,FR,1,1,NA,52,4,213,3,3,3,1,2,2,1,1,3,3,3,1,3,2,NA,Les explications simples pour tout le monde,3,6,1,3,5,5,3,2,2,1,4,2,3,2,5,5,5,4,3,3,4,3,3,4,4,4,3,4,3,4,3,5,4,5,5,5,3,3,3,3,4,5,4,3,1,10,6,5,1,4,4,2,3,4,1,4,2,1,1,1,1,5,3,1,2,5,1,3,2,2,1,1,3,4,5,4,3,3,3,3,5,3,4,20000,1,3,1,2,3,3,3,3,2,2,4,4,2,3,5,3,4,4,4,3,2,2,3,6,7,5,4,5,NA,NA,NA,NA,NA,NA,NA,NA,NA,NA,NA,NA,NA,NA,NA,NA,NA,NA,NA,NA,NA,NA,NA,NA,NA,NA,NA,237298315388948,213,1,706,3.6666666666666665,3.6666666666666665,3.6666666666666665,3,3.4,3,3.5,3.6666666666666665,4,"Higher education (e.g., university degree or higher education diploma)",Man,52,Not religious at all (1),Urban,20000,9.903487552536127,"March 02, 2023"
2023-03-02 14:41:45,2023-03-02 14:51:34,0,100,589,1,2023-03-02 14:51:35,R_3NJLxfn731SP8FZ,anonymous,FR,1,0,NA,68,2,213,1,1,1,1,1,1,1,1,1,1,1,1,1,1,RIEN A REDIRE,NA,2,2,1,5,2,3,1,3,2,2,1,1,1,2,1,3,2,4,1,3,3,3,3,3,3,3,3,3,3,3,3,3,3,2,2,2,3,2,4,3,3,3,3,3,1,8,5,5,3,3,1,1,3,1,1,1,1,1,1,2,2,2,2,2,2,2,2,3,3,3,2,4,4,4,4,4,4,4,4,4,4,4,4,0,5,4,2,1,3,3,3,3,3,3,3,3,3,3,3,3,3,3,3,3,3,2,5,4,3,1,1,4,NA,NA,NA,NA,NA,NA,NA,NA,NA,NA,NA,NA,NA,NA,NA,NA,NA,NA,NA,NA,NA,NA,NA,NA,NA,NA,NA,237361107840192,213,1,708,3,3,3,3,1.4,3,3,3,2,Primary education,Woman,68,(2),Rural,0,-Inf,"March 02, 2023"
2023-03-02 14:45:55,2023-03-02 15:00:59,0,100,904,1,2023-03-02 15:01:00,R_DtL8zfF2HqXGBRT,anonymous,FR,1,0,NA,28,4,213,3,2,3,5,4,3,5,5,3,3,5,3,1,1,"Toutes communautés et toutes nations peuvent bénéficier autant les unes que les autres. Toutefois, pour le moment, les pays développés, qui peuvent donc consacrer plus de travailleurs et plus de budget, en bénéficient plus.",NA,5,4,2,3,4,3,3,5,5,2,4,4,3,3,4,5,3,5,3,4,3,4,3,4,3,4,2,4,3,3,2,3,3,4,5,5,2,3,3,3,2,4,3,2,1,8,4,5,3,3,4,4,4,2,2,2,3,2,2,3,2,3,2,2,2,3,1,3,2,3,1,5,5,4,5,5,5,5,5,5,5,5,5,2500,4,4,5,1,4,4,4,3,3,4,3,4,5,3,3,2,4,4,5,3,4,2,2,3,5,2,5,7,NA,NA,NA,NA,NA,NA,NA,NA,NA,NA,NA,NA,NA,NA,NA,NA,NA,NA,NA,NA,NA,NA,NA,NA,NA,NA,NA,237361108042832,213,1,710,3.6666666666666665,4,3,2.3333333333333335,3.4,4,3.25,3.8333333333333335,4,"Higher education (e.g., university degree or higher education diploma)",Woman,28,Very strongly religious (5),Rural,2500,7.824046010856292,"March 02, 2023"
2023-03-02 14:49:06,2023-03-02 15:02:14,0,100,787,1,2023-03-02 15:02:14,R_2fD3UPBLY1kGjQV,anonymous,FR,1,1,NA,42,4,213,5,5,5,4,5,3,3,2,4,3,5,4,3,1,Tout le monde car l'évolution est le bénéfice de tous,NA,5,6,1,5,5,5,3,5,5,5,5,5,5,4,5,4,4,5,4,4,4,4,4,4,3,5,4,4,4,5,5,5,4,4,3,4,4,3,3,3,4,4,2,2,1,8,6,8,3,4,4,4,2,4,2,2,3,4,2,3,3,4,2,2,2,4,1,3,3,3,1,5,5,5,5,5,5,3,3,3,3,3,3,30000,3,3,3,1,3,4,4,4,2,4,3,3,3,3,3,3,4,4,4,3,3,4,4,5,7,6,6,5,NA,NA,NA,NA,NA,NA,NA,NA,NA,NA,NA,NA,NA,NA,NA,NA,NA,NA,NA,NA,NA,NA,NA,NA,NA,NA,NA,237298315368590,213,1,711,4.666666666666667,4,3.6666666666666665,4.333333333333333,4.6,5,4.166666666666667,4.333333333333333,4,"Higher education (e.g., university degree or higher education diploma)",Man,42,(3),Rural,30000,10.308952660644293,"March 02, 2023"
2023-03-02 14:59:14,2023-03-02 15:15:36,0,100,981,1,2023-03-02 15:15:36,R_shhDAxzIuAwtF3b,anonymous,FR,1,1,NA,20,4,213,4,5,6,6,4,3,6,5,4,5,5,5,5,3,"Selon moi, la science bénéficie dans un premier temps aux personnes qui ont les moyens, les solutions scientifiques sont d'abord coûteuses. Puis elles se démocratisent ensuite et la majorité peut en bénéficier.",NA,4,2,1,4,4,2,3,4,4,2,3,4,2,4,5,4,3,5,4,3,4,3,4,4,3,3,4,3,4,3,4,4,3,4,3,4,4,3,2,2,2,4,2,2,1,7,8,3,5,4,4,2,2,2,2,2,1,4,2,2,2,3,2,2,2,4,3,3,2,3,2,4,4,3,4,3,4,4,4,3,4,3,4,0,4,4,2,2,4,3,4,3,3,3,4,3,4,3,2,3,4,4,4,3,3,3,2,3,6,4,3,6,NA,NA,NA,NA,NA,NA,NA,NA,NA,NA,NA,NA,NA,NA,NA,NA,NA,NA,NA,NA,NA,NA,NA,NA,NA,NA,NA,237298315380860,213,1,714,3,3.3333333333333335,3.6666666666666665,4,3.6,4,3.5,3.1666666666666665,4,"Higher education (e.g., university degree or higher education diploma)",Man,20,(2),Urban,0,-Inf,"March 02, 2023"
2023-03-02 15:15:51,2023-03-02 15:31:20,0,100,928,1,2023-03-02 15:31:21,R_2pLEacyARcLqWwD,anonymous,FR,1,1,NA,47,4,213,5,5,5,5,5,5,5,5,5,5,5,5,5,5,les scinetifiques,NA,5,4,1,5,5,5,1,3,3,3,3,1,1,1,1,5,5,3,3,4,3,3,3,3,3,3,3,4,4,4,4,3,3,5,5,5,1,1,5,5,5,3,3,5,1,5,5,5,5,5,5,5,1,5,5,5,5,5,1,1,1,1,1,1,1,5,1,3,3,3,1,5,5,5,5,5,5,5,5,5,5,5,5,55000,3,3,3,2,3,3,3,3,3,3,3,3,3,3,3,3,3,3,3,3,3,3,1,7,9,5,1,9,NA,NA,NA,NA,NA,NA,NA,NA,NA,NA,NA,NA,NA,NA,NA,NA,NA,NA,NA,NA,NA,NA,NA,NA,NA,NA,NA,237361110202397,213,1,715,3.3333333333333335,3.6666666666666665,3.3333333333333335,3.3333333333333335,1.8,3,3.4166666666666665,3.5,4,"Higher education (e.g., university degree or higher education diploma)",Man,47,(3),Urban,55000,10.915088464214607,"March 02, 2023"
2023-03-02 15:29:36,2023-03-02 15:38:55,0,100,558,1,2023-03-02 15:38:55,R_3eavctZkJV93vkT,anonymous,FR,1,1,NA,30,3,213,2,3,1,4,2,1,4,5,1,1,3,3,1,1,NA,qu ils soit independant pas finisser par des lobby,4,2,1,4,5,3,2,4,5,3,4,4,3,4,5,4,2,4,5,4,3,4,2,5,2,4,2,4,3,4,3,5,4,4,4,5,4,2,4,4,2,2,4,4,1,8,3,7,3,4,4,4,1,4,1,4,4,4,2,1,2,4,2,1,1,4,2,3,3,4,1,1,4,3,4,4,4,1,5,5,5,5,5,26000,3,2,1,2,3,4,4,4,2,3,4,4,4,4,3,3,3,4,4,4,2,4,1,1,8,1,1,1,NA,NA,NA,NA,NA,NA,NA,NA,NA,NA,NA,NA,NA,NA,NA,NA,NA,NA,NA,NA,NA,NA,NA,NA,NA,NA,NA,237361110081644,213,1,718,4,4.333333333333333,2.6666666666666665,2.3333333333333335,3.6,3,3.3333333333333335,4.166666666666667,3,"Secondary education (e.g., high school)",Man,30,Not religious at all (1),Urban,26000,10.165851817003619,"March 02, 2023"
2023-03-02 15:38:25,2023-03-02 15:55:59,0,100,1053,1,2023-03-02 15:55:59,R_3313UzhvEPmQ9HM,anonymous,FR,1,1,NA,59,4,213,4,3,3,3,3,2,4,4,2,4,4,3,3,3,L homme et son entourage car la science est le produit de l homme,NA,4,4,1,5,5,5,5,5,5,5,5,5,5,5,5,5,5,5,5,4,3,3,4,4,4,4,4,4,4,4,4,5,4,5,5,5,2,3,3,4,5,4,3,5,1,10,1,10,1,5,5,4,2,5,3,4,4,4,1,1,1,5,1,1,1,5,3,3,3,3,3,5,5,5,5,5,5,5,5,5,5,5,5,10000,2,2,1,1,4,4,4,4,4,4,4,4,4,4,4,4,4,4,4,4,4,4,1,5,8,2,5,6,NA,NA,NA,NA,NA,NA,NA,NA,NA,NA,NA,NA,NA,NA,NA,NA,NA,NA,NA,NA,NA,NA,NA,NA,NA,NA,NA,237361102235671,213,1,720,3.6666666666666665,4,3.6666666666666665,4,5,5,3.8333333333333335,3.8333333333333335,4,"Higher education (e.g., university degree or higher education diploma)",Man,59,Not religious at all (1),Rural,10000,9.210340371976184,"March 02, 2023"
2023-03-02 15:45:13,2023-03-02 16:06:37,0,100,1283,1,2023-03-02 16:06:38,R_0Oljw0D35bsQ18d,anonymous,FR,1,1,NA,47,3,213,2,4,5,5,5,3,5,5,3,3,4,3,4,2,la médecine afin de trouver des solutions pour guérir les personnes,NA,4,4,1,5,3,5,5,5,4,5,5,4,3,3,4,5,5,3,3,3,4,3,3,4,3,4,2,4,4,4,3,3,3,4,3,5,4,3,4,4,2,4,4,4,1,10,6,10,1,4,2,3,2,2,3,1,1,4,3,1,1,5,1,1,1,5,4,3,2,3,1,5,5,3,5,5,5,5,5,5,5,5,5,2400,5,2,3,1,3,4,4,4,3,4,3,3,3,3,3,3,4,4,4,4,3,4,6,6,8,4,6,5,NA,NA,NA,NA,NA,NA,NA,NA,NA,NA,NA,NA,NA,NA,NA,NA,NA,NA,NA,NA,NA,NA,NA,NA,NA,NA,NA,237361107938324,213,1,722,3.6666666666666665,3.6666666666666665,3.6666666666666665,2.6666666666666665,3.8,3,3.4166666666666665,3.6666666666666665,3,"Secondary education (e.g., high school)",Man,47,(3),Rural,2400,7.783224016336037,"March 02, 2023"
2023-03-02 16:10:03,2023-03-02 16:17:34,0,100,451,1,2023-03-02 16:17:35,R_w1nqPumrnYHwDPr,anonymous,FR,1,1,NA,22,3,213,1,1,1,1,1,1,1,1,1,1,4,1,3,1,NA,Son enciennetez qui a prouver ses chose,4,4,1,3,3,5,5,5,5,2,2,4,4,5,5,5,5,5,5,4,4,2,4,4,4,4,4,4,4,4,4,5,4,3,4,3,1,3,3,3,3,3,4,3,1,9,10,10,10,4,2,2,3,2,4,2,2,2,2,2,4,2,4,4,4,4,4,2,3,3,3,1,4,4,4,4,5,4,5,5,5,5,5,2000,4,2,4,2,4,4,4,4,3,4,5,4,3,3,4,3,3,3,3,4,3,4,1,4,9,3,7,3,NA,NA,NA,NA,NA,NA,NA,NA,NA,NA,NA,NA,NA,NA,NA,NA,NA,NA,NA,NA,NA,NA,NA,NA,NA,NA,NA,237298314552496,213,1,725,3.3333333333333335,4,4,4,4.6,5,3.8333333333333335,3.6666666666666665,3,"Secondary education (e.g., high school)",Man,22,(4),Urban,2000,7.600902459542082,"March 02, 2023"
2023-03-02 16:18:34,2023-03-02 16:31:29,0,100,774,1,2023-03-02 16:31:29,R_33p9LwrFJPJyKof,anonymous,FR,1,0,NA,44,3,213,3,3,2,2,2,1,1,1,1,4,3,1,2,1,"Tout le monde bénéficie de la science. Par exemple le climat, c'est très important que chacun de nous fasse des efforts pour limiter les dégâts",NA,5,4,1,5,5,5,1,3,4,2,5,5,1,5,5,5,1,5,5,4,2,2,2,4,3,4,2,4,2,2,2,5,3,5,5,5,1,1,3,5,5,5,3,5,1,10,10,8,1,1,1,5,1,5,3,4,3,1,1,1,1,5,1,1,1,5,3,3,3,3,1,5,5,5,5,5,5,5,5,5,5,5,5,19500,99,99,1,1,2,2,2,2,2,2,3,3,3,2,2,2,1,1,1,1,1,1,1,1,1,5,7,5,NA,NA,NA,NA,NA,NA,NA,NA,NA,NA,NA,NA,NA,NA,NA,NA,NA,NA,NA,NA,NA,NA,NA,NA,NA,NA,NA,237361110061136,213,1,726,2.6666666666666665,4,2.3333333333333335,2,3.4,4,2.75,3.3333333333333335,3,"Secondary education (e.g., high school)",Woman,44,Not religious at all (1),Rural,19500,9.878169744551839,"March 02, 2023"
2023-03-02 16:37:07,2023-03-02 16:51:41,0,100,873,1,2023-03-02 16:51:42,R_3k6Xd0RJnyUtdt6,anonymous,FR,1,1,NA,18,4,213,7,1,2,5,1,1,6,4,2,7,7,4,6,1,NA,"La source, si le media est connu",4,4,1,4,2,1,1,3,3,1,5,1,1,3,1,5,5,3,1,5,3,3,5,4,3,3,5,5,3,3,4,1,1,5,5,5,4,3,1,1,1,1,4,3,1,10,10,1,5,5,1,1,1,1,1,1,3,5,5,1,3,4,2,2,2,5,2,3,1,3,4,5,5,5,5,5,5,5,5,5,5,5,5,0,1,5,1,2,3,4,5,1,3,2,2,4,2,2,5,3,3,4,4,4,5,5,1,1,1,7,4,4,NA,NA,NA,NA,NA,NA,NA,NA,NA,NA,NA,NA,NA,NA,NA,NA,NA,NA,NA,NA,NA,NA,NA,NA,NA,NA,NA,237361110259940,213,1,729,3,4.666666666666667,3,4.666666666666667,2.2,4,3.8333333333333335,3.8333333333333335,4,"Higher education (e.g., university degree or higher education diploma)",Man,18,Not religious at all (1),Urban,0,-Inf,"March 02, 2023"
2023-03-02 16:37:30,2023-03-02 16:56:55,0,100,1165,1,2023-03-02 16:56:56,R_1jku4hOfJQmaI6X,anonymous,FR,1,1,NA,27,4,213,1,3,4,4,4,2,5,4,2,3,5,4,1,1,NA,La confiance se fait par la justification apportée et l'expérience passée de la part du scientifique.,5,6,1,5,5,5,3,5,3,3,4,5,2,3,5,4,5,5,5,3,3,2,2,4,3,4,3,4,3,2,2,4,3,4,2,4,4,3,4,2,3,3,2,2,1,10,1,10,1,4,5,4,2,2,1,2,4,4,1,3,1,4,2,2,2,3,3,3,3,3,2,5,5,5,5,5,5,5,5,5,5,5,5,3500,1,2,1,2,4,5,5,4,3,3,4,4,5,4,2,2,5,5,5,5,4,4,1,2,6,4,2,6,NA,NA,NA,NA,NA,NA,NA,NA,NA,NA,NA,NA,NA,NA,NA,NA,NA,NA,NA,NA,NA,NA,NA,NA,NA,NA,NA,237361110064213,213,1,731,2.6666666666666665,3.6666666666666665,3,2.3333333333333335,4,4,2.9166666666666665,3.1666666666666665,4,"Higher education (e.g., university degree or higher education diploma)",Man,27,Not religious at all (1),Urban,3500,8.160518247477505,"March 02, 2023"
2023-03-02 16:28:57,2023-03-02 17:00:31,0,100,1893,1,2023-03-02 17:00:31,R_3fV0WuuTUn0l1dG,anonymous,FR,1,0,NA,26,3,213,6,6,6,5,6,5,6,2,2,6,6,1,1,1,NA,La crédibilité des informations qu’il partage ainsi que l’analyse rationnelle des ses hypothèses ou propos.  La cohérence de ses arguments avec les preuves mathématiques et physiques.,5,6,1,5,5,3,3,2,2,1,5,4,1,1,4,5,2,5,4,3,3,3,2,3,3,2,1,3,3,1,2,4,2,5,4,5,4,1,3,3,2,3,3,2,1,7,5,8,3,2,2,1,3,2,3,2,1,2,3,1,1,3,2,1,1,4,2,3,3,3,1,4,4,4,4,2,4,3,4,3,3,3,4,30000,3,3,4,2,3,3,3,3,3,3,3,3,2,2,2,2,3,3,3,3,3,3,4,4,9,5,7,8,NA,NA,NA,NA,NA,NA,NA,NA,NA,NA,NA,NA,NA,NA,NA,NA,NA,NA,NA,NA,NA,NA,NA,NA,NA,NA,NA,237361109993706,213,1,733,2,3,3,1.6666666666666667,2.4,4,2.4166666666666665,2.5,3,"Secondary education (e.g., high school)",Woman,26,(4),Urban,30000,10.308952660644293,"March 02, 2023"
2023-03-02 16:49:06,2023-03-02 17:04:33,0,100,927,1,2023-03-02 17:04:34,R_3gObH6WV2tl0DLi,anonymous,FR,1,0,NA,21,4,213,4,5,6,5,3,2,5,4,3,5,4,2,2,1,Le bénéficiaire de la science sont les entreprises pour la question de productivité En plus il y a la médecine ou le bien être,NA,4,4,1,5,5,3,1,5,5,3,4,3,3,5,5,5,5,5,4,5,4,4,3,4,3,5,3,4,4,4,3,4,4,5,5,5,4,4,3,4,4,4,2,2,1,8,5,4,6,4,5,4,2,5,4,5,4,3,1,1,2,5,1,1,2,5,3,3,3,3,3,4,5,2,5,1,5,5,5,5,5,5,5,690,1,2,1,2,5,5,4,5,2,3,2,3,3,4,1,1,3,4,4,4,2,2,1,1,5,7,7,7,NA,NA,NA,NA,NA,NA,NA,NA,NA,NA,NA,NA,NA,NA,NA,NA,NA,NA,NA,NA,NA,NA,NA,NA,NA,NA,NA,237361107585191,213,1,734,4.333333333333333,4.333333333333333,3.6666666666666665,3,4.2,4,3.8333333333333335,4.333333333333333,4,"Higher education (e.g., university degree or higher education diploma)",Woman,21,Not religious at all (1),Urban,690,6.536691597591305,"March 02, 2023"
2023-03-02 16:48:59,2023-03-02 17:06:01,0,100,1021,1,2023-03-02 17:06:01,R_12Jh3kNVHsljdI0,anonymous,FR,1,1,NA,30,4,213,7,6,6,6,6,5,6,5,6,6,5,4,1,1,NA,Un scientifique reconnu pour la qualité de ses travaux et de ses recherches.,3,6,1,5,5,5,1,5,3,3,3,5,5,5,5,5,3,5,4,5,4,4,4,5,4,4,3,5,4,4,4,4,4,3,3,3,5,3,2,3,2,3,2,5,1,6,1,6,1,5,5,5,1,4,2,3,4,5,1,3,1,2,1,1,1,4,3,3,3,3,3,5,5,5,5,5,5,5,5,5,5,5,5,42000,2,3,1,2,4,5,4,4,3,4,3,5,4,4,2,4,4,5,4,4,3,4,1,1,1,2,3,5,NA,NA,NA,NA,NA,NA,NA,NA,NA,NA,NA,NA,NA,NA,NA,NA,NA,NA,NA,NA,NA,NA,NA,NA,NA,NA,NA,237361107835067,213,1,735,4,5,4,3.6666666666666665,4.6,4,4.166666666666667,4.5,4,"Higher education (e.g., university degree or higher education diploma)",Man,30,Not religious at all (1),Urban,42000,10.645424897265505,"March 02, 2023"
2023-03-02 12:27:08,2023-03-02 17:13:06,0,100,17158,1,2023-03-02 17:13:07,R_2sZHxoaKvrQiFZk,anonymous,FR,1,0,NA,37,4,213,2,2,1,1,1,1,1,1,1,2,2,1,1,1,NA,un qui a fait des études et des experiences avec des bons résultats,3,6,1,4,4,4,4,4,4,4,4,3,3,3,3,3,3,3,3,3,3,3,3,3,3,3,3,3,3,3,3,3,3,3,3,3,3,1,3,3,3,3,3,3,1,5,5,5,5,4,1,4,2,4,4,3,3,4,1,1,1,4,3,1,1,3,1,3,3,4,2,4,4,4,4,4,4,4,4,4,4,4,4,12000,99,99,2,2,3,3,3,3,3,3,3,3,3,3,3,3,3,3,3,3,3,3,5,5,5,4,4,4,NA,NA,NA,NA,NA,NA,NA,NA,NA,NA,NA,NA,NA,NA,NA,NA,NA,NA,NA,NA,NA,NA,NA,NA,NA,NA,NA,237361102361673,213,1,739,3,3,3,3,3,3,3,3,4,"Higher education (e.g., university degree or higher education diploma)",Woman,37,(2),Urban,12000,9.392661928770137,"March 02, 2023"
2023-03-02 14:46:21,2023-03-02 17:15:38,0,100,8956,1,2023-03-02 17:15:38,R_3kmQOmxW2ftVuGx,anonymous,FR,1,1,NA,22,4,213,1,2,3,1,4,1,1,2,2,2,3,1,1,1,NA,Ses connaissances,3,6,1,4,5,4,3,3,2,2,5,3,2,1,2,3,5,5,3,4,3,3,2,4,4,3,3,4,4,3,3,4,2,2,2,3,5,5,2,5,3,5,4,4,1,6,5,6,6,3,1,4,2,4,3,5,3,2,2,2,1,4,5,1,3,2,2,1,1,1,1,4,3,4,4,3,4,3,5,5,1,3,3,3000,2,99,1,1,2,2,2,4,4,3,3,3,2,4,3,4,3,3,3,3,3,3,1,4,9,7,1,5,NA,NA,NA,NA,NA,NA,NA,NA,NA,NA,NA,NA,NA,NA,NA,NA,NA,NA,NA,NA,NA,NA,NA,NA,NA,NA,NA,237361107374279,213,1,740,3,4,3.6666666666666665,2.6666666666666665,2.6,3,3.3333333333333335,3.5,4,"Higher education (e.g., university degree or higher education diploma)",Man,22,Not religious at all (1),Rural,3000,8.006367567650246,"March 02, 2023"
2023-03-02 17:14:39,2023-03-02 17:24:48,0,100,609,1,2023-03-02 17:24:48,R_2YyyGCr2uyJCvB2,anonymous,FR,1,0,NA,31,4,213,4,4,4,4,4,4,4,4,4,4,5,5,2,1,L'humanité pour avancer et combattre les maladies,NA,5,6,1,5,5,5,3,3,3,3,5,3,3,3,3,3,3,5,5,4,3,3,3,4,4,4,3,4,3,3,3,3,3,4,4,4,3,3,3,3,2,2,4,3,1,10,1,10,1,3,4,4,2,2,2,2,4,4,3,3,3,3,3,3,3,3,3,1,4,4,2,4,4,4,4,4,4,4,4,4,4,4,4,30000,3,3,3,2,3,3,3,3,3,3,3,3,3,3,3,3,3,3,3,3,3,3,4,4,9,4,4,4,NA,NA,NA,NA,NA,NA,NA,NA,NA,NA,NA,NA,NA,NA,NA,NA,NA,NA,NA,NA,NA,NA,NA,NA,NA,NA,NA,237361108102279,213,1,743,3.3333333333333335,4,3.3333333333333335,3,3,5,3.4166666666666665,3.6666666666666665,4,"Higher education (e.g., university degree or higher education diploma)",Woman,31,(3),Urban,30000,10.308952660644293,"March 02, 2023"
2023-03-02 17:23:59,2023-03-02 17:45:12,0,100,1273,1,2023-03-02 17:45:13,R_2xCZgZFcT2DFzLx,anonymous,FR,1,0,NA,65,4,213,2,3,3,2,2,1,1,1,2,2,2,1,1,1,Les malades au regard des progrès constants dans le domaine de la santé,NA,5,6,1,4,5,5,3,5,3,1,3,3,3,3,3,5,5,4,1,4,4,4,2,4,4,4,2,4,4,3,2,4,4,4,4,4,4,4,2,2,3,2,4,4,1,9,3,8,2,4,2,4,1,3,3,3,3,4,1,2,2,2,2,2,2,1,3,3,3,3,3,4,4,4,3,4,4,4,3,3,4,4,4,NA,3,3,2,1,4,4,4,4,3,2,4,4,4,NA,3,2,3,4,4,4,3,2,1,1,1,4,4,6,NA,NA,NA,NA,NA,NA,NA,NA,NA,NA,NA,NA,NA,NA,NA,NA,NA,NA,NA,NA,NA,NA,NA,NA,NA,NA,NA,237361102261283,213,1,745,3.6666666666666665,4,4,2,3.4,4,3.4166666666666665,3.8333333333333335,4,"Higher education (e.g., university degree or higher education diploma)",Woman,65,(2),Rural,NA,NA,"March 02, 2023"
2023-03-02 17:34:35,2023-03-02 17:48:34,0,100,838,1,2023-03-02 17:48:34,R_2DLYWMZ0lqkgHr3,anonymous,FR,1,1,NA,67,4,213,3,2,1,1,3,1,3,1,1,3,3,1,1,1,NA,"son honnêteté intellectuelle, son employeur",4,6,1,4,5,3,3,4,3,2,4,4,4,5,4,4,4,4,4,4,4,4,3,4,4,4,3,4,4,3,3,4,4,3,3,3,4,3,3,4,4,3,3,3,1,8,3,7,3,4,4,2,3,3,1,2,3,4,1,2,2,4,3,2,2,4,3,3,3,3,1,5,5,5,5,5,5,5,5,5,5,5,5,42000,2,2,1,1,3,3,3,3,2,3,4,4,4,4,3,3,3,4,4,4,2,2,1,2,3,5,5,7,NA,NA,NA,NA,NA,NA,NA,NA,NA,NA,NA,NA,NA,NA,NA,NA,NA,NA,NA,NA,NA,NA,NA,NA,NA,NA,NA,237361107915779,213,1,746,3.6666666666666665,4,4,3,4.2,4,3.6666666666666665,3.8333333333333335,4,"Higher education (e.g., university degree or higher education diploma)",Man,67,Not religious at all (1),Rural,42000,10.645424897265505,"March 02, 2023"
2023-03-02 17:33:30,2023-03-02 17:50:59,0,100,1048,1,2023-03-02 17:50:59,R_3lJiq03FUVJNatr,anonymous,FR,1,1,NA,19,4,213,1,2,2,4,5,1,6,1,2,1,3,1,3,2,NA,Sa qualité a expliquer et surtout à faire comprendre en employant des mots simples et compréhensibles et non du jargon technique pour pas nous embrouiller,4,2,1,5,4,3,2,5,5,3,4,5,2,2,4,5,2,4,3,4,3,4,2,4,2,4,2,3,4,2,3,2,4,5,4,3,4,1,2,3,1,4,3,2,1,10,3,10,1,3,3,4,2,4,5,4,1,3,1,4,2,3,4,3,2,3,3,3,2,3,2,4,5,3,5,3,4,5,5,4,5,4,5,1035,99,99,4,2,3,4,3,4,5,2,4,4,3,4,2,3,4,4,3,4,5,3,1,4,7,4,7,4,NA,NA,NA,NA,NA,NA,NA,NA,NA,NA,NA,NA,NA,NA,NA,NA,NA,NA,NA,NA,NA,NA,NA,NA,NA,NA,NA,237298315394163,213,1,748,3.3333333333333335,3.6666666666666665,3,2.3333333333333335,3,4,3.0833333333333335,3.5,4,"Higher education (e.g., university degree or higher education diploma)",Man,19,(4),Urban,1035,6.942156705699469,"March 02, 2023"
2023-03-02 17:40:34,2023-03-02 18:08:03,0,100,1649,1,2023-03-02 18:08:04,R_3j6YUP3X8rbzQYY,anonymous,FR,1,0,NA,22,4,213,1,3,3,2,4,3,6,4,3,4,5,4,1,1,"A tous, sur n'importe quel sujet. Tout concerne tout le monde à un degré plus ou moins important en fonction des sujets, des trains de vie...",NA,4,4,1,5,4,3,3,5,5,3,3,4,3,4,4,5,2,5,4,4,4,4,2,4,2,3,1,5,4,4,2,5,4,4,2,4,4,3,3,3,3,2,3,4,1,10,7,9,3,5,5,5,2,4,2,1,3,4,1,4,2,4,3,2,2,2,1,2,2,3,1,5,5,5,5,5,5,5,5,5,5,5,5,35000,2,99,3,1,4,4,4,4,3,2,4,4,4,4,2,2,3,5,5,4,3,2,1,3,4,6,3,2,NA,NA,NA,NA,NA,NA,NA,NA,NA,NA,NA,NA,NA,NA,NA,NA,NA,NA,NA,NA,NA,NA,NA,NA,NA,NA,NA,237298314849459,213,1,750,3.6666666666666665,4.333333333333333,3.3333333333333335,1.6666666666666667,3.4,5,3.25,4,4,"Higher education (e.g., university degree or higher education diploma)",Woman,22,(3),Rural,35000,10.46310334047155,"March 02, 2023"
2023-03-02 17:41:11,2023-03-02 18:08:43,0,100,1651,1,2023-03-02 18:08:43,R_eFjhpt7yLs7H5cJ,anonymous,FR,1,0,NA,60,3,213,2,3,1,1,3,1,1,1,1,3,3,1,1,1,les grands pays  Les recherches sont quand meme une question d'argent,NA,4,4,1,5,5,5,4,5,4,3,4,3,2,3,2,5,5,5,5,4,4,5,3,5,4,5,5,5,5,5,5,5,4,4,4,4,4,3,2,4,3,4,3,3,1,10,10,10,1,4,5,3,2,4,4,3,3,4,1,3,3,5,2,2,2,4,2,3,3,3,1,5,5,5,5,5,5,5,5,5,5,5,5,24000,4,4,3,2,4,4,4,3,3,3,4,4,4,4,4,4,4,4,4,4,4,4,1,4,5,2,4,5,NA,NA,NA,NA,NA,NA,NA,NA,NA,NA,NA,NA,NA,NA,NA,NA,NA,NA,NA,NA,NA,NA,NA,NA,NA,NA,NA,237361108016184,213,1,752,5,4.666666666666667,4.333333333333333,4.333333333333333,3,5,4.583333333333333,4.833333333333333,3,"Secondary education (e.g., high school)",Woman,60,(3),Urban,24000,10.085809109330082,"March 02, 2023"
2023-03-02 18:10:11,2023-03-02 18:27:28,0,100,1037,1,2023-03-02 18:27:29,R_UFTtGzmKbdM5DRn,anonymous,FR,1,1,NA,34,4,213,1,5,1,1,1,1,1,1,1,1,3,1,1,1,"La société dans son ensemble car la science permet se mieux comprendre le monde et ses applications sont utilisés dans la vie de tous les jours. Cela étant dit, certaines applications sont plus accessibles à certaines élites.",NA,4,6,1,4,4,4,2,3,3,2,3,4,4,4,4,4,4,4,4,4,4,4,3,4,3,4,3,4,4,4,3,4,4,4,4,4,3,2,2,2,3,2,2,2,1,5,5,5,2,4,3,4,1,4,2,2,3,4,2,1,1,5,1,1,1,5,2,2,2,3,1,4,5,4,5,3,5,5,5,5,5,5,5,35900,99,99,1,1,5,5,4,4,2,4,4,4,4,4,2,3,4,4,4,3,2,3,1,2,3,6,6,7,NA,NA,NA,NA,NA,NA,NA,NA,NA,NA,NA,NA,NA,NA,NA,NA,NA,NA,NA,NA,NA,NA,NA,NA,NA,NA,NA,237361103800551,213,1,755,4,4,3.6666666666666665,3,4,4,3.6666666666666665,4,4,"Higher education (e.g., university degree or higher education diploma)",Man,34,Not religious at all (1),Rural,35900,10.48849257447637,"March 02, 2023"
2023-03-02 18:14:50,2023-03-02 18:32:04,0,100,1034,1,2023-03-02 18:32:05,R_2cwm5Iii6tx2pJX,anonymous,FR,1,1,NA,29,4,213,3,2,1,1,1,1,1,1,2,3,3,1,1,1,"tout le monde directement ou indirectement, de part la technologie, la médecine, l'alimentation ...",NA,4,4,1,4,4,3,2,4,4,2,4,4,3,5,2,5,4,5,2,4,4,3,5,4,4,3,4,4,4,3,2,5,5,4,4,4,3,5,1,1,1,1,2,1,1,8,4,4,2,4,4,3,4,3,2,1,3,3,1,2,2,3,2,1,3,2,2,3,3,3,2,5,5,5,5,5,5,5,5,5,5,5,5,70000,2,3,1,2,5,5,5,5,5,4,4,5,4,4,3,3,4,4,4,4,4,4,1,1,1,2,1,7,NA,NA,NA,NA,NA,NA,NA,NA,NA,NA,NA,NA,NA,NA,NA,NA,NA,NA,NA,NA,NA,NA,NA,NA,NA,NA,NA,237361107923979,213,1,757,3,4,4,3.6666666666666665,3.6,5,3.6666666666666665,3.5,4,"Higher education (e.g., university degree or higher education diploma)",Man,29,Not religious at all (1),Urban,70000,11.156250521031495,"March 02, 2023"
2023-03-02 18:23:46,2023-03-02 18:34:03,0,100,617,1,2023-03-02 18:34:04,R_3m9Ora2mCda1Mej,anonymous,FR,1,1,NA,47,4,213,5,5,5,5,4,3,5,5,5,5,4,4,4,4,NA,"ces années de recherches auprès d'autres scientifiques de renom, le nombre de découvertes ou d'avancées scientifiques qu'il ou elle a mis en lumière. La renommée de l établissement qui l'emploie",5,4,3,5,4,3,5,5,2,1,5,4,3,5,5,5,4,5,4,4,4,5,5,4,4,4,4,4,4,4,4,5,5,4,4,3,3,2,4,1,4,4,4,2,1,5,5,7,6,4,5,4,5,5,5,4,4,5,1,3,4,3,3,4,3,3,3,3,3,3,3,5,5,5,5,5,5,5,5,5,5,5,5,35000,1,2,5,1,4,4,4,4,4,4,4,4,4,4,4,3,4,3,3,3,3,3,5,5,8,6,6,9,NA,NA,NA,NA,NA,NA,NA,NA,NA,NA,NA,NA,NA,NA,NA,NA,NA,NA,NA,NA,NA,NA,NA,NA,NA,NA,NA,237298315356302,213,1,758,4.333333333333333,4,4,4.333333333333333,4.2,5,4.166666666666667,4.166666666666667,4,"Higher education (e.g., university degree or higher education diploma)",Man,47,Very strongly religious (5),Rural,35000,10.46310334047155,"March 02, 2023"
2023-03-02 18:37:07,2023-03-02 18:41:41,0,100,274,1,2023-03-02 18:41:42,R_2aRemwWSJ3EizOu,anonymous,FR,1,1,NA,18,3,213,1,1,1,1,1,1,1,1,1,1,1,1,1,1,Les êtres humains,NA,2,6,6,1,1,1,1,1,1,1,1,1,1,1,1,1,1,2,2,2,2,2,2,2,2,2,2,2,2,2,2,2,2,2,1,2,1,1,1,2,1,1,1,1,1,3,3,3,3,2,2,2,2,2,2,2,2,2,2,2,2,2,2,2,2,2,2,2,2,2,2,2,1,2,2,2,2,2,2,2,2,2,2,10000,99,99,3,2,2,2,2,2,2,1,2,2,2,2,2,2,2,2,2,2,2,2,4,4,4,4,4,2,NA,NA,NA,NA,NA,NA,NA,NA,NA,NA,NA,NA,NA,NA,NA,NA,NA,NA,NA,NA,NA,NA,NA,NA,NA,NA,NA,237361101929621,213,1,761,2,2,2,2,1,2,2,2,3,"Secondary education (e.g., high school)",Man,18,(3),Urban,10000,9.210340371976184,"March 02, 2023"
2023-03-02 18:21:26,2023-03-02 18:42:51,0,100,1284,1,2023-03-02 18:42:52,R_3Ldb9mgJIUSQOiG,anonymous,FR,1,1,NA,47,4,213,7,6,6,5,3,5,7,6,4,6,6,6,6,3,"Les citoyens sont mieux informés et savent les bons gestes a adopté , plus responsable",NA,5,4,6,5,4,5,2,4,4,3,4,5,4,4,4,5,5,2,3,1,2,1,2,4,2,2,2,4,1,1,1,1,1,5,5,5,2,5,4,4,4,5,5,5,1,10,10,10,1,2,5,2,2,2,2,2,2,2,4,1,4,5,4,2,2,2,1,3,2,3,1,5,5,5,5,5,5,5,5,5,5,5,5,35000,4,1,1,1,2,2,2,2,2,1,2,2,2,3,3,2,2,2,2,2,1,2,5,6,7,5,6,6,NA,NA,NA,NA,NA,NA,NA,NA,NA,NA,NA,NA,NA,NA,NA,NA,NA,NA,NA,NA,NA,NA,NA,NA,NA,NA,NA,237361103518820,213,1,762,1.3333333333333333,3,1.6666666666666667,1.6666666666666667,4.4,4,1.9166666666666667,2.1666666666666665,4,"Higher education (e.g., university degree or higher education diploma)",Man,47,Not religious at all (1),Rural,35000,10.46310334047155,"March 02, 2023"
2023-03-02 18:28:20,2023-03-02 18:49:20,0,100,1259,1,2023-03-02 18:49:21,R_1INwEBq8S7S3bLN,anonymous,FR,1,1,NA,37,3,213,6,5,6,5,5,4,3,4,6,5,5,6,4,3,NA,NA,4,4,1,5,5,5,1,2,1,1,5,2,3,3,3,3,4,2,3,3,2,2,3,4,3,4,3,3,2,2,1,3,2,2,3,2,4,2,1,3,3,2,4,4,1,10,5,8,1,3,4,1,3,2,1,1,4,4,4,3,4,5,2,3,2,4,3,3,4,3,1,4,3,4,1,1,1,5,5,5,5,5,5,80000,3,3,3,1,5,5,4,4,3,2,5,4,5,5,3,3,4,3,5,5,4,3,1,1,5,7,1,5,NA,NA,NA,NA,NA,NA,NA,NA,NA,NA,NA,NA,NA,NA,NA,NA,NA,NA,NA,NA,NA,NA,NA,NA,NA,NA,NA,237361109897350,213,1,764,2.6666666666666665,3.3333333333333335,2.3333333333333335,2.3333333333333335,3,4,2.6666666666666665,3,3,"Secondary education (e.g., high school)",Man,37,(3),Rural,80000,11.289781913656018,"March 02, 2023"
2023-03-02 18:43:23,2023-03-02 18:54:53,0,100,690,1,2023-03-02 18:54:54,R_33dUc4aCSb2vGVq,anonymous,FR,1,1,NA,22,4,213,1,4,4,4,5,4,2,5,3,2,5,1,1,1,NA,"Ces études, et ces travaux qui ont reçus des soutiens d’autres cientifiques",5,4,1,5,5,3,3,5,5,1,4,5,3,5,5,5,1,5,5,5,5,5,5,4,4,4,3,5,4,4,4,5,3,1,1,1,5,3,1,1,2,4,1,5,1,10,8,7,1,5,4,3,1,4,3,3,1,4,1,3,2,2,3,3,3,3,4,3,1,3,1,5,4,1,5,1,4,5,5,5,5,5,5,10000,4,4,1,2,5,5,5,5,5,5,5,5,5,5,4,3,5,5,5,3,3,4,1,1,2,5,1,7,NA,NA,NA,NA,NA,NA,NA,NA,NA,NA,NA,NA,NA,NA,NA,NA,NA,NA,NA,NA,NA,NA,NA,NA,NA,NA,NA,237298314588181,213,1,766,4.333333333333333,4.666666666666667,4.333333333333333,4,3.8,5,4.333333333333333,4.5,4,"Higher education (e.g., university degree or higher education diploma)",Man,22,Not religious at all (1),Urban,10000,9.210340371976184,"March 02, 2023"
2023-03-02 18:52:44,2023-03-02 19:09:55,0,100,1031,1,2023-03-02 19:09:56,R_3HwbUnMEe6P7tJ0,anonymous,FR,1,0,NA,58,3,213,2,4,3,2,2,1,1,1,1,2,4,4,1,1,Cela fait partie de l’évolution et nous permet de vivre mieux,NA,4,6,1,4,5,4,4,5,5,4,4,3,1,3,2,4,5,4,2,3,4,3,2,4,4,4,3,4,4,4,3,4,4,4,3,3,4,2,1,2,4,2,3,3,1,8,6,8,2,3,4,3,2,4,1,1,1,4,2,2,2,3,2,2,2,3,3,3,2,3,2,5,5,5,5,5,5,5,5,5,5,5,5,38000,4,4,1,1,4,4,4,4,4,4,4,4,3,4,4,3,3,3,3,4,4,3,1,2,7,3,4,4,NA,NA,NA,NA,NA,NA,NA,NA,NA,NA,NA,NA,NA,NA,NA,NA,NA,NA,NA,NA,NA,NA,NA,NA,NA,NA,NA,237197170564179,213,1,769,3.6666666666666665,3.6666666666666665,4,2.6666666666666665,2.8,3,3.5,3.6666666666666665,3,"Secondary education (e.g., high school)",Woman,58,Not religious at all (1),Rural,38000,10.545341438708522,"March 02, 2023"
2023-03-02 18:40:42,2023-03-02 19:21:53,0,100,2470,1,2023-03-02 19:21:53,R_1C3zGEuuNVxlWQP,anonymous,FR,1,1,NA,29,4,213,1,4,3,1,6,4,5,3,2,4,5,5,3,1,NA,"Une méthode de travail cadrée et rigoureuse, et sa réputation (vis-à-vis de ses travaux précédents).",4,6,2,4,5,3,1,3,3,1,5,4,3,3,2,5,3,5,2,4,4,4,2,5,4,4,2,4,4,3,2,4,3,4,4,4,4,1,2,3,1,3,1,1,1,9,1,10,1,3,1,5,1,3,1,1,5,5,1,1,1,5,1,1,1,5,2,3,2,3,2,2,5,4,5,2,4,3,5,5,5,2,5,30000,2,4,1,1,4,5,5,3,1,1,4,5,5,4,3,1,4,4,4,3,3,1,1,1,4,4,2,4,NA,NA,NA,NA,NA,NA,NA,NA,NA,NA,NA,NA,NA,NA,NA,NA,NA,NA,NA,NA,NA,NA,NA,NA,NA,NA,NA,236923091608824,213,1,771,3.6666666666666665,4.333333333333333,4,2,3,4,3.5,4,4,"Higher education (e.g., university degree or higher education diploma)",Man,29,Not religious at all (1),Rural,30000,10.308952660644293,"March 02, 2023"
2023-03-02 19:07:12,2023-03-02 19:26:48,0,100,1175,1,2023-03-02 19:26:48,R_1MR6KgqMcihhTwS,anonymous,FR,1,1,NA,20,4,213,1,2,3,1,2,2,2,3,2,3,6,2,3,3,NA,Titre et diplômes,5,2,1,5,1,1,5,5,5,1,5,3,3,3,4,2,1,4,4,4,3,4,4,5,3,3,4,4,4,3,3,3,4,4,3,3,2,2,2,3,1,1,3,3,1,5,5,6,3,4,3,2,1,5,3,1,3,3,1,2,1,4,3,3,3,4,2,3,3,3,1,5,5,5,5,3,5,5,5,5,5,5,5,400,99,99,1,2,3,3,3,3,3,3,4,4,3,4,3,3,3,3,3,3,3,3,1,3,5,5,5,5,NA,NA,NA,NA,NA,NA,NA,NA,NA,NA,NA,NA,NA,NA,NA,NA,NA,NA,NA,NA,NA,NA,NA,NA,NA,NA,NA,237361107383502,213,1,772,3.3333333333333335,4.333333333333333,3.3333333333333335,3.6666666666666665,2.8,4,3.6666666666666665,3.8333333333333335,4,"Higher education (e.g., university degree or higher education diploma)",Man,20,Not religious at all (1),Urban,400,5.991464547107982,"March 02, 2023"
2023-03-02 19:12:43,2023-03-02 19:41:49,0,100,1745,1,2023-03-02 19:41:49,R_2U9EV9mjuzXnwTb,anonymous,FR,1,0,NA,27,4,213,3,3,3,1,1,1,1,1,1,2,4,1,1,1,L'humanité,NA,5,4,1,5,3,5,5,5,2,3,4,1,1,2,1,5,5,4,5,4,3,3,1,4,4,4,1,5,3,3,1,3,4,3,3,3,1,3,4,5,4,4,5,5,1,10,1,10,1,3,4,1,4,1,1,1,1,3,3,2,5,3,3,2,1,3,2,3,1,3,1,5,5,5,5,3,5,3,4,4,4,3,4,1100,4,4,3,2,3,4,3,3,1,2,1,2,1,2,1,1,3,2,1,3,1,1,3,7,9,5,4,1,NA,NA,NA,NA,NA,NA,NA,NA,NA,NA,NA,NA,NA,NA,NA,NA,NA,NA,NA,NA,NA,NA,NA,NA,NA,NA,NA,237361105540238,213,1,774,3.3333333333333335,4.333333333333333,3.3333333333333335,1,2,3,3,3.8333333333333335,4,"Higher education (e.g., university degree or higher education diploma)",Woman,27,(3),Urban,1100,7.003065458786462,"March 02, 2023"
2023-03-02 19:29:52,2023-03-02 19:53:36,0,100,1424,1,2023-03-02 19:53:37,R_3lt60ZJ3CtmrDxc,anonymous,FR,1,0,NA,57,4,213,2,3,3,2,1,1,3,3,2,1,3,1,2,1,NA,Ses publications dans des revues scientifiques reconnues La reconnaissance de ses confrères Son cursus universitaire,3,4,2,5,5,5,3,5,3,2,3,3,2,5,3,5,3,4,4,4,4,4,2,4,4,4,4,4,4,4,3,5,4,5,3,4,4,3,1,2,3,3,3,1,1,10,1,10,1,4,3,3,2,3,3,2,3,4,1,2,2,2,2,2,2,4,3,3,3,3,1,5,5,5,5,5,5,5,5,5,5,5,5,35000,99,99,1,2,4,5,4,3,3,3,3,3,3,3,3,3,3,4,3,3,2,3,1,5,1,1,5,3,NA,NA,NA,NA,NA,NA,NA,NA,NA,NA,NA,NA,NA,NA,NA,NA,NA,NA,NA,NA,NA,NA,NA,NA,NA,NA,NA,237361109835824,213,1,777,4,4,4,3,3.2,4,3.75,4,4,"Higher education (e.g., university degree or higher education diploma)",Woman,57,Not religious at all (1),Urban,35000,10.46310334047155,"March 02, 2023"
2023-03-02 20:04:10,2023-03-02 20:08:18,0,100,248,1,2023-03-02 20:08:18,R_1jwb5Kv79GvFQuw,anonymous,FR,1,1,NA,25,3,213,4,2,6,6,5,5,4,1,1,1,2,5,5,5,NA,Je ne sais pas.vraoment. Peut-être l'expérience et le diplôme,4,NA,4,4,4,4,3,5,2,3,5,4,3,4,2,4,4,1,4,2,4,5,1,3,4,4,2,3,4,3,1,3,5,4,4,4,4,4,3,3,3,4,2,4,1,8,9,7,7,4,5,4,2,3,3,4,4,3,4,4,3,4,5,4,4,3,3,3,2,3,2,4,5,4,4,4,5,4,4,4,4,4,4,2500,3,5,5,2,4,4,4,4,3,3,4,5,2,4,3,4,4,4,4,3,4,3,4,3,3,5,6,3,NA,NA,NA,NA,NA,NA,NA,NA,NA,NA,NA,NA,NA,NA,NA,NA,NA,NA,NA,NA,NA,NA,NA,NA,NA,NA,NA,237361107900663,213,1,779,4,2.6666666666666665,4,1.3333333333333333,3.4,2,3,3.3333333333333335,3,"Secondary education (e.g., high school)",Man,25,Very strongly religious (5),Urban,2500,7.824046010856292,"March 02, 2023"
2023-03-02 19:55:40,2023-03-02 20:16:04,0,100,1223,1,2023-03-02 20:16:05,R_1eCSHRzmTJEBehQ,anonymous,FR,1,0,NA,68,3,213,3,3,3,1,1,1,3,1,2,2,3,2,2,1,.,NA,4,4,1,5,5,5,4,4,4,4,4,5,4,4,4,4,4,5,4,4,3,3,3,4,3,3,3,4,3,3,2,3,3,3,1,3,4,2,4,4,3,2,4,2,1,10,4,10,1,4,2,2,1,2,1,1,2,2,3,4,2,4,3,3,3,4,2,4,3,3,2,5,5,5,5,5,5,5,5,5,5,5,5,0.00,99,99,1,2,3,3,3,3,3,3,3,3,3,3,3,3,3,3,3,3,3,3,1,1,1,4,2,5,NA,NA,NA,NA,NA,NA,NA,NA,NA,NA,NA,NA,NA,NA,NA,NA,NA,NA,NA,NA,NA,NA,NA,NA,NA,NA,NA,237298314490973,213,1,780,3,4,3,2.6666666666666665,4.2,4,3.1666666666666665,3.5,3,"Secondary education (e.g., high school)",Woman,68,Not religious at all (1),Urban,0,-Inf,"March 02, 2023"
2023-03-02 19:35:57,2023-03-02 20:22:14,0,100,2776,1,2023-03-02 20:22:15,R_231yiTGlenBlbuZ,anonymous,FR,1,0,NA,57,3,213,3,5,6,3,4,1,3,4,3,5,6,1,1,1,NA,"Lorsque qu'il fait une utilisation de son savoir, de son talent de ses recherches au service de bien",3,6,1,5,4,3,1,5,5,3,5,5,4,1,4,3,5,5,5,3,5,5,5,5,4,5,4,5,4,5,3,4,5,5,3,5,3,1,1,1,5,3,1,1,1,4,6,4,1,5,1,1,4,5,1,1,1,3,1,1,1,4,1,1,1,5,2,3,3,3,1,4,2,2,2,2,2,3,3,3,3,3,3,40000,1,2,3,2,3,5,5,3,1,2,3,5,5,3,1,1,3,5,5,3,1,1,1,1,2,3,3,3,NA,NA,NA,NA,NA,NA,NA,NA,NA,NA,NA,NA,NA,NA,NA,NA,NA,NA,NA,NA,NA,NA,NA,NA,NA,NA,NA,237298314545269,213,1,782,5,4.333333333333333,4.333333333333333,4,3.8,5,4.416666666666667,4.666666666666667,3,"Secondary education (e.g., high school)",Woman,57,(3),Urban,40000,10.596634733096073,"March 02, 2023"
2023-03-02 20:26:40,2023-03-02 20:39:15,0,100,755,1,2023-03-02 20:39:16,R_3fOudLTBjJz6mqF,anonymous,FR,1,0,NA,64,3,213,5,3,3,2,1,NA,1,2,NA,NA,6,1,1,1,NA,C,2,2,4,1,1,1,1,2,2,2,2,2,2,2,2,2,2,1,2,4,2,2,2,4,2,2,2,2,2,2,2,2,2,3,1,1,5,4,3,4,3,3,3,3,1,4,6,6,1,3,5,4,2,4,2,3,2,4,1,NA,NA,NA,NA,NA,NA,NA,1,2,2,3,1,4,5,NA,5,4,4,5,4,4,4,5,5,60000,3,1,3,1,2,2,2,2,2,2,2,2,2,2,2,2,2,2,2,2,2,2,2,2,9,1,6,7,NA,NA,NA,NA,NA,NA,NA,NA,NA,NA,NA,NA,NA,NA,NA,NA,NA,NA,NA,NA,NA,NA,NA,NA,NA,NA,NA,237361102384211,213,1,784,2,3.3333333333333335,2,2,2,2,2.3333333333333335,2.6666666666666665,3,"Secondary education (e.g., high school)",Woman,64,(3),Rural,60000,11.002099841204238,"March 02, 2023"
2023-03-02 20:41:48,2023-03-02 20:57:59,0,100,970,1,2023-03-02 20:58:00,R_0qdtFx3XonqBIfn,anonymous,FR,1,0,NA,39,4,213,5,4,6,4,2,2,4,2,3,3,6,4,2,1,NA,Un qui reconnaît que la vérité n est pas dans une seule parole,3,6,1,5,5,5,3,3,3,2,5,4,3,4,4,5,5,4,3,4,4,3,3,4,3,3,4,4,4,3,3,4,4,4,4,4,2,3,2,2,2,4,3,3,1,5,8,8,1,5,3,4,1,5,5,3,5,5,1,2,1,5,3,2,1,5,1,2,2,3,1,5,5,5,5,5,5,5,5,5,5,5,5,70000,4,5,4,1,4,4,4,4,4,4,4,4,4,3,4,4,4,4,4,4,4,4,1,2,4,6,1,7,NA,NA,NA,NA,NA,NA,NA,NA,NA,NA,NA,NA,NA,NA,NA,NA,NA,NA,NA,NA,NA,NA,NA,NA,NA,NA,NA,236923091654715,213,1,787,3,4,3.6666666666666665,3.3333333333333335,4,5,3.5,3.5,4,"Higher education (e.g., university degree or higher education diploma)",Woman,39,(4),Rural,70000,11.156250521031495,"March 02, 2023"
2023-03-02 20:37:52,2023-03-02 21:10:50,0,100,1977,1,2023-03-02 21:10:52,R_A5PQ5KiAieslGRH,anonymous,FR,1,0,NA,48,4,213,2,5,5,2,5,2,2,5,5,5,3,2,2,1,"je parlerai de sciences au niveau médecine , je pense qu'elle évolue positivement pour nous tous dans le bon sens ; chaque jour, des progrés sont faits !",NA,4,4,1,5,4,4,4,5,4,4,4,3,4,3,3,4,4,4,4,4,4,4,3,3,3,4,3,4,4,4,3,4,4,4,3,3,2,2,3,2,3,3,2,3,1,7,6,6,2,4,4,4,3,4,4,3,3,3,1,3,2,2,3,3,2,3,2,3,3,3,2,4,4,4,4,4,4,3,4,3,3,4,4,65000,4,99,3,2,4,4,4,4,2,2,4,4,4,4,3,3,4,4,4,4,2,2,2,5,5,6,5,7,NA,NA,NA,NA,NA,NA,NA,NA,NA,NA,NA,NA,NA,NA,NA,NA,NA,NA,NA,NA,NA,NA,NA,NA,NA,NA,NA,237361108023359,213,1,788,4,3.6666666666666665,3.6666666666666665,3,3.4,4,3.5833333333333335,3.8333333333333335,4,"Higher education (e.g., university degree or higher education diploma)",Woman,48,(3),Urban,65000,11.082142548877775,"March 02, 2023"
2023-03-02 21:12:36,2023-03-02 21:17:37,0,100,301,1,2023-03-02 21:17:37,R_9Y0dnpLPH7l9nMt,anonymous,FR,1,0,NA,25,4,213,5,4,4,4,5,4,4,4,4,4,5,5,5,5,NA,la fiabilité de l'étude,4,4,3,4,4,4,4,4,4,4,4,4,4,4,3,3,4,3,4,3,3,4,3,4,4,4,4,4,4,4,4,4,4,3,3,3,4,4,4,4,4,3,4,4,1,6,7,7,7,4,4,3,4,4,3,3,4,4,3,3,4,4,3,3,3,3,2,3,3,2,3,4,4,3,4,3,3,4,3,3,3,3,4,2400,4,4,3,2,3,3,4,4,4,4,4,4,4,4,4,4,4,4,4,4,4,4,4,5,7,5,5,7,NA,NA,NA,NA,NA,NA,NA,NA,NA,NA,NA,NA,NA,NA,NA,NA,NA,NA,NA,NA,NA,NA,NA,NA,NA,NA,NA,237298314624094,213,1,790,4,3.6666666666666665,3.6666666666666665,3.6666666666666665,3.8,4,3.75,3.8333333333333335,4,"Higher education (e.g., university degree or higher education diploma)",Woman,25,(3),Urban,2400,7.783224016336037,"March 02, 2023"
2023-03-02 21:16:19,2023-03-02 21:25:58,0,100,579,1,2023-03-02 21:25:59,R_OMYoPan8OseyDcJ,anonymous,FR,1,0,NA,27,4,213,1,1,1,1,1,1,1,1,1,1,3,1,1,1,NA,NA,2,4,1,5,5,4,2,5,5,2,2,4,3,4,3,5,5,5,5,4,3,3,3,4,3,4,3,3,3,4,3,4,2,5,5,5,4,1,1,5,4,4,5,4,1,10,7,10,1,2,3,1,1,1,3,3,1,3,3,1,2,5,3,1,1,1,2,1,3,3,1,5,5,5,5,5,5,5,5,5,5,5,5,3000,99,99,2,1,5,5,5,5,5,5,5,5,5,5,5,5,5,5,5,5,5,5,1,5,9,3,2,4,NA,NA,NA,NA,NA,NA,NA,NA,NA,NA,NA,NA,NA,NA,NA,NA,NA,NA,NA,NA,NA,NA,NA,NA,NA,NA,NA,237361102642375,213,1,792,3.6666666666666665,3.6666666666666665,3,3,3.8,4,3.3333333333333335,3.6666666666666665,4,"Higher education (e.g., university degree or higher education diploma)",Woman,27,(2),Rural,3000,8.006367567650246,"March 02, 2023"
2023-03-02 20:02:27,2023-03-02 21:40:50,0,100,5903,1,2023-03-02 21:40:51,R_3Gs4sXftvMnDnvn,anonymous,FR,1,0,NA,63,3,213,1,5,1,5,4,4,1,4,2,3,6,1,1,2,NA,Quand cette personne prouve formellement ce qu'elle dit,3,6,1,5,5,5,3,3,3,1,4,3,4,3,5,5,5,5,5,3,3,2,2,2,3,3,3,4,3,3,2,5,3,5,1,1,3,1,5,5,5,3,3,3,1,10,10,10,1,3,5,3,1,3,3,3,3,5,1,1,1,5,3,1,1,5,3,2,1,3,1,5,5,5,5,3,5,5,5,5,4,5,5,48000,2,5,1,1,3,3,3,4,1,3,1,3,3,5,2,2,3,4,2,5,3,2,1,7,9,7,7,5,NA,NA,NA,NA,NA,NA,NA,NA,NA,NA,NA,NA,NA,NA,NA,NA,NA,NA,NA,NA,NA,NA,NA,NA,NA,NA,NA,237361104110765,213,1,795,2.6666666666666665,3,3,2.3333333333333335,4,5,2.75,2.8333333333333335,3,"Secondary education (e.g., high school)",Woman,63,Not religious at all (1),Rural,48000,10.778956289890028,"March 02, 2023"
2023-03-02 21:19:03,2023-03-02 21:41:36,0,100,1353,1,2023-03-02 21:41:37,R_110g7pzosoCs69a,anonymous,FR,1,1,NA,48,4,213,1,1,1,1,1,1,1,1,1,2,2,1,1,1,Jsp,NA,2,4,1,3,3,3,3,3,3,3,3,1,1,1,3,3,3,3,3,4,4,3,3,3,3,3,3,3,4,4,3,4,4,4,3,3,4,4,3,2,3,4,4,3,1,7,6,7,8,3,4,2,3,2,1,2,2,2,2,3,3,3,3,3,3,3,2,2,3,3,2,2,2,2,2,2,2,2,2,2,2,2,2,3500,3,3,1,1,3,3,3,3,3,3,3,3,3,3,3,3,3,3,3,3,3,2,4,4,5,4,4,7,NA,NA,NA,NA,NA,NA,NA,NA,NA,NA,NA,NA,NA,NA,NA,NA,NA,NA,NA,NA,NA,NA,NA,NA,NA,NA,NA,236923091536107,213,1,796,3.3333333333333335,3.3333333333333335,3.6666666666666665,3,1.8,3,3.3333333333333335,3.3333333333333335,4,"Higher education (e.g., university degree or higher education diploma)",Man,48,Not religious at all (1),Rural,3500,8.160518247477505,"March 02, 2023"
2023-03-02 21:33:20,2023-03-02 21:45:47,0,100,746,1,2023-03-02 21:45:48,R_2dt3y3H5Zxd4Vvi,anonymous,FR,1,1,NA,60,4,213,5,5,5,1,3,1,1,1,1,3,5,1,1,1,NA,SES CONNAISSANCES ET LES PREUVES APPORTEES SUR UN SUJET PRECIS,4,1,4,2,4,4,3,3,3,2,3,2,4,2,4,4,5,4,4,4,4,4,2,4,3,4,3,4,3,3,2,4,3,4,4,3,4,2,3,2,4,4,4,3,1,9,7,7,1,4,3,4,2,3,2,2,3,4,3,2,2,4,3,3,2,4,1,4,4,4,1,3,4,4,4,3,4,4,4,4,4,4,4,2850,4,4,1,1,4,4,3,4,2,3,4,4,3,4,3,3,4,3,3,3,2,3,1,6,6,7,7,4,NA,NA,NA,NA,NA,NA,NA,NA,NA,NA,NA,NA,NA,NA,NA,NA,NA,NA,NA,NA,NA,NA,NA,NA,NA,NA,NA,237361107837118,213,1,798,3.6666666666666665,4,3.3333333333333335,2.3333333333333335,3.4,4,3.3333333333333335,3.8333333333333335,4,"Higher education (e.g., university degree or higher education diploma)",Man,60,Not religious at all (1),Rural,2850,7.955074273262696,"March 02, 2023"
2023-03-02 21:31:52,2023-03-02 21:56:18,0,100,1465,1,2023-03-02 21:56:19,R_2EAbgVv7s3AOCG2,anonymous,FR,1,1,NA,18,3,213,3,5,4,1,4,4,5,1,2,4,6,4,1,1,Cela dépend du domaine mais de façon général les progrès sont réalisés dans le but d’améliorer le quotidien de la population générale. Par exemple les progrès en santé servent directement la population ou encore dans l’industrie cela bénéficie principalement aux entreprise mais de façon général c’est dans un but de productivité donc pour améliorer leur service auprès de la population.,NA,4,1,5,4,5,3,2,5,5,2,4,5,5,4,5,5,3,5,4,4,3,3,4,4,3,4,2,4,3,2,2,4,4,4,2,4,4,3,3,2,3,5,2,2,1,10,6,5,4,3,5,2,2,5,4,5,5,4,1,2,2,4,1,3,3,4,2,3,2,3,1,4,4,4,4,4,4,5,5,5,5,5,5,6000,2,3,3,2,4,5,5,4,4,3,4,4,4,2,5,4,4,4,4,3,5,2,1,2,3,4,5,7,NA,NA,NA,NA,NA,NA,NA,NA,NA,NA,NA,NA,NA,NA,NA,NA,NA,NA,NA,NA,NA,NA,NA,NA,NA,NA,NA,237361107584165,213,1,800,3,4,3,2.6666666666666665,4.4,5,3.1666666666666665,3.5,3,"Secondary education (e.g., high school)",Man,18,(3),Urban,6000,8.699514748210191,"March 02, 2023"
2023-03-02 21:49:59,2023-03-02 22:03:43,0,100,823,1,2023-03-02 22:03:44,R_2wc6BV6gKLLENsd,anonymous,FR,1,1,NA,27,4,213,5,4,5,4,5,2,3,4,4,5,5,3,1,1,NA,"Les sources, les références, le style, le site,",5,4,1,5,5,5,2,5,4,2,4,5,2,5,3,5,2,5,2,3,4,2,2,3,3,5,3,4,4,2,2,5,4,2,2,2,3,4,4,4,5,5,3,2,1,7,4,4,1,4,1,3,5,2,4,3,1,1,1,5,5,1,5,4,5,1,2,3,3,2,1,5,5,5,5,5,5,5,5,5,5,5,5,40000,2,2,1,1,4,5,4,4,3,3,4,4,4,4,4,4,4,4,4,4,4,4,1,1,1,1,1,3,NA,NA,NA,NA,NA,NA,NA,NA,NA,NA,NA,NA,NA,NA,NA,NA,NA,NA,NA,NA,NA,NA,NA,NA,NA,NA,NA,237361109599278,213,1,802,3,3.3333333333333335,3.6666666666666665,2.3333333333333335,3.4,5,3.0833333333333335,3.1666666666666665,4,"Higher education (e.g., university degree or higher education diploma)",Man,27,Not religious at all (1),Rural,40000,10.596634733096073,"March 02, 2023"
2023-03-02 21:56:31,2023-03-02 22:19:53,0,100,1402,1,2023-03-02 22:19:54,R_REoEMGAIRySiVIB,anonymous,FR,1,0,NA,50,4,213,5,6,2,1,1,1,1,1,1,3,6,1,1,1,"Nous bénéficions tous de la science en ce qui coucou la médecine,  les maladies,  les médicaments,  tout le monde est concerné. Il en est de la pour le climat   nous sommes tous concernés par les découvertes sur le change climatique",NA,4,6,1,5,5,3,3,4,2,3,4,3,2,2,2,4,5,3,2,4,2,3,2,4,2,3,2,4,2,2,2,3,2,5,4,5,5,1,4,5,3,5,4,4,1,7,5,6,7,4,5,3,1,4,2,3,2,4,1,2,3,5,4,2,1,4,3,2,2,3,1,5,5,5,4,5,4,5,5,5,5,5,5,NA,3,4,1,1,4,5,4,4,3,5,4,4,4,3,3,4,4,4,4,4,2,4,1,5,7,2,5,7,NA,NA,NA,NA,NA,NA,NA,NA,NA,NA,NA,NA,NA,NA,NA,NA,NA,NA,NA,NA,NA,NA,NA,NA,NA,NA,NA,237361107990563,213,1,804,2.6666666666666665,4,2,2,2.8,3,2.6666666666666665,3.3333333333333335,4,"Higher education (e.g., university degree or higher education diploma)",Woman,50,Not religious at all (1),Rural,NA,NA,"March 02, 2023"
2023-03-02 22:43:22,2023-03-02 22:53:05,0,100,582,1,2023-03-02 22:53:05,R_2Cmq363uosr15oL,anonymous,FR,1,0,NA,27,4,213,1,5,1,5,4,1,5,1,1,6,5,1,1,1,Nsp,NA,2,4,1,5,4,5,2,2,2,2,4,2,3,3,3,5,3,3,2,3,3,2,2,4,2,2,2,4,2,2,1,2,2,5,4,5,3,1,4,5,4,3,5,5,1,8,9,8,1,1,3,5,1,4,4,4,2,5,1,5,4,1,3,5,1,5,1,2,1,4,2,5,5,5,5,5,5,2,1,3,1,1,1,2000,99,99,1,2,3,2,3,3,3,3,3,3,3,4,3,4,3,2,2,2,3,3,1,7,8,4,7,3,NA,NA,NA,NA,NA,NA,NA,NA,NA,NA,NA,NA,NA,NA,NA,NA,NA,NA,NA,NA,NA,NA,NA,NA,NA,NA,NA,237298315253905,213,1,806,2,3.6666666666666665,2.3333333333333335,1.6666666666666667,2.8,3,2.4166666666666665,2.8333333333333335,4,"Higher education (e.g., university degree or higher education diploma)",Woman,27,Not religious at all (1),Urban,2000,7.600902459542082,"March 02, 2023"
2023-03-02 22:50:06,2023-03-02 23:01:42,0,100,696,1,2023-03-02 23:01:42,R_2EniNlyyUUKeZ5t,anonymous,FR,1,1,NA,39,3,213,7,3,1,6,5,3,1,3,4,3,6,5,1,1,NA,Je sais pas,2,2,1,2,5,3,2,3,4,3,4,1,4,3,3,4,4,4,2,3,3,2,4,4,3,4,4,5,4,4,4,5,3,3,3,4,3,1,4,3,3,4,5,3,1,4,6,6,5,2,5,2,4,1,3,3,1,3,5,5,4,3,1,2,3,4,3,3,3,3,2,4,4,4,3,4,4,5,5,5,3,3,5,24000,3,3,1,2,4,3,3,3,5,2,5,3,2,3,2,3,2,3,1,4,4,1,1,6,8,5,5,7,NA,NA,NA,NA,NA,NA,NA,NA,NA,NA,NA,NA,NA,NA,NA,NA,NA,NA,NA,NA,NA,NA,NA,NA,NA,NA,NA,237361103024257,213,1,808,3.3333333333333335,4,3.3333333333333335,4,3,4,3.6666666666666665,3.6666666666666665,3,"Secondary education (e.g., high school)",Man,39,Not religious at all (1),Urban,24000,10.085809109330082,"March 02, 2023"
2023-03-02 23:26:50,2023-03-02 23:39:20,0,100,749,1,2023-03-02 23:39:21,R_2AGVuJDom6uveLz,anonymous,FR,1,1,NA,54,4,213,6,6,6,6,6,6,6,6,6,6,5,5,4,4,NA,des sujets vérifiés par plusieurs scientifiques,4,2,4,5,5,3,3,4,4,3,5,4,3,4,3,5,5,4,4,4,4,4,4,4,4,4,4,4,4,4,4,4,4,3,3,3,4,3,3,3,4,3,3,3,1,7,7,7,6,4,2,2,4,2,2,2,3,2,2,4,4,2,4,4,4,2,3,3,3,3,1,3,3,3,4,3,4,3,4,4,4,3,4,40000,2,5,4,1,4,4,4,4,4,3,3,3,3,3,3,3,4,3,4,3,3,3,4,4,7,4,4,7,NA,NA,NA,NA,NA,NA,NA,NA,NA,NA,NA,NA,NA,NA,NA,NA,NA,NA,NA,NA,NA,NA,NA,NA,NA,NA,NA,236850617175080,213,1,809,4,4,4,4,3.8,4,4,4,4,"Higher education (e.g., university degree or higher education diploma)",Man,54,(4),Rural,40000,10.596634733096073,"March 02, 2023"
2023-03-02 23:35:32,2023-03-02 23:42:31,0,100,418,1,2023-03-02 23:42:31,R_2PjMIqfwaeoPeyU,anonymous,FR,1,1,NA,32,4,213,4,5,4,4,5,6,5,3,3,4,5,5,5,7,NA,"Son expérience, ses recherches, son objectivité",5,4,1,5,5,5,4,5,5,5,4,5,5,5,5,5,5,4,5,5,4,4,4,5,4,5,4,4,4,5,4,5,4,5,4,4,5,4,5,4,5,5,4,4,1,7,9,8,9,5,5,4,3,4,3,3,4,5,5,5,4,3,4,4,5,4,3,2,3,2,3,5,5,4,4,5,4,5,4,4,3,4,4,65000,3,3,3,1,5,4,4,4,4,4,4,4,4,5,3,3,4,4,3,4,4,4,6,7,5,4,6,10,NA,NA,NA,NA,NA,NA,NA,NA,NA,NA,NA,NA,NA,NA,NA,NA,NA,NA,NA,NA,NA,NA,NA,NA,NA,NA,NA,237298315255981,213,1,811,4.666666666666667,4.666666666666667,4,4,5,5,4.333333333333333,4.666666666666667,4,"Higher education (e.g., university degree or higher education diploma)",Man,32,(3),Rural,65000,11.082142548877775,"March 02, 2023"
2023-03-02 09:16:25,2023-03-02 23:48:06,0,100,52301,1,2023-03-02 23:48:07,R_1qaj7Qsf624PsgN,anonymous,FR,1,0,NA,46,4,213,2,4,1,1,3,1,1,3,1,3,3,3,1,1,NA,Des travaux/études publiés dans des revues scientifiques ainsi que sa renommée. Et surtout des preuves de ce qu'il avance (des études donc et pas seulement des articles),4,6,1,4,4,3,3,4,4,1,3,3,1,4,1,4,4,3,2,3,4,4,3,4,4,4,3,4,4,4,4,4,4,5,4,5,4,3,2,3,2,4,2,2,1,7,6,7,1,4,4,3,3,4,3,2,1,2,1,3,3,4,3,3,3,3,2,2,2,3,2,4,4,4,4,3,4,4,4,4,4,4,5,2000,3,99,1,2,4,4,3,4,4,3,4,4,4,4,3,4,4,4,4,4,4,4,1,3,5,4,5,7,NA,NA,NA,NA,NA,NA,NA,NA,NA,NA,NA,NA,NA,NA,NA,NA,NA,NA,NA,NA,NA,NA,NA,NA,NA,NA,NA,237361108355154,213,1,813,4,3.6666666666666665,4,3.3333333333333335,2.6,4,3.75,3.8333333333333335,4,"Higher education (e.g., university degree or higher education diploma)",Woman,46,Not religious at all (1),Urban,2000,7.600902459542082,"March 02, 2023"
2023-03-03 03:10:29,2023-03-03 03:27:36,0,100,1026,1,2023-03-03 03:27:36,R_3jTkQfNNGlB1DdQ,anonymous,FR,1,0,NA,29,3,213,4,4,5,5,6,2,6,2,2,4,4,1,1,1,"La santé publique, je pense que les français, à échelle individuelle s’en soucis peu. Mais que les institutions, telle que la santé publique dans sa globalité se sert de la science pour avancer et être pertinente",NA,3,6,1,5,5,5,3,5,4,2,5,5,1,1,5,4,2,5,3,4,5,3,4,5,3,4,2,5,5,5,2,5,5,4,4,4,2,3,1,3,3,3,3,3,1,8,3,10,2,3,5,4,1,5,3,3,3,5,1,2,1,3,1,3,3,1,3,3,3,3,1,5,3,4,5,2,5,5,5,3,5,5,5,28000,2,4,2,1,3,5,5,5,5,5,3,5,5,5,1,5,2,5,5,4,3,4,1,1,3,4,2,3,NA,NA,NA,NA,NA,NA,NA,NA,NA,NA,NA,NA,NA,NA,NA,NA,NA,NA,NA,NA,NA,NA,NA,NA,NA,NA,NA,237361107547252,213,1,815,4,4.666666666666667,4.333333333333333,2.6666666666666665,2.8,5,3.9166666666666665,4.333333333333333,3,"Secondary education (e.g., high school)",Woman,29,(2),Rural,28000,10.239959789157341,"March 03, 2023"
2023-03-03 06:29:00,2023-03-03 06:36:08,0,100,428,1,2023-03-03 06:36:08,R_ULmHg8aDPcnPrqN,anonymous,FR,1,0,NA,50,4,213,2,4,4,2,4,2,5,3,2,3,2,2,2,2,NA,Son parcours sa personnalité sa capacité à expliquer simplement,3,6,5,4,4,4,3,4,4,3,3,4,4,4,4,4,4,4,4,4,4,4,4,4,4,4,4,4,4,4,4,4,4,3,3,3,3,3,2,2,2,3,3,3,1,5,5,5,5,4,4,4,2,4,3,3,4,4,2,3,3,3,3,3,3,3,2,3,3,3,2,4,4,4,4,4,4,4,4,4,4,4,4,100000,3,4,1,2,4,4,4,4,4,4,4,4,4,4,4,4,4,4,4,4,4,4,2,2,6,4,6,7,NA,NA,NA,NA,NA,NA,NA,NA,NA,NA,NA,NA,NA,NA,NA,NA,NA,NA,NA,NA,NA,NA,NA,NA,NA,NA,NA,237197170557985,213,1,817,4,4,4,4,4,4,4,4,4,"Higher education (e.g., university degree or higher education diploma)",Woman,50,Not religious at all (1),Urban,100000,11.512925464970229,"March 03, 2023"
2023-03-03 07:04:04,2023-03-03 07:08:04,0,100,240,1,2023-03-03 07:08:05,R_3D8gFtZzNcXNWtv,anonymous,FR,1,1,NA,37,3,213,1,1,1,1,1,1,1,1,1,1,1,1,1,1,nsdp,NA,3,6,1,3,3,3,3,3,3,3,3,3,3,3,3,3,3,3,3,3,3,3,3,3,3,3,3,3,3,3,3,3,3,3,3,3,3,3,3,3,3,3,3,3,1,5,5,5,5,3,3,3,3,3,3,3,3,3,3,3,3,3,3,3,3,3,4,4,4,4,4,5,5,5,5,5,5,5,5,5,5,5,5,25000,99,99,3,1,3,3,3,3,3,3,3,3,3,3,3,3,3,3,3,3,3,3,4,4,4,5,5,6,NA,NA,NA,NA,NA,NA,NA,NA,NA,NA,NA,NA,NA,NA,NA,NA,NA,NA,NA,NA,NA,NA,NA,NA,NA,NA,NA,237298314497181,213,1,820,3,3,3,3,3,3,3,3,3,"Secondary education (e.g., high school)",Man,37,(3),Rural,25000,10.126631103850338,"March 03, 2023"
2023-03-03 07:20:41,2023-03-03 07:50:31,0,100,1790,1,2023-03-03 07:50:32,R_3FK8d9up47BGnEZ,anonymous,FR,1,0,NA,31,4,213,1,1,1,1,1,1,1,1,1,1,6,1,1,1,L'état car l'argent,NA,5,4,1,5,5,3,3,1,1,1,1,1,1,1,1,5,5,5,5,3,3,3,3,2,2,2,2,3,2,2,2,5,5,5,5,3,5,1,5,5,1,1,5,5,1,6,5,1,1,3,5,5,1,5,1,5,5,1,1,1,1,5,1,1,1,5,4,4,3,1,3,5,5,5,5,5,5,5,5,5,5,5,5,17490,99,99,1,1,1,4,1,1,1,1,1,1,1,1,1,1,1,1,1,1,1,1,1,7,9,7,7,5,NA,NA,NA,NA,NA,NA,NA,NA,NA,NA,NA,NA,NA,NA,NA,NA,NA,NA,NA,NA,NA,NA,NA,NA,NA,NA,NA,237361103894563,213,1,822,2.3333333333333335,2.6666666666666665,2.3333333333333335,2.3333333333333335,1.8,5,2.4166666666666665,2.5,4,"Higher education (e.g., university degree or higher education diploma)",Woman,31,Not religious at all (1),Rural,17490,9.769384568012647,"March 03, 2023"
2023-03-02 20:56:44,2023-03-03 07:58:55,0,100,39731,1,2023-03-03 07:58:56,R_3HOkkkCMnn2HCzu,anonymous,FR,1,1,NA,46,4,213,5,4,4,2,2,1,1,1,1,3,2,1,1,1,NA,L'organisme scientifique dans lequel il travaille et les journaux dans lesquels il publie.,5,6,1,5,5,4,2,5,5,3,5,5,4,5,4,5,2,5,5,4,5,4,4,5,4,4,4,5,4,4,3,5,5,5,5,4,4,4,2,1,1,3,1,2,1,9,2,10,2,5,4,4,1,4,3,3,4,5,1,2,1,5,2,1,2,5,3,2,3,3,2,5,5,5,5,5,5,5,5,5,5,5,5,70000,2,2,1,1,5,5,5,5,5,5,5,5,5,5,4,4,5,5,5,4,5,5,1,1,1,5,3,9,NA,NA,NA,NA,NA,NA,NA,NA,NA,NA,NA,NA,NA,NA,NA,NA,NA,NA,NA,NA,NA,NA,NA,NA,NA,NA,NA,237361101965474,213,1,824,4,4.666666666666667,4.333333333333333,3.6666666666666665,4,5,4.166666666666667,4.333333333333333,4,"Higher education (e.g., university degree or higher education diploma)",Man,46,Not religious at all (1),Rural,70000,11.156250521031495,"March 02, 2023"
2023-03-03 08:42:02,2023-03-03 08:49:57,0,100,474,1,2023-03-03 08:49:58,R_1qe6Lx2JmnkYxUI,anonymous,FR,1,0,NA,20,4,213,3,4,5,6,7,6,5,4,3,2,4,3,2,1,Tout le monde,NA,5,4,5,5,4,3,2,1,2,3,4,3,1,2,4,5,2,5,3,4,3,2,1,2,3,4,5,4,3,2,1,2,3,4,5,4,4,3,4,2,2,1,3,5,1,7,5,6,8,4,5,3,2,3,2,4,1,5,4,4,3,2,1,2,3,4,3,2,1,2,3,5,4,3,2,1,2,3,4,5,4,3,2,3356,2,3,1,2,5,4,1,2,2,3,1,2,5,4,4,3,3,4,3,2,4,5,1,2,3,6,5,7,NA,NA,NA,NA,NA,NA,NA,NA,NA,NA,NA,NA,NA,NA,NA,NA,NA,NA,NA,NA,NA,NA,NA,NA,NA,NA,NA,237361102959710,213,1,826,2.6666666666666665,3.3333333333333335,3,2.3333333333333335,2.4,4,2.8333333333333335,3,4,"Higher education (e.g., university degree or higher education diploma)",Woman,20,Not religious at all (1),Urban,3356,8.118505067587098,"March 03, 2023"
2023-03-03 08:50:16,2023-03-03 09:07:24,0,100,1028,1,2023-03-03 09:07:25,R_UK1jhdpFv5euD5v,anonymous,FR,1,0,NA,26,4,213,2,3,3,3,4,2,5,2,3,3,4,4,4,1,"Je pense que l'impact le plus important de la science est le progrès médical, et donc toutes les personnes qui sont dans l'attente d'un traitement pour une maladie qui aujourd'hui est incurable et qui, peut-être, demain pourra être soignée.",NA,4,6,1,5,5,4,2,4,3,1,5,5,5,3,4,5,1,5,3,4,3,2,3,5,2,2,2,4,2,2,2,5,2,4,4,5,5,1,3,3,4,4,1,1,1,10,4,10,1,2,4,5,1,4,4,4,3,5,1,1,1,5,2,2,1,3,1,3,3,3,2,3,5,1,5,3,5,5,5,5,5,5,5,2500,2,2,1,1,3,5,5,5,3,2,3,4,5,5,5,2,4,5,5,5,3,1,1,1,2,3,7,5,NA,NA,NA,NA,NA,NA,NA,NA,NA,NA,NA,NA,NA,NA,NA,NA,NA,NA,NA,NA,NA,NA,NA,NA,NA,NA,NA,237298315252868,213,1,827,2,4.333333333333333,2.3333333333333335,2.3333333333333335,3.6,5,2.75,3.1666666666666665,4,"Higher education (e.g., university degree or higher education diploma)",Woman,26,Not religious at all (1),Rural,2500,7.824046010856292,"March 03, 2023"
2023-03-03 09:42:38,2023-03-03 09:58:46,0,100,967,1,2023-03-03 09:58:47,R_1jrILH9vX3PMR2W,anonymous,FR,1,0,NA,64,4,213,6,1,5,NA,1,1,4,1,1,3,4,1,1,2,LES ETUDIANTS LES MALADES LES PERSONNES D UN CERTAIN NIVEAU CULTUREL,NA,2,4,4,5,3,4,2,4,3,3,2,5,4,5,5,5,4,5,4,4,3,4,3,4,3,4,3,4,4,3,3,5,3,5,5,5,4,3,3,4,2,1,2,2,1,5,2,9,1,3,3,3,3,3,1,1,2,4,2,2,1,1,2,2,1,2,4,3,2,3,4,NA,NA,3,NA,NA,NA,4,4,4,4,4,4,20000,2,2,4,2,3,4,4,3,3,4,3,4,4,3,3,3,3,3,4,3,2,2,1,5,5,4,4,6,NA,NA,NA,NA,NA,NA,NA,NA,NA,NA,NA,NA,NA,NA,NA,NA,NA,NA,NA,NA,NA,NA,NA,NA,NA,NA,NA,237361108755616,213,1,828,3.6666666666666665,4,3.3333333333333335,3,4.6,4,3.5,3.8333333333333335,4,"Higher education (e.g., university degree or higher education diploma)",Woman,64,(4),Urban,20000,9.903487552536127,"March 03, 2023"
2023-03-03 10:20:09,2023-03-03 10:27:41,0,100,452,1,2023-03-03 10:27:42,R_3dEY8FoorqPD4jy,anonymous,FR,1,0,NA,58,4,213,4,5,3,3,5,2,3,4,1,4,5,3,3,1,la population,NA,5,4,1,5,5,4,5,4,5,4,4,2,4,3,4,4,4,5,4,4,4,4,4,5,4,4,4,4,4,4,4,5,4,3,3,3,4,2,1,1,2,2,3,4,1,9,9,7,2,4,2,2,3,3,3,1,1,3,1,5,3,3,2,3,3,3,2,3,4,3,1,3,4,3,3,3,4,3,4,3,3,4,4,2300,5,99,3,1,4,4,3,3,3,3,4,4,3,4,3,3,4,4,3,3,3,3,1,5,6,2,2,6,NA,NA,NA,NA,NA,NA,NA,NA,NA,NA,NA,NA,NA,NA,NA,NA,NA,NA,NA,NA,NA,NA,NA,NA,NA,NA,NA,237457968344233,213,1,832,4,4.333333333333333,4,4,3.4,4,4.083333333333333,4.166666666666667,4,"Higher education (e.g., university degree or higher education diploma)",Woman,58,(3),Rural,2300,7.7406644019172415,"March 03, 2023"
2023-03-03 10:14:28,2023-03-03 10:31:02,0,100,994,1,2023-03-03 10:31:03,R_YS34daDDmL2JWIp,anonymous,FR,1,0,NA,35,4,213,1,1,1,1,1,1,1,1,1,1,1,1,1,1,NA,le fait de ne pas faire des expériences sur les animaux et de ne rien caché des effet secondaires,3,6,1,5,2,1,1,3,2,1,1,3,1,4,3,3,3,4,2,4,1,2,3,4,2,3,1,4,1,2,2,4,2,3,3,3,5,2,5,5,4,2,4,5,1,4,9,2,9,1,5,1,1,1,1,1,1,1,5,1,1,5,2,4,1,1,1,1,3,3,1,1,1,1,1,1,1,1,1,1,1,1,1,27000,5,5,2,1,2,2,2,2,2,2,1,1,1,1,1,1,3,3,2,2,2,2,6,3,9,7,7,5,NA,NA,NA,NA,NA,NA,NA,NA,NA,NA,NA,NA,NA,NA,NA,NA,NA,NA,NA,NA,NA,NA,NA,NA,NA,NA,NA,237457968327840,213,1,834,2.3333333333333335,4,1.3333333333333333,2,2.8,4,2.4166666666666665,3.1666666666666665,4,"Higher education (e.g., university degree or higher education diploma)",Woman,35,(2),Rural,27000,10.203592144986466,"March 03, 2023"
2023-03-03 10:17:57,2023-03-03 10:31:35,0,100,817,1,2023-03-03 10:31:35,R_1rB3fQQxZX40NK6,anonymous,FR,1,0,NA,32,4,213,5,6,5,5,6,2,7,7,6,5,2,7,6,6,NA,Le nombre de revues publiées,5,4,4,3,1,5,3,3,5,3,3,3,5,4,3,5,4,3,4,3,5,3,2,4,3,5,5,3,5,2,4,2,4,5,5,3,3,5,5,3,4,2,5,5,1,6,3,2,4,5,4,4,4,4,5,3,5,2,5,5,4,3,4,5,3,4,4,2,2,3,4,3,5,5,3,4,5,4,5,4,5,3,5,25000,2,4,4,1,4,5,5,3,4,3,4,4,5,4,3,5,4,5,4,5,3,2,7,4,8,5,7,9,NA,NA,NA,NA,NA,NA,NA,NA,NA,NA,NA,NA,NA,NA,NA,NA,NA,NA,NA,NA,NA,NA,NA,NA,NA,NA,NA,237457968334860,213,1,836,3.3333333333333335,3.3333333333333335,4.333333333333333,3.6666666666666665,3.8,4,3.6666666666666665,3.3333333333333335,4,"Higher education (e.g., university degree or higher education diploma)",Woman,32,(4),Rural,25000,10.126631103850338,"March 03, 2023"
2023-03-03 10:17:58,2023-03-03 10:34:22,0,100,983,1,2023-03-03 10:34:23,R_2e9EO3GIudMwVU0,anonymous,FR,1,1,NA,60,3,213,3,6,6,5,6,4,6,4,3,6,6,5,1,2,NA,je sais pas,4,4,1,5,5,4,5,4,4,4,4,1,1,1,1,1,1,5,5,4,5,5,5,5,5,5,5,5,4,5,5,5,5,5,5,5,5,2,2,4,3,5,1,3,1,5,5,5,5,4,5,4,1,5,3,4,3,5,1,1,1,4,3,2,2,3,2,3,3,1,2,2,3,4,5,4,4,3,3,3,3,3,3,30.000,99,99,4,2,5,5,4,4,3,4,4,4,3,4,3,4,4,4,3,4,3,3,3,6,8,7,7,6,NA,NA,NA,NA,NA,NA,NA,NA,NA,NA,NA,NA,NA,NA,NA,NA,NA,NA,NA,NA,NA,NA,NA,NA,NA,NA,NA,237457967368239,213,1,838,5,4.666666666666667,4.666666666666667,5,1,5,4.833333333333333,4.833333333333333,3,"Secondary education (e.g., high school)",Man,60,(4),Urban,30000,10.308952660644293,"March 03, 2023"
2023-03-03 10:21:33,2023-03-03 10:34:40,0,100,786,1,2023-03-03 10:34:40,R_1Kd3jFi0ZRQ2T0b,anonymous,FR,1,0,NA,29,4,213,1,1,1,1,1,1,1,1,1,1,4,1,1,1,"c'est l'état qui bénéficie le plus de la science, car c'est eux qui choisissent de subventionner un projet ou non donc ils choisissent les projet qui les intérresse et leur rapportera de l'argent",NA,2,6,1,5,5,5,3,2,2,1,5,1,1,1,3,5,3,5,5,4,3,3,3,5,3,3,3,4,3,3,3,4,3,1,1,1,3,2,4,5,3,2,4,3,1,5,2,5,2,2,5,5,1,5,3,3,5,5,1,1,1,4,1,1,1,5,2,3,1,4,1,5,5,5,5,5,5,5,5,5,5,5,5,40000,99,99,1,2,3,3,3,3,3,3,3,3,3,3,3,3,3,3,3,3,3,3,1,5,5,5,5,5,NA,NA,NA,NA,NA,NA,NA,NA,NA,NA,NA,NA,NA,NA,NA,NA,NA,NA,NA,NA,NA,NA,NA,NA,NA,NA,NA,237457967352997,213,1,839,3,4.333333333333333,3,3,1.8,4,3.3333333333333335,3.6666666666666665,4,"Higher education (e.g., university degree or higher education diploma)",Woman,29,Not religious at all (1),Urban,40000,10.596634733096073,"March 03, 2023"
2023-03-03 10:24:52,2023-03-03 10:39:04,0,100,851,1,2023-03-03 10:39:05,R_1DCKnwYL32GQNya,anonymous,FR,1,1,NA,24,4,213,5,5,6,6,5,4,6,5,4,5,5,5,5,2,NA,quelqu'un qui ne prétend pas tout savoir mais qui apporte des preuves a ce qu'il raconte,4,4,1,4,4,4,4,4,4,4,4,4,3,3,5,5,4,4,3,3,3,2,4,4,3,3,3,4,3,3,2,4,3,5,5,5,2,2,3,3,1,2,2,4,1,7,8,5,1,3,4,1,2,3,1,1,1,1,2,2,2,3,3,4,3,3,1,3,1,2,1,4,4,4,4,4,4,5,5,5,5,5,5,60000,3,3,1,2,3,3,3,3,3,3,4,4,4,3,4,2,2,2,2,2,2,2,2,3,2,2,4,7,NA,NA,NA,NA,NA,NA,NA,NA,NA,NA,NA,NA,NA,NA,NA,NA,NA,NA,NA,NA,NA,NA,NA,NA,NA,NA,NA,237457968358571,213,1,841,2.6666666666666665,3.6666666666666665,3,3,3.8,4,3.0833333333333335,3.1666666666666665,4,"Higher education (e.g., university degree or higher education diploma)",Man,24,Not religious at all (1),Urban,60000,11.002099841204238,"March 03, 2023"
2023-03-03 10:16:04,2023-03-03 10:40:07,0,100,1443,1,2023-03-03 10:40:08,R_1mdZ45vuCg8Y1NN,anonymous,FR,1,1,NA,68,4,213,1,4,1,1,3,3,3,2,3,2,3,2,1,1,"La société en général, car toute activité scientifique peut provoquer, un jour ou l'autre, des retombées dont chacun peut bénéficier. Cela peut être rapide ou très tardif.",NA,4,6,1,5,5,4,3,4,3,2,4,4,3,4,4,4,3,5,4,4,4,2,3,4,4,4,2,4,4,3,2,4,3,4,4,4,4,4,4,2,2,2,3,1,1,6,6,9,1,5,5,5,1,2,4,4,5,5,1,2,1,5,2,2,1,4,2,3,3,2,2,5,5,5,5,5,5,5,5,5,5,5,5,50000,4,2,1,2,4,2,5,4,2,2,4,4,4,2,3,4,4,4,5,3,2,2,1,1,2,2,3,4,NA,NA,NA,NA,NA,NA,NA,NA,NA,NA,NA,NA,NA,NA,NA,NA,NA,NA,NA,NA,NA,NA,NA,NA,NA,NA,NA,237457967315112,213,1,843,3,4,4,2.3333333333333335,3.6,4,3.3333333333333335,3.5,4,"Higher education (e.g., university degree or higher education diploma)",Man,68,Not religious at all (1),Urban,50000,10.819778284410283,"March 03, 2023"
2023-03-03 10:27:22,2023-03-03 10:41:07,0,100,824,1,2023-03-03 10:41:07,R_3PTRlVByPZFeeAs,anonymous,FR,1,1,NA,69,3,213,1,1,1,1,1,1,1,1,2,1,1,1,1,1,tres complique la science,NA,2,4,1,2,3,1,2,3,2,2,3,2,2,2,2,4,4,4,2,4,3,3,3,4,3,3,3,4,3,3,3,4,2,2,2,2,4,4,2,2,2,2,2,4,1,4,6,6,2,3,2,1,3,1,2,1,2,3,2,4,4,2,2,3,4,3,1,3,3,3,1,2,3,2,3,2,2,2,3,2,3,2,2,1600,3,5,3,2,2,NA,2,2,2,1,2,2,2,2,2,2,2,2,2,2,2,2,5,2,4,3,2,6,NA,NA,NA,NA,NA,NA,NA,NA,NA,NA,NA,NA,NA,NA,NA,NA,NA,NA,NA,NA,NA,NA,NA,NA,NA,NA,NA,237457968330952,213,1,845,3,4,3,3,2.4,2,3.25,3.5,3,"Secondary education (e.g., high school)",Man,69,(3),Urban,1600,7.3777589082278725,"March 03, 2023"
2023-03-03 10:31:33,2023-03-03 10:41:14,0,100,580,1,2023-03-03 10:41:14,R_2VxQnWvTAf9Y2Vu,anonymous,FR,1,1,NA,36,4,213,4,5,5,2,4,4,5,1,2,2,3,2,2,1,"L’humanité profite le plus des avancées de la science, comme l’histoire nous le montre",NA,4,6,1,5,4,2,1,4,4,4,5,4,3,4,3,4,3,4,2,5,4,4,4,4,4,4,4,5,4,4,4,5,5,4,3,4,4,1,2,2,2,3,2,4,1,6,3,7,4,4,4,3,3,3,1,1,2,2,4,4,3,1,3,3,4,3,1,3,3,3,2,4,4,3,4,3,4,4,4,3,4,4,4,70000,4,4,2,1,5,4,4,4,3,2,4,4,4,4,2,2,4,4,4,4,2,1,2,1,1,4,5,7,NA,NA,NA,NA,NA,NA,NA,NA,NA,NA,NA,NA,NA,NA,NA,NA,NA,NA,NA,NA,NA,NA,NA,NA,NA,NA,NA,237457968455928,213,1,846,4,4.666666666666667,4,4,3.4,4,4.166666666666667,4.333333333333333,4,"Higher education (e.g., university degree or higher education diploma)",Man,36,(2),Rural,70000,11.156250521031495,"March 03, 2023"
2023-03-03 10:25:47,2023-03-03 10:44:22,0,100,1114,1,2023-03-03 10:44:22,R_1Crpahm0kzIJI7Y,anonymous,FR,1,1,NA,52,4,213,5,2,2,1,2,1,1,1,2,4,5,1,1,1,la societe profite de l avancee de la science et nous devrions porter une confiance plus soutenue a celle ci,NA,5,4,1,5,4,4,3,4,3,2,3,4,3,5,3,4,5,5,3,5,5,4,3,5,4,4,4,5,5,4,3,5,5,4,5,3,4,3,2,1,3,5,3,2,1,10,10,10,1,4,3,4,1,5,4,3,2,5,1,1,1,5,1,1,2,3,3,3,3,3,2,5,5,5,4,5,5,5,5,5,4,5,5,1150,2,3,1,1,5,5,5,4,5,5,4,5,5,4,4,4,4,5,5,4,5,4,1,1,1,1,1,3,NA,NA,NA,NA,NA,NA,NA,NA,NA,NA,NA,NA,NA,NA,NA,NA,NA,NA,NA,NA,NA,NA,NA,NA,NA,NA,NA,237457968327835,213,1,848,4,5,4.666666666666667,3.3333333333333335,4,5,4.25,4.5,4,"Higher education (e.g., university degree or higher education diploma)",Man,52,Not religious at all (1),Rural,1150,7.047517221357296,"March 03, 2023"
2023-03-03 10:30:39,2023-03-03 10:44:25,0,100,825,1,2023-03-03 10:44:25,R_1oHA3qKMgBXyJVR,anonymous,FR,1,0,NA,47,4,213,5,5,5,4,4,1,1,1,2,5,4,4,4,5,NA,Renommée,3,4,1,5,5,5,1,3,3,3,3,5,1,3,5,5,3,5,3,4,4,4,2,5,4,4,2,4,4,4,3,5,3,3,3,5,3,2,3,1,4,3,2,2,1,10,1,10,1,3,3,4,1,2,1,1,4,4,1,4,3,3,3,3,3,2,1,3,3,3,2,4,4,4,4,4,4,4,4,4,4,3,4,1800,3,99,2,1,3,3,3,3,3,3,3,3,3,3,3,3,3,3,3,3,3,3,1,1,1,5,6,5,NA,NA,NA,NA,NA,NA,NA,NA,NA,NA,NA,NA,NA,NA,NA,NA,NA,NA,NA,NA,NA,NA,NA,NA,NA,NA,NA,237457968492690,213,1,849,4,4.333333333333333,4,2.3333333333333335,3.4,3,3.6666666666666665,4.166666666666667,4,"Higher education (e.g., university degree or higher education diploma)",Woman,47,(2),Rural,1800,7.495541943884256,"March 03, 2023"
2023-03-03 10:25:38,2023-03-03 10:45:00,0,100,1162,1,2023-03-03 10:45:01,R_PLIUX89Rh1AB7I5,anonymous,FR,1,1,NA,24,4,213,2,3,2,1,2,2,5,3,4,4,3,3,3,2,NA,'- La fiabilité des tests et recherches effectués. - La fiabilité des résultats. - La non manipulation des résultats par les humains.,3,4,1,5,5,4,3,3,3,1,5,4,4,4,5,5,5,3,4,4,3,3,4,4,3,2,3,4,2,3,3,3,3,3,3,3,4,1,3,4,3,4,3,3,1,6,1,10,1,3,3,3,1,5,1,5,3,5,1,2,1,5,3,2,3,3,3,3,3,3,1,5,5,3,5,3,5,5,4,5,5,5,5,1200,3,3,3,2,3,3,3,3,4,4,3,4,3,4,4,3,4,3,4,4,4,4,3,7,9,6,4,5,NA,NA,NA,NA,NA,NA,NA,NA,NA,NA,NA,NA,NA,NA,NA,NA,NA,NA,NA,NA,NA,NA,NA,NA,NA,NA,NA,237457968437439,213,1,850,2.6666666666666665,4,2.6666666666666665,3.3333333333333335,4.4,3,3.1666666666666665,3.3333333333333335,4,"Higher education (e.g., university degree or higher education diploma)",Man,24,(3),Urban,1200,7.090076835776092,"March 03, 2023"
2023-03-03 10:32:52,2023-03-03 10:47:26,0,100,874,1,2023-03-03 10:47:27,R_1PS4gXpNtqv7kyB,anonymous,FR,1,0,NA,32,4,213,2,3,5,1,5,3,4,3,2,3,5,2,1,1,NA,La qualité de ses recherches,5,4,1,5,5,5,1,5,5,5,5,5,1,3,5,5,5,5,4,4,4,4,4,4,4,4,4,4,4,4,3,4,3,4,2,4,3,3,2,3,3,2,2,2,1,10,5,8,1,4,3,4,3,5,4,3,2,2,1,3,2,4,3,2,3,2,2,3,3,3,2,5,5,5,5,5,5,5,5,5,5,5,5,25000,2,2,4,1,4,4,4,4,4,4,4,4,4,4,4,4,4,4,4,4,4,4,1,2,6,5,4,7,NA,NA,NA,NA,NA,NA,NA,NA,NA,NA,NA,NA,NA,NA,NA,NA,NA,NA,NA,NA,NA,NA,NA,NA,NA,NA,NA,237457967826959,213,1,854,4,4,4,3.6666666666666665,3.8,5,3.9166666666666665,4,4,"Higher education (e.g., university degree or higher education diploma)",Woman,32,(4),Rural,25000,10.126631103850338,"March 03, 2023"
2023-03-03 10:28:15,2023-03-03 10:47:30,0,100,1154,1,2023-03-03 10:47:30,R_57NfC4oNfLNgJsl,anonymous,FR,1,0,NA,67,3,213,4,4,4,4,5,1,1,1,2,1,5,2,1,2,NA,"Ses travaux, ses resultats",4,2,1,5,5,5,1,5,5,1,1,5,5,5,5,5,5,3,4,4,3,4,3,4,3,4,4,4,4,3,3,4,4,1,1,5,5,1,1,5,5,5,5,5,1,10,10,10,10,4,5,5,1,5,1,1,1,5,1,1,1,5,5,1,1,5,3,3,3,3,1,5,5,5,5,5,5,5,5,5,4,4,5,5000,99,99,2,2,5,5,3,5,5,4,3,3,3,4,4,4,1,1,1,5,5,1,1,6,7,7,7,6,NA,NA,NA,NA,NA,NA,NA,NA,NA,NA,NA,NA,NA,NA,NA,NA,NA,NA,NA,NA,NA,NA,NA,NA,NA,NA,NA,237457967325417,213,1,855,3.6666666666666665,4,3.3333333333333335,3.3333333333333335,5,3,3.5833333333333335,3.8333333333333335,3,"Secondary education (e.g., high school)",Woman,67,(2),Urban,5000,8.517193191416238,"March 03, 2023"
2023-03-03 10:44:03,2023-03-03 10:48:34,0,100,270,1,2023-03-03 10:48:34,R_3DpGaelLAr5NU14,anonymous,FR,1,1,NA,29,3,213,1,1,1,1,3,5,3,2,3,3,1,1,1,1,NA,Je c’est pas,1,4,4,1,1,1,1,1,1,1,1,1,1,1,1,1,1,1,1,1,1,1,1,1,1,1,1,1,1,1,1,1,1,1,1,1,1,1,1,1,1,2,1,1,1,1,1,1,1,1,1,1,1,1,1,1,1,1,1,1,1,1,1,1,1,1,1,1,1,1,1,1,1,1,1,1,1,1,1,1,1,1,1,3000,1,99,1,1,1,1,1,1,1,1,1,1,1,1,1,1,1,1,1,1,1,1,1,1,1,1,1,1,NA,NA,NA,NA,NA,NA,NA,NA,NA,NA,NA,NA,NA,NA,NA,NA,NA,NA,NA,NA,NA,NA,NA,NA,NA,NA,NA,237361106908162,213,1,859,1,1,1,1,1,1,1,1,3,"Secondary education (e.g., high school)",Man,29,Not religious at all (1),Rural,3000,8.006367567650246,"March 03, 2023"
2023-03-03 10:23:30,2023-03-03 10:48:45,0,100,1515,1,2023-03-03 10:48:46,R_ZCDypz9klScPLBD,anonymous,FR,1,0,NA,43,4,213,1,3,3,1,5,1,1,3,1,3,4,4,1,1,Les laboratoires et l'industrie pharmaceutique sont les grands bénéficiaires de la science cela leur rapportent beaucoup de bénéfices financier,NA,2,4,1,4,4,5,3,2,3,3,4,2,3,3,1,5,2,4,4,4,3,4,3,4,4,4,2,4,3,3,1,2,3,3,4,3,4,3,2,5,3,4,3,3,1,7,4,7,1,3,4,3,3,3,4,4,1,2,3,1,1,5,3,1,1,5,2,3,2,3,1,5,4,4,5,3,3,5,4,3,4,3,4,29900,99,99,1,1,4,4,4,3,1,2,3,3,3,3,3,3,3,4,4,3,1,2,3,4,9,1,3,1,NA,NA,NA,NA,NA,NA,NA,NA,NA,NA,NA,NA,NA,NA,NA,NA,NA,NA,NA,NA,NA,NA,NA,NA,NA,NA,NA,237361108068456,213,1,861,3.6666666666666665,4,3.3333333333333335,2,2.2,4,3.25,3.8333333333333335,4,"Higher education (e.g., university degree or higher education diploma)",Woman,43,Not religious at all (1),Rural,29900,10.305613759378778,"March 03, 2023"
2023-03-03 10:40:46,2023-03-03 10:48:53,0,100,487,1,2023-03-03 10:48:54,R_2QzhiamRnBovkr0,anonymous,FR,1,0,NA,26,4,213,1,2,1,5,1,1,5,1,1,1,2,1,1,1,NA,Clair dans les explications,4,4,1,5,5,5,5,4,4,3,4,4,4,4,4,4,4,3,3,4,4,3,3,4,4,4,4,5,4,4,4,5,4,4,4,4,4,5,4,4,3,4,4,4,1,8,6,10,2,4,2,4,2,4,4,2,3,4,1,2,2,5,2,2,2,4,4,3,3,3,3,5,5,4,5,5,5,5,5,5,5,5,5,30000,99,99,1,2,4,4,4,4,4,4,4,4,4,4,4,4,4,4,3,4,4,4,1,1,5,5,5,6,NA,NA,NA,NA,NA,NA,NA,NA,NA,NA,NA,NA,NA,NA,NA,NA,NA,NA,NA,NA,NA,NA,NA,NA,NA,NA,NA,237457967412263,213,1,862,3.6666666666666665,4.333333333333333,4,3.6666666666666665,4,4,3.9166666666666665,4,4,"Higher education (e.g., university degree or higher education diploma)",Woman,26,Not religious at all (1),Urban,30000,10.308952660644293,"March 03, 2023"
2023-03-03 10:36:16,2023-03-03 10:52:14,0,100,957,1,2023-03-03 10:52:14,R_WilpMaLKCpbunkJ,anonymous,FR,1,1,NA,66,4,213,1,1,1,1,1,1,4,1,1,1,1,4,4,1,EST ce que la science est un progrès ?,NA,3,6,1,1,1,1,5,1,1,1,5,1,3,1,1,3,5,1,1,3,2,2,3,3,2,2,2,3,2,2,2,1,1,2,1,1,5,3,5,5,3,2,5,2,1,6,10,1,1,1,3,1,4,2,1,1,1,1,4,1,1,5,5,1,1,5,1,2,1,3,1,1,1,2,1,1,1,2,2,2,2,2,2,40000,99,99,3,1,2,2,2,2,2,2,2,2,2,1,2,2,2,2,2,2,2,2,7,7,9,4,4,6,NA,NA,NA,NA,NA,NA,NA,NA,NA,NA,NA,NA,NA,NA,NA,NA,NA,NA,NA,NA,NA,NA,NA,NA,NA,NA,NA,237457968327838,213,1,864,2,3,2,2.3333333333333335,2.2,3,2.3333333333333335,2.5,4,"Higher education (e.g., university degree or higher education diploma)",Man,66,(3),Rural,40000,10.596634733096073,"March 03, 2023"
2023-03-03 10:37:03,2023-03-03 10:55:26,0,100,1102,1,2023-03-03 10:55:27,R_AAPthCGHwxRFOq5,anonymous,FR,1,1,NA,64,4,213,1,4,6,1,4,1,1,1,2,1,3,1,1,1,"Les industriels développement et profit  Le grand public pour améliorer conditions de vie travail, santé, loisirs",NA,4,6,1,5,5,3,4,5,3,1,5,4,5,3,3,4,5,5,3,4,4,3,2,4,4,4,3,4,3,3,2,4,3,5,4,5,2,2,4,3,2,3,3,2,1,6,1,10,1,4,5,1,2,5,1,1,1,4,1,2,2,4,2,2,1,1,2,3,3,3,1,5,5,5,5,5,5,5,5,5,5,5,5,24000,1,1,3,2,4,4,4,4,4,4,4,4,4,4,4,4,4,4,4,4,4,4,1,1,1,1,1,6,NA,NA,NA,NA,NA,NA,NA,NA,NA,NA,NA,NA,NA,NA,NA,NA,NA,NA,NA,NA,NA,NA,NA,NA,NA,NA,NA,237457967298617,213,1,867,3.3333333333333335,4,3.6666666666666665,2.3333333333333335,4,4,3.3333333333333335,3.6666666666666665,4,"Higher education (e.g., university degree or higher education diploma)",Man,64,(3),Urban,24000,10.085809109330082,"March 03, 2023"
2023-03-03 10:42:57,2023-03-03 10:56:31,0,100,813,1,2023-03-03 10:56:31,R_RldnvWlMKEQPhBv,anonymous,FR,1,0,NA,46,4,213,3,2,3,3,2,1,1,1,3,2,2,1,1,1,NA,son esprit critique,4,6,1,5,5,3,2,2,4,1,4,2,4,4,3,5,5,4,2,4,3,3,4,5,3,3,3,4,4,3,3,5,3,4,1,1,4,2,2,2,1,2,2,2,1,4,3,7,1,5,5,5,1,5,3,3,5,5,2,1,1,5,1,1,1,4,2,3,3,3,2,5,5,5,5,5,5,5,5,5,5,5,5,80000,2,2,1,2,4,5,5,5,4,5,4,5,5,5,4,4,3,4,4,4,3,3,1,1,3,6,4,6,NA,NA,NA,NA,NA,NA,NA,NA,NA,NA,NA,NA,NA,NA,NA,NA,NA,NA,NA,NA,NA,NA,NA,NA,NA,NA,NA,237457967361265,213,1,868,3,4.333333333333333,3.3333333333333335,3.3333333333333335,3.6,3,3.5,3.6666666666666665,4,"Higher education (e.g., university degree or higher education diploma)",Woman,46,Not religious at all (1),Urban,80000,11.289781913656018,"March 03, 2023"
2023-03-03 10:42:40,2023-03-03 10:58:18,0,100,937,1,2023-03-03 10:58:18,R_XzbTP8KaVJzED9D,anonymous,FR,1,0,NA,65,3,213,5,6,5,4,4,4,6,5,4,4,3,1,1,1,NA,par ses propos tenu,3,4,1,4,4,4,3,4,3,5,4,2,3,4,3,4,3,4,3,4,4,4,3,4,3,4,4,4,4,4,3,4,4,2,2,3,3,2,3,3,2,2,2,2,1,5,4,5,4,4,3,3,2,4,3,2,2,3,1,4,3,3,3,3,3,3,1,3,3,3,1,3,4,4,4,3,4,2,3,3,4,2,3,29650,3,4,2,1,4,4,4,4,3,3,3,3,3,3,2,2,3,3,3,3,4,2,1,5,5,3,3,6,NA,NA,NA,NA,NA,NA,NA,NA,NA,NA,NA,NA,NA,NA,NA,NA,NA,NA,NA,NA,NA,NA,NA,NA,NA,NA,NA,237457968508056,213,1,871,4,4,3.6666666666666665,3.3333333333333335,3,4,3.75,4,3,"Secondary education (e.g., high school)",Woman,65,(2),Rural,29650,10.297217404425872,"March 03, 2023"
2023-03-03 10:32:10,2023-03-03 10:58:37,0,100,1586,1,2023-03-03 10:58:38,R_3Ny8jM83Rq81jAe,anonymous,FR,1,1,NA,51,4,213,3,3,4,3,3,3,3,2,3,2,4,3,3,2,"Humains ,animaux,  environnement.  La science apporte une amélioration.",NA,5,4,1,5,5,5,3,4,3,3,4,5,5,5,5,5,5,4,4,4,4,4,3,4,3,4,3,5,4,4,4,5,4,5,4,5,3,1,1,1,2,4,3,3,1,8,7,7,1,4,1,5,1,3,1,1,2,5,1,2,2,4,2,1,2,4,3,3,2,3,2,5,5,5,5,5,5,5,5,5,5,5,5,45000,2,4,1,2,4,4,3,4,4,4,3,4,3,3,4,4,4,5,4,4,3,4,1,1,1,7,7,6,NA,NA,NA,NA,NA,NA,NA,NA,NA,NA,NA,NA,NA,NA,NA,NA,NA,NA,NA,NA,NA,NA,NA,NA,NA,NA,NA,237457967309967,213,1,872,4,4.333333333333333,3.6666666666666665,3.3333333333333335,5,4,3.8333333333333335,4.166666666666667,4,"Higher education (e.g., university degree or higher education diploma)",Man,51,Not religious at all (1),Urban,45000,10.714417768752456,"March 03, 2023"
2023-03-03 10:22:54,2023-03-03 10:58:56,0,100,2161,1,2023-03-03 10:58:56,R_2pXBoWWE6eP4v93,anonymous,FR,1,0,NA,36,4,213,1,3,1,1,2,1,1,1,2,2,3,2,1,1,NA,"Lorsqu'il fait des expériences régulièrement et en tire des conclusions. Lorsqu'il est indépendant philosophiquement, politiquement et religieusement et qu'il ne subit l'influence ou la pression de personne. C'est quelqu'un aussi qui remet en cause en permanence ce qu'il sait déjà et qui continue de se questionner.",3,6,1,4,3,4,1,2,3,1,5,1,1,3,1,4,5,5,3,2,3,2,2,4,2,2,2,4,2,2,4,3,3,2,3,4,5,1,3,4,3,4,3,4,1,5,8,2,3,3,4,1,1,1,1,1,2,4,5,3,2,4,3,3,2,4,3,3,2,3,1,3,4,4,4,3,4,5,5,5,5,5,5,20400,2,2,1,2,3,3,3,3,2,3,3,4,3,3,2,2,4,4,4,3,4,2,2,5,9,5,4,6,NA,NA,NA,NA,NA,NA,NA,NA,NA,NA,NA,NA,NA,NA,NA,NA,NA,NA,NA,NA,NA,NA,NA,NA,NA,NA,NA,237457967425684,213,1,874,2,3.3333333333333335,2.3333333333333335,2.6666666666666665,2.2,4,2.5833333333333335,2.6666666666666665,4,"Higher education (e.g., university degree or higher education diploma)",Woman,36,Not religious at all (1),Urban,20400,9.923290179832307,"March 03, 2023"
2023-03-03 10:47:33,2023-03-03 11:01:05,0,100,812,1,2023-03-03 11:01:06,R_tEDKMAEqFNXTZyV,anonymous,FR,1,0,NA,18,3,213,1,3,2,4,2,1,5,1,1,2,2,1,2,1,NA,"Les études faites, le type de recherche et sa spécialité, les sources, les preuves, la validité par d’autres scientifiques",3,2,1,4,5,5,4,2,4,2,5,2,3,1,1,5,5,5,2,4,4,2,3,5,4,1,4,5,4,2,1,4,3,2,1,3,5,1,1,1,4,1,1,1,1,4,5,9,1,2,4,1,1,3,2,1,1,4,1,1,1,5,2,1,3,4,3,2,3,3,1,4,5,4,5,4,5,3,5,2,5,5,5,500,1,2,1,2,3,2,4,5,2,3,2,4,3,4,2,2,3,4,4,5,4,2,1,2,3,2,5,3,NA,NA,NA,NA,NA,NA,NA,NA,NA,NA,NA,NA,NA,NA,NA,NA,NA,NA,NA,NA,NA,NA,NA,NA,NA,NA,NA,237457968442385,213,1,876,1.6666666666666667,4.666666666666667,4,2.6666666666666665,2.4,5,3.25,3.1666666666666665,3,"Secondary education (e.g., high school)",Woman,18,Not religious at all (1),Urban,500,6.214608098422191,"March 03, 2023"
2023-03-03 10:23:37,2023-03-03 11:03:18,0,100,2380,1,2023-03-03 11:03:18,R_zU7u9PSxWE4Ngv7,anonymous,FR,1,0,NA,24,4,213,4,5,7,7,5,6,7,4,7,4,3,2,4,1,NA,les résultats et compte rendu propre,4,6,1,4,5,4,5,4,4,4,4,5,4,4,3,5,5,5,3,4,3,2,2,4,2,4,3,4,3,5,3,4,4,4,3,4,4,4,5,4,2,3,3,2,1,8,7,8,1,4,5,4,1,5,3,4,3,5,2,3,2,4,3,2,2,4,2,3,3,3,2,5,5,5,5,5,5,5,5,5,5,5,5,2700,99,99,1,1,3,4,3,3,2,3,4,2,2,4,4,3,4,5,3,4,3,4,1,4,5,6,5,3,NA,NA,NA,NA,NA,NA,NA,NA,NA,NA,NA,NA,NA,NA,NA,NA,NA,NA,NA,NA,NA,NA,NA,NA,NA,NA,NA,237457968485406,213,1,878,3.6666666666666665,4,2.6666666666666665,2.6666666666666665,4.2,5,3.25,3.8333333333333335,4,"Higher education (e.g., university degree or higher education diploma)",Woman,24,Not religious at all (1),Rural,2700,7.90100705199242,"March 03, 2023"
2023-03-03 11:00:31,2023-03-03 11:06:21,0,100,349,1,2023-03-03 11:06:21,R_2Sc4MIu8Dtil8h2,anonymous,FR,1,1,NA,66,2,213,1,1,1,1,1,1,1,1,1,1,1,1,1,1,je sais pas,NA,1,4,4,1,1,1,1,1,1,1,1,1,1,1,1,1,1,1,1,1,1,1,1,1,1,1,1,1,1,1,1,1,1,1,1,1,1,1,1,1,1,1,1,1,1,1,1,1,1,1,1,1,1,1,1,1,1,1,1,1,1,1,1,1,1,1,1,1,1,1,1,1,1,1,1,1,1,1,1,1,1,1,1,1,99,99,1,2,1,1,1,1,1,1,1,1,1,1,1,1,1,1,1,1,1,1,1,1,1,1,1,1,NA,NA,NA,NA,NA,NA,NA,NA,NA,NA,NA,NA,NA,NA,NA,NA,NA,NA,NA,NA,NA,NA,NA,NA,NA,NA,NA,237457967316153,213,1,880,1,1,1,1,1,1,1,1,2,Primary education,Man,66,Not religious at all (1),Urban,1,0,"March 03, 2023"
2023-03-03 10:51:38,2023-03-03 11:07:43,0,100,964,1,2023-03-03 11:07:44,R_1myioWOycTSP36C,anonymous,FR,1,0,NA,47,4,213,4,5,5,1,3,3,1,5,1,5,7,2,2,2,"l'armée, parce que nous vivons dans un monde masculin",NA,4,4,1,5,5,5,3,4,3,2,5,4,1,4,4,5,5,4,4,4,3,3,2,3,3,3,3,4,3,4,3,4,4,3,4,4,4,3,3,2,3,4,4,4,1,10,1,10,1,3,3,5,2,5,4,5,5,5,1,3,1,4,2,2,3,3,1,2,3,3,1,4,5,4,5,4,5,3,5,4,5,3,5,3800,99,99,3,2,4,4,3,4,3,3,3,3,3,3,3,3,3,3,3,3,3,3,1,4,2,4,4,5,NA,NA,NA,NA,NA,NA,NA,NA,NA,NA,NA,NA,NA,NA,NA,NA,NA,NA,NA,NA,NA,NA,NA,NA,NA,NA,NA,237457968340064,213,1,881,3.3333333333333335,3.6666666666666665,3,2.6666666666666665,3.6,4,3.1666666666666665,3.5,4,"Higher education (e.g., university degree or higher education diploma)",Woman,47,(3),Urban,3800,8.242756345714477,"March 03, 2023"
2023-03-03 11:02:22,2023-03-03 11:14:40,0,100,738,1,2023-03-03 11:14:41,R_2azrw1WDVJ3K4vk,anonymous,FR,1,1,NA,59,4,213,5,4,1,1,3,1,1,1,1,3,3,1,3,3,NA,Sa rigueur Son indépendance Sa spécialisation Son refus d'une lecture idéologique,4,4,1,5,5,5,3,4,2,2,5,1,1,4,1,3,5,3,1,3,3,3,3,4,3,3,2,4,4,3,2,2,3,4,4,4,2,3,3,4,2,2,4,4,1,5,5,5,1,2,4,2,4,1,1,1,1,2,3,3,3,1,3,3,3,4,1,3,1,3,1,2,2,1,2,1,3,2,2,1,2,1,3,3600,4,5,4,2,3,2,4,3,2,2,3,4,4,1,1,1,3,4,4,1,1,1,4,4,5,5,5,7,NA,NA,NA,NA,NA,NA,NA,NA,NA,NA,NA,NA,NA,NA,NA,NA,NA,NA,NA,NA,NA,NA,NA,NA,NA,NA,NA,237457967318209,213,1,884,3,3.6666666666666665,3.3333333333333335,2.3333333333333335,2.4,3,3.0833333333333335,3.3333333333333335,4,"Higher education (e.g., university degree or higher education diploma)",Man,59,(4),Urban,3600,8.1886891244442,"March 03, 2023"
2023-03-03 11:01:49,2023-03-03 11:15:37,0,100,827,1,2023-03-03 11:15:38,R_2pW4il0gH1n5Twa,anonymous,FR,1,0,NA,67,3,213,1,1,2,1,1,1,1,1,2,2,3,1,1,1,NA,ses résultats,2,3,1,5,4,4,4,4,3,3,3,1,2,2,2,5,1,4,4,3,3,3,3,4,2,3,2,4,3,2,2,3,2,4,4,4,2,1,3,3,3,4,3,3,1,10,1,10,2,2,5,2,2,2,2,2,2,4,2,2,1,5,3,2,1,5,2,3,2,3,2,5,5,5,5,5,5,5,5,5,5,5,5,1820,99,99,1,2,3,3,3,3,3,3,3,3,3,3,3,3,2,2,2,2,2,2,4,4,2,6,6,5,NA,NA,NA,NA,NA,NA,NA,NA,NA,NA,NA,NA,NA,NA,NA,NA,NA,NA,NA,NA,NA,NA,NA,NA,NA,NA,NA,237457967342710,213,1,886,2.6666666666666665,3.6666666666666665,2.6666666666666665,2.3333333333333335,1.6,3,2.8333333333333335,3.1666666666666665,3,"Secondary education (e.g., high school)",Woman,67,Not religious at all (1),Urban,1820,7.506591780070841,"March 03, 2023"
2023-03-03 11:01:12,2023-03-03 11:23:03,0,100,1310,1,2023-03-03 11:23:03,R_3EciSwDs6creXYJ,anonymous,FR,1,1,NA,41,4,213,3,3,2,2,2,3,3,1,2,3,5,1,1,2,NA,Le savoir,5,6,5,4,5,3,3,4,4,3,4,4,4,3,4,5,5,4,4,4,3,3,3,4,4,4,2,4,4,3,3,4,4,4,5,4,3,4,2,1,1,3,2,3,1,3,1,1,1,4,3,4,3,3,3,3,4,2,2,4,3,3,4,3,3,3,1,3,3,4,1,4,4,3,4,4,4,4,4,4,4,4,4,50000,99,3,3,2,4,4,3,4,3,3,4,4,4,4,4,4,4,4,4,4,4,3,1,1,2,2,3,6,NA,NA,NA,NA,NA,NA,NA,NA,NA,NA,NA,NA,NA,NA,NA,NA,NA,NA,NA,NA,NA,NA,NA,NA,NA,NA,NA,237457967320271,213,1,889,3.3333333333333335,4,3.6666666666666665,2.6666666666666665,4,4,3.4166666666666665,3.6666666666666665,4,"Higher education (e.g., university degree or higher education diploma)",Man,41,(3),Urban,50000,10.819778284410283,"March 03, 2023"
2023-03-03 10:59:26,2023-03-03 11:24:12,0,100,1485,1,2023-03-03 11:24:13,R_3itkjbsDYU6lQF3,anonymous,FR,1,0,NA,25,4,213,1,4,5,7,3,3,7,2,1,4,4,2,2,1,"La population dans son ensemble. Plus la sience se développe, mieux la société s'en porte (sauf dans le domaine de la guerre)",NA,5,4,1,5,5,4,1,2,2,1,5,5,4,5,5,5,1,5,2,4,3,4,3,4,4,4,2,4,4,4,3,5,4,4,4,4,3,3,2,2,2,3,2,1,1,8,1,10,1,4,5,4,2,5,2,1,3,4,1,2,1,5,2,1,2,3,4,3,4,4,2,5,5,5,5,5,5,5,5,5,5,5,5,33000,1,1,1,1,4,5,5,4,2,4,4,4,4,3,3,3,4,4,5,4,3,3,1,1,6,2,4,6,NA,NA,NA,NA,NA,NA,NA,NA,NA,NA,NA,NA,NA,NA,NA,NA,NA,NA,NA,NA,NA,NA,NA,NA,NA,NA,NA,237457968489570,213,1,891,4,4,3.6666666666666665,2.6666666666666665,4,5,3.5833333333333335,4,4,"Higher education (e.g., university degree or higher education diploma)",Woman,25,Not religious at all (1),Rural,33000,10.404262840448617,"March 03, 2023"
2023-03-03 11:06:35,2023-03-03 11:26:08,0,100,1172,1,2023-03-03 11:26:08,R_3iVcNrUiW10IimI,anonymous,FR,1,0,NA,50,4,213,3,2,4,3,2,3,4,2,6,4,4,4,4,3,Les vert et les médias,NA,5,4,1,5,3,3,4,5,5,5,3,2,3,3,4,4,5,2,3,5,5,4,4,3,2,4,4,4,3,4,3,5,4,5,5,5,5,5,4,5,5,5,5,5,1,NA,NA,10,1,5,5,NA,NA,NA,NA,NA,NA,NA,NA,5,5,5,5,5,5,5,4,4,2,4,4,5,5,5,5,5,4,5,5,4,5,5,5,3000,5,NA,5,2,5,3,5,4,5,3,5,5,2,2,5,3,5,3,4,2,4,5,7,4,9,7,7,8,NA,NA,NA,NA,NA,NA,NA,NA,NA,NA,NA,NA,NA,NA,NA,NA,NA,NA,NA,NA,NA,NA,NA,NA,NA,NA,NA,237457967360232,213,1,893,4,4,3.3333333333333335,3.6666666666666665,3.4,5,3.75,4,4,"Higher education (e.g., university degree or higher education diploma)",Woman,50,Very strongly religious (5),Urban,3000,8.006367567650246,"March 03, 2023"
2023-03-03 10:54:15,2023-03-03 11:26:55,0,100,1960,1,2023-03-03 11:26:56,R_1gFNXiGtBzwlNEw,anonymous,FR,1,0,NA,61,3,213,3,3,3,2,2,1,2,1,2,3,3,1,2,1,NA,la simpliciité,3,4,1,5,3,5,4,3,3,2,2,5,4,5,5,5,5,5,5,4,4,4,3,4,4,4,4,4,4,4,4,4,4,4,4,4,3,3,4,3,4,3,3,3,1,8,6,5,4,4,1,1,2,2,1,1,1,2,1,2,2,4,3,3,3,3,1,3,2,4,2,3,4,4,4,4,4,3,4,4,4,4,4,32000,99,99,2,1,4,4,4,3,4,4,4,4,4,3,4,4,4,4,4,3,4,4,5,4,5,6,5,5,NA,NA,NA,NA,NA,NA,NA,NA,NA,NA,NA,NA,NA,NA,NA,NA,NA,NA,NA,NA,NA,NA,NA,NA,NA,NA,NA,237457967351967,213,1,894,4,4,4,3.6666666666666665,4.8,3,3.9166666666666665,4,3,"Secondary education (e.g., high school)",Woman,61,(2),Rural,32000,10.373491181781864,"March 03, 2023"
2023-03-03 11:08:25,2023-03-03 11:31:39,0,100,1394,1,2023-03-03 11:31:39,R_Q5jgrQocT8ReA9z,anonymous,FR,1,1,NA,62,3,213,1,4,6,3,3,4,2,1,2,3,3,1,1,1,NA,Les scientifiques dignes de confiance sont ceux qui sont indépendants et ne travaillent pas pour les lobbies.,2,6,1,5,5,5,4,3,3,1,3,2,3,4,2,4,5,4,4,4,3,3,3,4,4,4,4,4,4,4,3,5,4,4,4,4,5,1,3,4,4,4,4,4,1,7,9,5,3,2,3,2,2,1,1,1,1,2,1,1,1,1,1,1,1,5,1,2,2,3,3,3,4,4,5,4,5,4,5,4,5,4,5,2000,99,99,1,2,4,3,4,3,1,2,5,4,5,3,1,2,4,3,4,3,1,1,4,7,9,1,7,4,NA,NA,NA,NA,NA,NA,NA,NA,NA,NA,NA,NA,NA,NA,NA,NA,NA,NA,NA,NA,NA,NA,NA,NA,NA,NA,NA,237457967863885,213,1,899,3.6666666666666665,4,3.6666666666666665,3.3333333333333335,3.2,3,3.6666666666666665,3.8333333333333335,3,"Secondary education (e.g., high school)",Man,62,Not religious at all (1),Urban,2000,7.600902459542082,"March 03, 2023"
2023-03-03 11:23:00,2023-03-03 11:32:16,0,100,556,1,2023-03-03 11:32:17,R_1jcBa6ekMdrMjAI,anonymous,FR,1,0,NA,38,4,213,1,2,1,1,3,3,2,1,1,1,1,1,1,1,NA,LE FAIT QUE CE SOIT CONCRET,3,4,1,4,5,3,3,4,5,3,4,1,1,3,1,2,5,3,3,3,3,4,3,4,3,3,3,5,3,4,1,2,3,1,1,1,1,1,3,1,3,2,3,3,1,7,10,5,6,4,5,4,1,2,1,5,1,4,1,1,1,5,1,1,1,5,4,3,3,3,1,4,4,4,1,4,5,4,4,4,1,4,5,38000,99,99,1,2,3,3,3,3,3,3,3,3,4,5,2,3,4,4,4,4,3,4,1,1,3,7,7,7,NA,NA,NA,NA,NA,NA,NA,NA,NA,NA,NA,NA,NA,NA,NA,NA,NA,NA,NA,NA,NA,NA,NA,NA,NA,NA,NA,237457968334078,213,1,900,3.6666666666666665,4,3,2.3333333333333335,2.2,3,3.25,3.8333333333333335,4,"Higher education (e.g., university degree or higher education diploma)",Woman,38,Not religious at all (1),Urban,38000,10.545341438708522,"March 03, 2023"
2023-03-03 11:19:15,2023-03-03 11:32:21,0,100,785,1,2023-03-03 11:32:21,R_1lsesChkeX5p7Oh,anonymous,FR,1,0,NA,24,4,213,1,1,1,1,1,1,3,1,2,2,3,1,1,1,NA,"Ses recommandations, ses publications, ne nombre de fois où il est cité",3,4,1,4,4,4,4,4,3,2,4,4,3,4,3,4,3,3,3,4,4,4,3,4,3,4,3,4,4,4,3,4,4,3,3,3,3,3,3,3,3,3,3,3,1,4,4,5,5,3,4,4,2,3,2,2,3,4,2,2,2,2,2,2,3,3,3,3,3,3,3,4,4,4,4,4,4,4,4,4,4,4,4,9000,3,3,4,2,3,4,4,4,3,3,4,3,3,3,3,3,4,4,4,4,2,3,3,3,4,3,4,7,NA,NA,NA,NA,NA,NA,NA,NA,NA,NA,NA,NA,NA,NA,NA,NA,NA,NA,NA,NA,NA,NA,NA,NA,NA,NA,NA,237361103599753,213,1,901,4,4,3.6666666666666665,3,3.4,3,3.6666666666666665,4,4,"Higher education (e.g., university degree or higher education diploma)",Woman,24,(4),Urban,9000,9.104979856318357,"March 03, 2023"
2023-03-03 11:29:48,2023-03-03 11:35:31,0,100,342,1,2023-03-03 11:35:32,R_10UayARACjEfGAU,anonymous,FR,1,0,NA,39,4,213,1,5,3,1,1,1,1,1,1,4,4,3,3,1,Ras,NA,2,4,3,3,3,2,4,3,3,2,3,3,4,1,2,3,3,3,3,2,3,3,3,3,2,3,4,3,3,2,2,2,3,2,3,2,3,4,4,5,4,3,2,2,1,6,6,5,6,3,3,3,4,3,1,2,4,3,2,3,2,2,2,2,3,4,3,2,1,2,1,4,3,3,2,3,3,3,3,3,4,3,3,20000,3,3,2,1,3,3,2,2,2,2,2,4,1,2,2,3,3,2,3,3,2,2,4,4,4,4,4,3,NA,NA,NA,NA,NA,NA,NA,NA,NA,NA,NA,NA,NA,NA,NA,NA,NA,NA,NA,NA,NA,NA,NA,NA,NA,NA,NA,237457967335478,213,1,902,2.6666666666666665,2.6666666666666665,2.6666666666666665,3,2.6,3,2.75,2.6666666666666665,4,"Higher education (e.g., university degree or higher education diploma)",Woman,39,(2),Rural,20000,9.903487552536127,"March 03, 2023"
2023-03-03 07:57:09,2023-03-03 11:39:15,0,100,13326,1,2023-03-03 11:39:16,R_3e8jyunfrho7Y8t,anonymous,FR,1,0,NA,21,4,213,3,2,3,2,2,1,2,1,1,2,4,1,1,1,"Les lobys. Car ce sont eux qui dirige toutes les études, les financement etc..",NA,2,1,5,5,3,3,3,2,2,2,2,4,3,2,2,4,5,3,4,3,2,4,3,4,2,4,1,4,4,3,3,4,3,4,4,4,4,2,3,4,2,3,2,2,1,7,6,8,4,5,4,4,1,4,3,3,3,5,1,1,1,5,1,1,1,5,3,3,3,3,4,4,4,4,4,1,5,5,5,5,5,5,5,1100,99,5,4,2,5,5,5,5,5,5,4,4,3,3,3,3,4,4,3,3,3,3,2,2,9,5,4,3,NA,NA,NA,NA,NA,NA,NA,NA,NA,NA,NA,NA,NA,NA,NA,NA,NA,NA,NA,NA,NA,NA,NA,NA,NA,NA,NA,237361108019259,213,1,906,3.6666666666666665,3.6666666666666665,2.6666666666666665,2.3333333333333335,3.2,3,3.0833333333333335,3.6666666666666665,4,"Higher education (e.g., university degree or higher education diploma)",Woman,21,(4),Urban,1100,7.003065458786462,"March 03, 2023"
2023-03-03 11:27:03,2023-03-03 11:40:26,0,100,802,1,2023-03-03 11:40:26,R_2eR2NuIctrt915d,anonymous,FR,1,0,NA,31,3,213,4,3,7,1,3,3,7,1,1,1,5,1,1,1,"Tout le monde. Plus on en sait, mieux on comprend, moins on a peur, plus on avance.",NA,5,4,1,5,5,3,3,5,5,2,2,2,2,2,2,5,5,4,3,4,3,4,3,4,4,4,5,5,4,4,4,5,4,5,5,5,2,2,2,1,3,3,1,2,1,6,6,5,2,5,2,3,3,1,1,1,1,3,2,5,3,1,4,3,4,1,3,3,3,3,2,3,3,3,3,3,3,4,4,4,4,4,4,3000,1,99,1,1,5,5,5,4,5,3,5,5,5,3,5,4,5,5,5,3,5,3,1,1,5,4,7,5,NA,NA,NA,NA,NA,NA,NA,NA,NA,NA,NA,NA,NA,NA,NA,NA,NA,NA,NA,NA,NA,NA,NA,NA,NA,NA,NA,237457968337973,213,1,907,4,4.333333333333333,3.6666666666666665,4,2.6,5,4,4.166666666666667,3,"Secondary education (e.g., high school)",Woman,31,Not religious at all (1),Rural,3000,8.006367567650246,"March 03, 2023"
2023-03-03 11:28:18,2023-03-03 11:42:36,0,100,858,1,2023-03-03 11:42:37,R_1LIIrA6ObDCRW99,anonymous,FR,1,0,NA,18,4,213,6,5,4,3,4,4,7,4,3,4,4,3,2,1,NA,"Études menées, verifiabilité",3,4,1,5,5,5,3,4,4,2,3,1,3,3,3,4,5,5,3,4,4,3,3,5,3,4,4,4,4,3,2,3,4,4,3,3,5,2,2,4,3,4,2,2,1,7,1,6,1,3,1,4,2,3,4,4,4,3,1,3,2,4,2,2,3,4,3,3,2,3,3,5,5,5,5,5,5,5,5,4,4,4,5,46000,99,3,3,1,3,4,4,2,3,3,4,4,5,4,3,2,3,4,4,4,3,3,1,6,6,7,7,4,NA,NA,NA,NA,NA,NA,NA,NA,NA,NA,NA,NA,NA,NA,NA,NA,NA,NA,NA,NA,NA,NA,NA,NA,NA,NA,NA,237298314577049,213,1,910,3.3333333333333335,4.333333333333333,3.6666666666666665,3,3,4,3.5833333333333335,3.8333333333333335,4,"Higher education (e.g., university degree or higher education diploma)",Woman,18,(3),Rural,46000,10.736396675471232,"March 03, 2023"
2023-03-03 11:35:07,2023-03-03 11:43:56,0,100,528,1,2023-03-03 11:43:57,R_12i47TL5cqPccya,anonymous,FR,1,1,NA,27,3,213,2,2,2,1,2,1,2,1,1,2,3,3,1,1,NA,Le fait qu'il n'a pas de conflit d'intérêt avec un groupe pharmaceutique,4,6,1,5,5,5,3,4,4,4,3,3,3,3,2,5,5,4,3,4,3,4,3,4,4,4,3,4,3,4,3,4,3,4,4,4,4,3,3,3,3,3,3,4,1,6,5,6,6,4,4,3,2,2,3,2,4,4,4,1,1,5,2,2,1,4,1,3,3,3,1,4,5,4,4,3,4,4,5,3,4,3,4,19000,2,2,1,1,4,4,4,4,3,4,4,4,4,4,4,4,4,4,4,4,4,4,2,4,5,7,6,3,NA,NA,NA,NA,NA,NA,NA,NA,NA,NA,NA,NA,NA,NA,NA,NA,NA,NA,NA,NA,NA,NA,NA,NA,NA,NA,NA,237457968466109,213,1,911,4,4,3.3333333333333335,3,3.2,3,3.5833333333333335,4,3,"Secondary education (e.g., high school)",Man,27,Not religious at all (1),Rural,19000,9.852194258148577,"March 03, 2023"
2023-03-03 11:28:53,2023-03-03 11:47:56,0,100,1142,1,2023-03-03 11:47:56,R_1lysK2JQFhUMFz6,anonymous,FR,1,0,NA,22,4,213,4,5,7,6,7,1,7,1,1,5,7,1,6,1,"Les personnes étant hospitalisées, les chercheurs, les scientifiques",NA,5,4,1,5,5,5,3,5,5,1,5,3,3,1,5,5,3,5,5,4,3,4,5,4,3,4,3,4,3,5,4,5,3,5,5,5,5,1,1,3,3,3,1,1,1,10,10,10,1,3,5,5,1,5,4,3,3,5,1,1,1,5,2,1,1,5,3,3,3,3,2,5,5,3,5,3,4,5,5,5,5,5,5,18000,99,3,3,2,4,4,4,3,1,1,4,4,4,1,1,1,4,3,4,2,1,1,1,3,8,1,6,3,NA,NA,NA,NA,NA,NA,NA,NA,NA,NA,NA,NA,NA,NA,NA,NA,NA,NA,NA,NA,NA,NA,NA,NA,NA,NA,NA,237361110212658,213,1,913,4.333333333333333,4,3,4,3,5,3.8333333333333335,4.166666666666667,4,"Higher education (e.g., university degree or higher education diploma)",Woman,22,(3),Urban,18000,9.798127036878302,"March 03, 2023"
2023-03-03 11:25:06,2023-03-03 11:49:25,0,100,1458,1,2023-03-03 11:49:25,R_1LqvPg8ON8aaHC5,anonymous,FR,1,0,NA,68,4,213,4,4,4,2,3,3,1,1,2,3,4,1,1,1,"Question difficile. Je dirais en premier lieu les Scientifiques qui ont les joies (et les déceptions) de la recherche, ensuite l'industrie qui commercialise les découvertes, les gouvernementset enfin les individus",NA,3,6,1,4,4,3,3,3,4,2,3,2,2,3,4,2,5,5,4,4,5,4,4,5,4,5,4,5,5,4,2,5,4,4,4,4,4,3,1,1,2,2,1,4,1,9,3,8,1,3,1,1,3,1,1,1,1,1,2,3,4,2,4,3,3,1,2,3,3,3,2,2,1,2,2,2,2,2,2,2,2,2,2,70000,2,3,1,2,3,4,4,3,3,3,4,4,4,2,3,3,3,4,4,2,2,2,3,1,1,1,6,6,NA,NA,NA,NA,NA,NA,NA,NA,NA,NA,NA,NA,NA,NA,NA,NA,NA,NA,NA,NA,NA,NA,NA,NA,NA,NA,NA,237457968337985,213,1,914,4.333333333333333,4.666666666666667,4.666666666666667,3.3333333333333335,3.2,4,4.25,4.5,4,"Higher education (e.g., university degree or higher education diploma)",Woman,68,Not religious at all (1),Urban,70000,11.156250521031495,"March 03, 2023"
2023-03-03 11:19:06,2023-03-03 11:50:50,0,100,1904,1,2023-03-03 11:50:51,R_1ptwFOBHaM9ApP5,anonymous,FR,1,1,NA,34,4,213,1,3,4,4,3,2,4,4,4,5,5,3,3,2,"Tout le monde bénéficie de la science puisque les sciences sont utiles dans tous les domaines de notre société. La santé, le climat, nos transports... tout est lié aux sciences",NA,5,4,1,4,5,5,2,4,3,3,5,5,2,4,5,5,2,5,3,4,4,4,4,4,4,4,4,4,4,4,4,2,4,4,4,4,4,3,2,2,4,4,3,2,1,10,1,10,1,5,5,3,1,4,3,3,3,4,1,1,1,5,1,1,1,4,2,3,3,3,3,5,5,5,5,5,5,5,5,5,5,5,5,1700,2,2,1,2,4,4,4,4,4,4,3,4,5,5,3,3,4,4,4,4,4,4,1,1,2,6,4,5,NA,NA,NA,NA,NA,NA,NA,NA,NA,NA,NA,NA,NA,NA,NA,NA,NA,NA,NA,NA,NA,NA,NA,NA,NA,NA,NA,237457968434308,213,1,915,4,4,4,4,3.6,5,4,4,4,"Higher education (e.g., university degree or higher education diploma)",Man,34,Not religious at all (1),Urban,1700,7.438383530044307,"March 03, 2023"
2023-03-03 11:42:15,2023-03-03 11:54:18,0,100,722,1,2023-03-03 11:54:18,R_r6yy5nyG24Tv0NH,anonymous,FR,1,0,NA,47,4,213,3,4,1,1,4,5,1,1,5,4,3,1,1,1,NA,que son discours soit étayé par des faits,3,6,1,5,5,5,1,1,1,1,5,3,3,3,3,5,5,4,4,3,3,1,3,3,3,2,1,4,3,1,1,3,2,3,3,3,1,5,5,3,5,5,5,5,1,7,7,10,1,3,3,1,3,3,1,1,1,5,3,1,1,1,3,1,1,1,1,4,3,4,1,3,3,3,3,3,3,3,3,3,3,3,3,3500,99,99,1,2,3,3,3,3,3,3,1,1,1,1,1,1,2,2,2,2,2,2,4,4,5,4,1,5,NA,NA,NA,NA,NA,NA,NA,NA,NA,NA,NA,NA,NA,NA,NA,NA,NA,NA,NA,NA,NA,NA,NA,NA,NA,NA,NA,237457967890531,213,1,920,1.3333333333333333,3.3333333333333335,3,1.6666666666666667,3.4,3,2.3333333333333335,2.3333333333333335,4,"Higher education (e.g., university degree or higher education diploma)",Woman,47,Not religious at all (1),Urban,3500,8.160518247477505,"March 03, 2023"
2023-03-03 11:40:43,2023-03-03 11:57:43,0,100,1019,1,2023-03-03 11:57:43,R_2DOEOrTkDRP1vAi,anonymous,FR,1,0,NA,52,3,213,2,3,2,2,2,1,2,1,1,2,3,3,2,2,Les laboratoires pharmaceutiques,NA,5,1,5,5,5,5,5,1,1,1,1,3,3,1,3,5,1,5,5,3,3,3,2,4,3,3,2,4,4,2,2,2,1,1,1,2,5,5,5,5,2,5,5,5,1,10,10,10,1,2,5,4,1,4,1,3,1,4,2,1,1,5,1,1,1,5,1,2,4,3,1,5,5,5,5,5,5,5,5,5,5,5,5,22000,99,2,5,2,3,3,2,2,1,2,1,1,1,2,3,3,3,2,3,1,1,2,1,7,9,1,7,7,NA,NA,NA,NA,NA,NA,NA,NA,NA,NA,NA,NA,NA,NA,NA,NA,NA,NA,NA,NA,NA,NA,NA,NA,NA,NA,NA,237361103499352,213,1,922,2.6666666666666665,3.6666666666666665,3.3333333333333335,2,2.2,5,2.9166666666666665,3.1666666666666665,3,"Secondary education (e.g., high school)",Woman,52,Very strongly religious (5),Urban,22000,9.998797732340453,"March 03, 2023"
2023-03-03 11:49:20,2023-03-03 12:00:57,0,100,697,1,2023-03-03 12:00:58,R_bHJd1TkaJBIymR3,anonymous,FR,1,0,NA,19,3,213,2,4,4,6,4,2,4,2,3,6,5,3,3,1,NA,Quelqu'un qui se base sur de bons fondements. Qui recherche la verité et non ce qui l'arrange.,4,4,1,5,5,3,5,5,5,2,4,2,2,5,4,5,5,5,4,4,4,4,3,5,4,5,5,5,4,4,4,4,5,5,5,5,4,2,1,4,4,5,3,2,1,10,10,10,1,5,1,1,1,5,5,1,1,1,1,1,1,4,4,1,1,2,2,3,1,3,1,5,5,5,5,5,5,5,5,5,5,5,5,1350,99,99,1,1,5,4,4,4,2,2,3,4,3,5,1,1,4,4,4,5,4,3,4,2,6,5,4,6,NA,NA,NA,NA,NA,NA,NA,NA,NA,NA,NA,NA,NA,NA,NA,NA,NA,NA,NA,NA,NA,NA,NA,NA,NA,NA,NA,237457967839364,213,1,924,4.333333333333333,4.666666666666667,4,4,3.6,5,4.25,4.5,3,"Secondary education (e.g., high school)",Woman,19,Not religious at all (1),Rural,1350,7.2078598714324755,"March 03, 2023"
2023-03-03 11:39:25,2023-03-03 12:01:24,0,100,1318,1,2023-03-03 12:01:24,R_12SyMeh59QHl0Pl,anonymous,FR,1,0,NA,47,4,213,4,4,5,3,4,1,3,3,3,3,4,2,2,1,NA,Son employeur et ses intérêts personnels dans ses recherches,4,4,5,5,4,4,4,4,4,4,4,4,5,3,5,5,1,5,4,4,3,4,3,4,3,4,4,4,3,3,3,4,3,4,4,4,4,2,3,4,3,4,2,3,1,8,8,1,4,2,4,3,2,3,1,1,2,4,2,1,2,3,3,2,2,5,1,2,1,3,1,2,2,3,2,3,3,4,4,4,4,4,4,35000,4,5,4,1,3,4,4,3,3,2,3,4,4,3,3,3,4,4,5,3,3,2,3,4,7,2,2,7,NA,NA,NA,NA,NA,NA,NA,NA,NA,NA,NA,NA,NA,NA,NA,NA,NA,NA,NA,NA,NA,NA,NA,NA,NA,NA,NA,237457968498698,213,1,925,3.6666666666666665,4,3,3.3333333333333335,3.6,4,3.5,3.8333333333333335,4,"Higher education (e.g., university degree or higher education diploma)",Woman,47,(4),Rural,35000,10.46310334047155,"March 03, 2023"
2023-03-03 11:54:32,2023-03-03 12:04:11,0,100,578,1,2023-03-03 12:04:12,R_1MWppWIFkQ7HwLN,anonymous,FR,1,0,NA,42,4,213,2,5,2,3,1,1,1,1,2,2,5,1,1,1,la médecine car elle progresse tous les jours avec la recherche,NA,3,6,1,5,5,4,4,5,4,2,4,5,5,5,5,5,5,5,5,5,5,5,4,5,5,4,5,5,4,4,4,5,5,5,4,4,4,3,3,4,5,5,2,5,1,10,10,10,10,4,4,3,2,1,3,2,3,4,3,2,2,4,2,1,1,3,3,3,3,3,2,5,5,5,5,5,5,5,5,5,5,5,5,2300,99,99,1,2,4,4,4,4,4,4,5,5,5,5,5,5,5,5,5,5,5,5,1,4,6,6,4,6,NA,NA,NA,NA,NA,NA,NA,NA,NA,NA,NA,NA,NA,NA,NA,NA,NA,NA,NA,NA,NA,NA,NA,NA,NA,NA,NA,237457967325419,213,1,928,4.333333333333333,5,4.666666666666667,4.333333333333333,5,4,4.583333333333333,4.666666666666667,4,"Higher education (e.g., university degree or higher education diploma)",Woman,42,Not religious at all (1),Urban,2300,7.7406644019172415,"March 03, 2023"
2023-03-03 11:52:33,2023-03-03 12:07:15,0,100,881,1,2023-03-03 12:07:15,R_rovTU5fmUyeR7Lb,anonymous,FR,1,0,NA,60,3,213,1,6,1,1,1,1,1,1,1,3,3,1,1,1,NA,Ses diplomes,1,4,4,5,3,3,4,3,2,1,3,1,1,3,1,5,5,5,5,4,4,3,1,5,4,4,3,4,4,3,3,4,5,4,4,5,3,2,2,1,1,1,1,1,1,10,6,4,1,3,5,1,1,3,1,1,1,3,3,1,1,5,1,1,1,5,1,2,1,3,1,5,5,5,5,5,5,5,5,5,5,5,5,51000,99,4,1,1,5,5,4,1,1,2,3,3,3,1,3,3,4,4,4,1,2,3,2,7,9,1,1,6,NA,NA,NA,NA,NA,NA,NA,NA,NA,NA,NA,NA,NA,NA,NA,NA,NA,NA,NA,NA,NA,NA,NA,NA,NA,NA,NA,237457968326797,213,1,931,3.3333333333333335,4.333333333333333,4,2.3333333333333335,2.2,4,3.5,3.8333333333333335,3,"Secondary education (e.g., high school)",Woman,60,Not religious at all (1),Rural,51000,10.839580911706463,"March 03, 2023"
2023-03-03 11:42:46,2023-03-03 12:09:35,0,100,1608,1,2023-03-03 12:09:36,R_6eSxvEnJ6ixOzYJ,anonymous,FR,1,0,NA,43,4,213,1,2,2,1,1,2,1,1,1,3,5,4,4,1,NA,Les explications détaillées,2,4,1,5,4,4,3,3,3,3,2,1,1,1,1,5,5,2,2,2,1,2,2,4,2,2,2,3,2,2,2,2,2,3,2,2,3,2,5,5,3,4,3,3,1,10,5,7,1,2,3,2,2,4,3,3,3,4,3,3,3,3,3,3,4,2,2,3,3,3,1,1,1,1,1,1,1,1,1,1,1,1,1,30000,2,2,2,1,3,3,3,2,3,2,3,3,3,3,3,3,2,2,2,2,2,2,6,6,7,6,6,2,NA,NA,NA,NA,NA,NA,NA,NA,NA,NA,NA,NA,NA,NA,NA,NA,NA,NA,NA,NA,NA,NA,NA,NA,NA,NA,NA,237457967351969,213,1,932,2,3,1.6666666666666667,2,1.8,4,2.1666666666666665,2.5,4,"Higher education (e.g., university degree or higher education diploma)",Woman,43,(2),Rural,30000,10.308952660644293,"March 03, 2023"
2023-03-03 11:29:47,2023-03-03 12:13:21,0,100,2614,1,2023-03-03 12:13:22,R_UQGcwPg9me0tIHf,anonymous,FR,1,0,NA,45,4,213,1,6,5,3,2,1,5,2,1,3,3,2,1,1,NA,Ce qui rend les scientifiques dignes de confiance c’est le respect de l’éthique scientifique et l’indépendance par rapport aux politiques ou aux industries,3,6,1,4,5,4,3,5,5,2,5,3,2,5,3,5,5,5,1,4,5,4,2,4,4,4,4,4,4,4,2,4,4,5,4,4,3,2,2,2,1,1,2,1,1,10,3,10,1,5,4,3,1,4,2,3,4,5,1,2,1,3,2,1,2,3,3,3,3,3,3,4,5,5,5,4,5,5,5,5,5,5,5,70000,2,2,3,1,5,4,4,4,5,5,5,4,4,5,4,3,4,4,5,4,3,3,1,1,8,7,4,7,NA,NA,NA,NA,NA,NA,NA,NA,NA,NA,NA,NA,NA,NA,NA,NA,NA,NA,NA,NA,NA,NA,NA,NA,NA,NA,NA,237457967299645,213,1,933,4,4,4.333333333333333,2.6666666666666665,3.6,5,3.75,4,4,"Higher education (e.g., university degree or higher education diploma)",Woman,45,(3),Rural,70000,11.156250521031495,"March 03, 2023"
2023-03-03 12:02:21,2023-03-03 12:14:30,0,100,729,1,2023-03-03 12:14:31,R_2OJvIo0uQW0Hczx,anonymous,FR,1,0,NA,24,4,213,2,4,5,5,5,4,6,4,4,4,6,5,5,1,NA,Un scientifique qui n’hésite pas à contredire les pouvoirs politiques,5,4,1,5,5,5,1,5,5,3,1,4,1,4,4,5,3,4,4,4,4,2,4,5,4,4,2,4,4,2,2,4,4,5,3,5,4,2,2,4,3,3,2,2,1,10,2,7,1,4,3,4,2,4,2,4,5,4,1,2,1,4,1,1,2,4,4,3,3,3,1,5,5,5,5,2,5,5,5,5,5,2,5,2000,1,1,1,2,5,5,5,5,2,3,4,3,3,1,4,1,4,5,5,3,2,1,1,1,4,5,7,3,NA,NA,NA,NA,NA,NA,NA,NA,NA,NA,NA,NA,NA,NA,NA,NA,NA,NA,NA,NA,NA,NA,NA,NA,NA,NA,NA,237457967882257,213,1,934,2.6666666666666665,4.333333333333333,4,2.6666666666666665,3.2,4,3.4166666666666665,3.5,4,"Higher education (e.g., university degree or higher education diploma)",Woman,24,Not religious at all (1),Urban,2000,7.600902459542082,"March 03, 2023"
2023-03-03 11:49:37,2023-03-03 12:18:51,0,100,1753,1,2023-03-03 12:18:51,R_3PoSjq50Hqsj2L8,anonymous,FR,1,1,NA,23,4,213,1,2,3,3,2,3,4,2,3,2,2,3,2,1,NA,"Ses années d'expérience, ses travaux réalisés",4,4,5,4,5,3,3,5,2,3,4,4,4,5,4,5,2,4,3,3,4,3,2,4,3,3,4,4,4,3,2,3,4,4,2,3,3,3,4,3,3,4,2,3,1,9,3,7,2,3,2,4,3,3,2,3,2,2,1,2,1,3,2,2,2,4,2,2,2,3,1,5,5,5,5,5,5,5,5,5,5,5,5,2840,99,99,1,2,4,4,5,5,3,3,3,4,4,2,3,2,4,5,4,4,3,3,1,1,5,3,3,4,NA,NA,NA,NA,NA,NA,NA,NA,NA,NA,NA,NA,NA,NA,NA,NA,NA,NA,NA,NA,NA,NA,NA,NA,NA,NA,NA,237457968471070,213,1,937,3,3.6666666666666665,3.6666666666666665,2.6666666666666665,3.8,3,3.25,3.3333333333333335,4,"Higher education (e.g., university degree or higher education diploma)",Man,23,Not religious at all (1),Urban,2840,7.951559331155252,"March 03, 2023"
2023-03-03 12:11:27,2023-03-03 12:19:30,0,100,482,1,2023-03-03 12:19:30,R_DiAq2hLe7Y6T1LP,anonymous,FR,1,1,NA,26,4,213,6,1,5,1,4,1,5,5,2,5,5,5,5,1,Tout le monde,NA,5,4,1,3,4,4,1,5,4,2,5,1,1,4,3,4,5,4,4,3,4,4,3,4,4,4,4,3,3,4,5,4,4,2,2,2,4,4,1,1,3,2,2,3,1,7,4,8,3,4,4,2,3,3,2,2,2,2,2,1,1,3,2,2,2,3,3,3,3,3,2,4,4,4,4,4,4,4,4,4,4,4,4,19500,99,99,1,2,4,4,4,4,4,4,4,4,4,4,2,2,4,4,4,4,4,4,1,1,1,5,3,8,NA,NA,NA,NA,NA,NA,NA,NA,NA,NA,NA,NA,NA,NA,NA,NA,NA,NA,NA,NA,NA,NA,NA,NA,NA,NA,NA,237457968327841,213,1,939,4,3.3333333333333335,3.6666666666666665,4,2.8,4,3.75,3.6666666666666665,4,"Higher education (e.g., university degree or higher education diploma)",Man,26,Not religious at all (1),Urban,19500,9.878169744551839,"March 03, 2023"
2023-03-03 12:10:39,2023-03-03 12:24:00,0,100,801,1,2023-03-03 12:24:01,R_2rVniKR0Rhrz1qa,anonymous,FR,1,0,NA,53,3,213,1,3,1,1,1,1,1,1,1,1,1,1,1,1,NA,Je ne crois pas qu'il en existe un ou une digne de confiance,2,4,4,4,4,3,3,2,2,2,2,2,2,2,2,2,2,3,3,3,3,3,3,3,3,3,3,3,3,3,3,2,2,1,1,1,4,4,4,3,3,4,4,3,1,8,3,8,1,2,1,1,1,1,1,1,1,1,1,3,3,3,3,3,3,2,1,3,3,3,1,3,3,3,3,3,3,3,3,3,3,3,3,37000,99,99,1,2,3,3,3,3,3,3,3,3,3,3,3,3,3,3,3,3,3,3,4,4,6,5,5,5,NA,NA,NA,NA,NA,NA,NA,NA,NA,NA,NA,NA,NA,NA,NA,NA,NA,NA,NA,NA,NA,NA,NA,NA,NA,NA,NA,237457968330934,213,1,940,3,3,3,3,2,2,3,3,3,"Secondary education (e.g., high school)",Woman,53,Not religious at all (1),Urban,37000,10.51867319162636,"March 03, 2023"
2023-03-03 11:53:03,2023-03-03 12:25:09,0,100,1925,1,2023-03-03 12:25:09,R_2U4nMHh9RmEvxcT,anonymous,FR,1,0,NA,65,3,213,1,3,1,2,5,1,1,3,1,3,3,3,3,1,NA,"ses compétences , sa vision sur l'avenir",3,4,1,5,5,5,2,4,2,1,4,1,3,3,2,5,5,3,5,3,4,5,2,4,3,4,4,4,4,5,5,5,5,5,5,5,4,3,1,5,4,4,2,3,1,6,6,10,1,5,4,5,2,3,3,3,3,2,1,1,1,5,2,1,1,5,2,3,3,3,2,4,5,4,5,4,5,5,5,5,5,5,5,11429,4,1,2,2,3,4,3,5,2,3,2,4,4,5,1,2,3,4,3,5,2,3,1,4,8,4,4,3,NA,NA,NA,NA,NA,NA,NA,NA,NA,NA,NA,NA,NA,NA,NA,NA,NA,NA,NA,NA,NA,NA,NA,NA,NA,NA,NA,237457967342711,213,1,942,4.666666666666667,3.6666666666666665,3.6666666666666665,3.6666666666666665,2.8,3,3.9166666666666665,4.166666666666667,3,"Secondary education (e.g., high school)",Woman,65,(2),Urban,11429,9.343909263897597,"March 03, 2023"
2023-03-03 12:03:36,2023-03-03 12:28:41,0,100,1505,1,2023-03-03 12:28:42,R_DeGUwSTgfgsUdr3,anonymous,FR,1,1,NA,67,3,213,1,1,1,1,1,1,1,1,1,1,3,1,1,1,NA,ils sont rigoureux et méthodiques de par leur apprentissage,4,4,1,5,4,1,1,4,3,1,2,4,4,4,3,5,5,5,4,3,4,4,3,4,3,4,4,4,4,3,3,3,3,5,4,5,4,2,3,3,4,2,3,3,1,10,5,10,1,3,5,3,3,3,1,1,4,4,1,3,2,4,3,2,2,4,3,3,3,3,1,3,3,3,3,3,3,3,3,3,3,3,3,29000,99,99,1,2,3,4,3,3,3,3,3,4,3,3,3,3,3,4,3,3,3,3,2,1,7,4,4,7,NA,NA,NA,NA,NA,NA,NA,NA,NA,NA,NA,NA,NA,NA,NA,NA,NA,NA,NA,NA,NA,NA,NA,NA,NA,NA,NA,237457968495807,213,1,944,3.6666666666666665,3.6666666666666665,3.6666666666666665,3.3333333333333335,4,4,3.5833333333333335,3.6666666666666665,3,"Secondary education (e.g., high school)",Man,67,Not religious at all (1),Urban,29000,10.275051108968611,"March 03, 2023"
2023-03-03 12:17:20,2023-03-03 12:32:49,0,100,928,1,2023-03-03 12:32:49,R_3HNbNLdyX2VVBDv,anonymous,FR,1,1,NA,22,4,213,5,5,5,5,6,6,5,5,5,6,6,5,4,1,Les gens du quotidien parce que les avancées technologiques sont pour tout le monde afin d'améliorer les conditions de vie,NA,5,6,1,5,5,3,2,5,5,3,5,4,2,4,5,5,5,5,5,3,4,4,5,4,5,5,5,5,4,3,5,5,5,5,5,5,4,1,2,2,1,1,1,1,1,8,5,6,3,5,3,3,2,4,4,4,4,5,1,1,1,5,2,3,2,4,3,3,4,3,1,5,5,5,5,5,5,5,5,5,5,5,5,3000,3,99,1,2,5,5,5,5,3,3,5,5,5,5,2,5,5,5,5,4,3,4,1,1,1,2,1,6,NA,NA,NA,NA,NA,NA,NA,NA,NA,NA,NA,NA,NA,NA,NA,NA,NA,NA,NA,NA,NA,NA,NA,NA,NA,NA,NA,237457968501814,213,1,947,4,4,4.333333333333333,5,4,4,4.333333333333333,4,4,"Higher education (e.g., university degree or higher education diploma)",Man,22,Not religious at all (1),Urban,3000,8.006367567650246,"March 03, 2023"
2023-03-03 12:22:31,2023-03-03 12:34:46,0,100,734,1,2023-03-03 12:34:47,R_bdNnHLZ5hbbQu6B,anonymous,FR,1,0,NA,43,4,213,6,6,6,4,3,2,5,3,2,3,5,4,4,1,NA,"Des rapports/ouvrages publiés sur fond de preuves scientifiques, sa renommée dans la sphere scientifique, son expérience professionnelle et son parcours...",5,4,1,5,5,4,3,4,4,3,3,4,4,5,5,5,5,5,3,3,4,4,4,4,2,4,2,3,3,4,4,4,4,4,3,4,4,2,3,3,3,4,2,2,1,10,3,10,2,2,3,4,1,5,2,3,4,4,1,2,1,2,2,1,2,4,2,3,3,3,3,5,5,5,5,5,5,5,5,5,5,5,5,24000,3,3,4,2,4,4,4,4,3,3,3,3,4,4,3,3,4,4,4,4,4,3,1,2,5,3,3,6,NA,NA,NA,NA,NA,NA,NA,NA,NA,NA,NA,NA,NA,NA,NA,NA,NA,NA,NA,NA,NA,NA,NA,NA,NA,NA,NA,237457967315127,213,1,949,4,3.3333333333333335,3,3.3333333333333335,4.6,4,3.4166666666666665,3.6666666666666665,4,"Higher education (e.g., university degree or higher education diploma)",Woman,43,(4),Urban,24000,10.085809109330082,"March 03, 2023"
2023-03-03 12:16:03,2023-03-03 12:38:36,0,100,1352,1,2023-03-03 12:38:36,R_2t9KWgU7fEaWJIl,anonymous,FR,1,1,NA,48,3,213,1,1,1,1,3,2,3,1,1,3,3,3,2,1,Les hommes/femmes les plus riches. Parce qu'ils ont les moyens de financer tous les projets qui y sont liés.,NA,3,4,1,5,5,4,2,2,2,1,4,3,5,1,3,5,3,5,3,3,3,3,3,3,3,4,4,4,3,3,3,4,3,4,3,4,3,2,3,4,2,4,3,3,1,10,2,10,1,4,5,4,1,4,4,4,3,4,1,1,1,1,1,1,1,4,1,3,3,4,2,3,4,4,5,4,5,4,5,5,5,5,5,4300,99,99,1,2,3,3,3,1,1,2,3,3,2,3,2,4,3,3,3,1,1,2,1,3,7,2,3,5,NA,NA,NA,NA,NA,NA,NA,NA,NA,NA,NA,NA,NA,NA,NA,NA,NA,NA,NA,NA,NA,NA,NA,NA,NA,NA,NA,237457968498690,213,1,951,3.3333333333333335,3.3333333333333335,3,3.3333333333333335,3,4,3.25,3.3333333333333335,3,"Secondary education (e.g., high school)",Man,48,Not religious at all (1),Urban,4300,8.366370301681654,"March 03, 2023"
2023-03-03 12:09:59,2023-03-03 12:38:59,0,100,1739,1,2023-03-03 12:38:59,R_2zA2WAONq7zcSXp,anonymous,FR,1,1,NA,49,3,213,1,1,1,1,1,1,1,1,1,1,1,1,1,1,NA,ces resultat scientifique reel,3,6,1,5,5,5,2,3,3,3,3,2,1,4,1,5,3,3,3,4,4,3,3,4,4,4,4,5,4,4,4,4,4,2,2,2,4,3,3,5,2,3,4,4,1,7,10,10,1,4,4,4,2,4,3,4,3,2,1,3,3,3,3,3,3,3,1,3,4,4,1,4,4,4,4,4,4,4,4,4,4,4,4,25000,3,3,1,2,3,3,3,3,3,3,3,3,3,3,3,3,4,4,4,3,3,3,1,6,7,4,4,5,NA,NA,NA,NA,NA,NA,NA,NA,NA,NA,NA,NA,NA,NA,NA,NA,NA,NA,NA,NA,NA,NA,NA,NA,NA,NA,NA,237457968327836,213,1,952,3.6666666666666665,4.333333333333333,4,3.6666666666666665,2.2,3,3.9166666666666665,4,3,"Secondary education (e.g., high school)",Man,49,Not religious at all (1),Urban,25000,10.126631103850338,"March 03, 2023"
2023-03-03 10:22:17,2023-03-03 12:42:14,0,100,8397,1,2023-03-03 12:42:15,R_1LFMwTEu1TjJSKw,anonymous,FR,1,0,NA,37,4,213,3,3,3,3,2,1,3,1,1,1,3,1,1,1,Je ne sais pas,NA,5,6,1,3,3,3,3,3,3,3,3,3,3,3,3,3,3,5,5,3,3,3,3,3,3,3,3,3,3,3,3,3,3,3,3,3,3,4,3,3,3,3,3,3,1,6,5,5,5,3,1,1,1,1,1,1,1,1,1,5,4,4,4,4,4,4,2,2,2,2,2,5,5,5,5,5,5,5,5,5,5,5,5,28000,99,99,1,1,3,3,3,3,3,4,3,4,5,3,3,3,3,3,3,3,3,3,5,6,8,7,2,5,NA,NA,NA,NA,NA,NA,NA,NA,NA,NA,NA,NA,NA,NA,NA,NA,NA,NA,NA,NA,NA,NA,NA,NA,NA,NA,NA,237457968460892,213,1,955,3,3,3,3,3,3,3,3,4,"Higher education (e.g., university degree or higher education diploma)",Woman,37,Not religious at all (1),Rural,28000,10.239959789157341,"March 03, 2023"
2023-03-03 12:42:09,2023-03-03 12:55:13,0,100,783,1,2023-03-03 12:55:13,R_1qU3za7qZcfqnCK,anonymous,FR,1,1,NA,41,4,213,5,4,3,2,2,1,2,1,1,3,5,2,2,1,NA,"Son passé,  à savoir les études,enquêtes qu'il a faites et le crédit qu'on peut leur accorder.",3,6,1,5,4,3,3,3,3,2,3,5,4,5,5,5,1,5,4,4,4,3,4,4,4,4,3,4,4,3,3,3,4,5,4,5,4,3,2,3,3,4,3,3,1,10,1,10,1,4,4,3,1,4,3,1,3,5,1,2,2,4,1,2,2,3,3,3,3,3,3,3,5,4,5,4,4,5,5,5,5,5,5,26000,3,2,2,2,4,4,4,4,4,4,4,4,4,4,4,4,4,4,4,4,4,4,1,2,6,3,4,5,NA,NA,NA,NA,NA,NA,NA,NA,NA,NA,NA,NA,NA,NA,NA,NA,NA,NA,NA,NA,NA,NA,NA,NA,NA,NA,NA,237457968339034,213,1,958,3.3333333333333335,4,4,3.3333333333333335,4,3,3.6666666666666665,3.6666666666666665,4,"Higher education (e.g., university degree or higher education diploma)",Man,41,(2),Urban,26000,10.165851817003619,"March 03, 2023"
2023-03-03 12:23:57,2023-03-03 12:56:45,0,100,1967,1,2023-03-03 12:56:45,R_1rHzlv29jKsvi6m,anonymous,FR,1,0,NA,39,4,213,2,2,3,2,2,1,3,1,1,3,4,1,2,1,NA,"Sa notoriété,  ses diplômes",3,6,1,5,3,4,4,4,4,3,4,3,3,3,3,4,3,5,5,4,3,3,3,4,3,3,3,4,3,3,3,3,3,1,1,1,1,1,3,3,3,3,1,3,1,9,9,9,1,4,3,4,3,2,1,1,4,4,3,1,1,5,3,1,1,5,1,2,2,3,1,4,4,4,4,4,4,4,4,4,4,4,4,18000,4,4,4,1,4,4,3,3,3,3,3,3,3,3,3,3,4,4,4,3,3,3,4,4,2,6,6,7,NA,NA,NA,NA,NA,NA,NA,NA,NA,NA,NA,NA,NA,NA,NA,NA,NA,NA,NA,NA,NA,NA,NA,NA,NA,NA,NA,237457968334064,213,1,959,3,4,3,3,3,4,3.25,3.5,4,"Higher education (e.g., university degree or higher education diploma)",Woman,39,(4),Rural,18000,9.798127036878302,"March 03, 2023"
2023-03-03 12:47:22,2023-03-03 12:56:55,0,100,572,1,2023-03-03 12:56:56,R_2QtBmpAhgucx10X,anonymous,FR,1,1,NA,25,3,213,1,1,1,1,1,1,1,1,1,1,3,1,1,1,NA,Son expérience et ces connaissances,4,4,1,5,5,5,4,4,3,3,3,NA,NA,NA,NA,NA,NA,4,3,NA,NA,NA,NA,NA,NA,NA,NA,5,3,3,4,2,3,5,5,5,3,3,1,1,3,4,2,5,1,3,1,5,1,3,5,5,1,5,5,5,5,1,1,1,1,5,3,1,1,1,4,4,4,4,4,5,5,5,5,5,5,5,5,5,5,5,5,2500,99,99,3,1,1,1,1,1,1,2,1,1,1,1,1,1,1,1,1,1,1,1,1,5,1,6,4,10,NA,NA,NA,NA,NA,NA,NA,NA,NA,NA,NA,NA,NA,NA,NA,NA,NA,NA,NA,NA,NA,NA,NA,NA,NA,NA,NA,237457967398101,213,1,960,3,5,3,4,NA,4,3.75,4,3,"Secondary education (e.g., high school)",Man,25,(3),Rural,2500,7.824046010856292,"March 03, 2023"
2023-03-03 12:52:56,2023-03-03 13:00:55,0,100,478,1,2023-03-03 13:00:55,R_1IAfeNlBvRH6kJf,anonymous,FR,1,1,NA,38,4,213,4,4,4,5,5,5,5,5,5,6,4,4,4,4,NA,la sceince n'est pas une donnée exacte et les scientifiques ne sont pas toujours objectifs,2,6,1,5,2,5,3,3,3,2,3,3,4,3,4,3,4,3,2,3,3,3,3,3,2,2,3,3,3,3,3,2,2,4,4,4,4,4,4,3,3,3,3,4,1,5,8,8,4,2,1,1,1,1,1,1,1,1,1,2,2,4,1,1,1,5,1,1,1,1,1,2,2,2,3,3,3,2,2,2,2,2,2,65000,5,5,4,2,2,2,4,1,3,4,3,3,3,3,3,3,3,3,3,3,3,3,7,6,9,1,2,6,NA,NA,NA,NA,NA,NA,NA,NA,NA,NA,NA,NA,NA,NA,NA,NA,NA,NA,NA,NA,NA,NA,NA,NA,NA,NA,NA,237457967358160,213,1,963,2.6666666666666665,3,2.6666666666666665,3,3.6,2,2.8333333333333335,2.8333333333333335,4,"Higher education (e.g., university degree or higher education diploma)",Man,38,(4),Urban,65000,11.082142548877775,"March 03, 2023"
2023-03-03 12:46:54,2023-03-03 13:02:13,0,100,918,1,2023-03-03 13:02:13,R_ALtwwuCs0Gh5keB,anonymous,FR,1,0,NA,42,4,213,3,3,3,3,3,2,1,1,2,3,3,1,1,1,"Déjà les gens malades ou handicapés, tant de nouvelles connaissances peuvent sauver ou améliorer de vies.  Ensuite la technologie au quotidien, tout devient si simple toutefois au détriment de l’aspect  humain",NA,4,4,1,4,5,3,4,4,4,3,4,5,5,5,5,5,2,5,4,4,4,4,3,5,4,4,4,4,4,4,4,4,4,4,3,4,3,4,1,1,2,3,2,3,1,10,2,3,2,4,2,3,2,2,3,2,2,4,1,3,3,2,3,2,3,3,2,3,3,3,2,4,5,4,5,2,5,5,5,5,5,3,5,55000,2,5,3,2,5,5,5,5,4,5,4,4,4,4,3,4,4,4,4,4,3,3,1,1,1,2,2,7,NA,NA,NA,NA,NA,NA,NA,NA,NA,NA,NA,NA,NA,NA,NA,NA,NA,NA,NA,NA,NA,NA,NA,NA,NA,NA,NA,237457968336947,213,1,964,4,4.333333333333333,4,3.6666666666666665,4.4,4,4,4.166666666666667,4,"Higher education (e.g., university degree or higher education diploma)",Woman,42,(3),Urban,55000,10.915088464214607,"March 03, 2023"
2023-03-03 12:44:44,2023-03-03 13:03:51,0,100,1147,1,2023-03-03 13:03:52,R_2SdVaWffBNuQMJF,anonymous,FR,1,1,NA,31,4,213,1,3,2,1,4,1,3,1,1,1,1,1,1,1,La medecine. Car elle permet de trouver des remèdes à certaine maladie ou pour combattre certains virus,NA,2,4,1,5,3,4,1,3,1,1,1,3,4,4,5,5,3,5,5,3,4,4,3,5,3,4,4,4,4,4,3,4,4,3,4,3,3,2,4,2,3,3,2,4,1,10,1,8,1,2,5,4,2,4,3,2,2,4,3,1,1,5,1,1,1,5,2,2,3,3,1,5,5,5,5,5,5,5,5,5,5,5,5,35000,4,5,1,1,5,5,5,3,3,5,3,3,4,5,3,3,4,4,4,3,1,3,1,4,9,7,4,4,NA,NA,NA,NA,NA,NA,NA,NA,NA,NA,NA,NA,NA,NA,NA,NA,NA,NA,NA,NA,NA,NA,NA,NA,NA,NA,NA,237457967844515,213,1,968,4,4,3.6666666666666665,3.3333333333333335,3.8,5,3.75,4,4,"Higher education (e.g., university degree or higher education diploma)",Man,31,Not religious at all (1),Rural,35000,10.46310334047155,"March 03, 2023"
2023-03-03 12:47:51,2023-03-03 13:05:16,0,100,1044,1,2023-03-03 13:05:16,R_2Vra7jXDy80h37m,anonymous,FR,1,1,NA,51,4,213,3,5,1,1,3,4,3,1,1,1,5,1,1,1,NA,"ses sources, explications claires et démontrées, nombres de tests, résultats",4,6,1,5,5,5,1,4,1,1,5,3,1,3,5,5,4,5,5,4,3,2,3,3,2,2,2,5,3,2,2,5,3,5,5,5,3,2,4,4,3,3,3,4,1,10,10,10,1,3,5,4,1,2,4,3,4,5,1,3,1,2,1,1,3,1,2,3,2,3,1,5,5,5,5,5,5,5,5,5,5,5,5,29000,3,2,2,2,3,4,5,5,2,2,3,4,4,3,3,2,4,5,5,3,2,1,1,1,4,2,2,3,NA,NA,NA,NA,NA,NA,NA,NA,NA,NA,NA,NA,NA,NA,NA,NA,NA,NA,NA,NA,NA,NA,NA,NA,NA,NA,NA,237457967296543,213,1,969,2,4,2.6666666666666665,2.3333333333333335,3.2,4,2.75,3,4,"Higher education (e.g., university degree or higher education diploma)",Man,51,(2),Urban,29000,10.275051108968611,"March 03, 2023"
2023-03-03 12:57:20,2023-03-03 13:14:38,0,100,1038,1,2023-03-03 13:14:39,R_Z3QUgOGHolyt7SV,anonymous,FR,1,1,NA,35,4,213,5,6,7,7,7,2,7,7,2,6,7,7,4,1,L'homme en milieu occidental,NA,5,6,1,5,5,3,2,2,1,1,4,4,3,2,4,5,5,4,3,4,3,2,3,5,3,3,2,4,3,2,2,4,3,3,3,3,5,3,4,4,3,4,3,2,1,8,3,8,4,2,4,3,3,1,4,4,1,3,2,2,1,5,3,2,1,5,2,3,3,3,1,5,5,5,3,2,5,5,5,5,3,2,5,23000,3,3,1,2,3,2,3,2,2,5,4,4,4,5,4,5,4,4,4,2,4,4,1,5,9,4,7,6,NA,NA,NA,NA,NA,NA,NA,NA,NA,NA,NA,NA,NA,NA,NA,NA,NA,NA,NA,NA,NA,NA,NA,NA,NA,NA,NA,237457968334076,213,1,972,2.3333333333333335,4.333333333333333,3,2.3333333333333335,3.6,3,3,3.3333333333333335,4,"Higher education (e.g., university degree or higher education diploma)",Man,35,Not religious at all (1),Urban,23000,10.043249494911286,"March 03, 2023"
2023-03-03 13:04:20,2023-03-03 13:17:13,0,100,772,1,2023-03-03 13:17:13,R_1gwFcAEfbNXWe5f,anonymous,FR,1,1,NA,48,4,213,2,3,2,1,1,1,1,2,2,2,3,1,1,1,Tout le monde car c'est public,NA,5,4,1,5,5,5,2,5,5,5,5,5,1,3,1,5,5,4,4,4,3,3,3,4,3,3,3,4,3,3,3,4,3,4,3,4,3,3,4,3,3,4,4,4,1,6,6,6,3,3,5,1,1,4,1,1,1,4,1,2,2,4,3,2,2,4,3,2,2,3,1,3,3,3,3,3,3,4,4,4,4,4,4,60000,99,99,3,1,3,3,3,3,3,3,3,3,3,3,3,3,3,3,3,3,3,3,1,6,7,7,4,6,NA,NA,NA,NA,NA,NA,NA,NA,NA,NA,NA,NA,NA,NA,NA,NA,NA,NA,NA,NA,NA,NA,NA,NA,NA,NA,NA,237298315257027,213,1,973,3,4,3,3,3,3,3.25,3.5,4,"Higher education (e.g., university degree or higher education diploma)",Man,48,(3),Rural,60000,11.002099841204238,"March 03, 2023"
2023-03-03 13:05:13,2023-03-03 13:19:04,0,100,831,1,2023-03-03 13:19:05,R_2t3Av14quO3nyh7,anonymous,FR,1,1,NA,27,4,213,3,5,1,1,4,2,5,4,3,3,4,4,1,1,NA,Qui ne nie pas à une partie de la société - que les résultats soient prouvés scientifiquement- de la transparence,3,1,6,5,5,4,2,4,3,2,5,5,3,4,5,4,3,5,4,4,4,3,3,5,3,3,4,3,3,2,2,4,3,3,4,3,4,3,5,4,2,2,2,3,1,5,7,7,2,4,5,2,2,2,4,4,1,3,1,4,2,2,3,4,3,2,3,3,3,3,3,3,5,4,4,5,5,5,5,5,5,5,5,1550,99,99,3,2,4,3,3,3,3,4,3,3,3,3,3,3,2,2,3,3,3,3,4,4,4,5,6,9,NA,NA,NA,NA,NA,NA,NA,NA,NA,NA,NA,NA,NA,NA,NA,NA,NA,NA,NA,NA,NA,NA,NA,NA,NA,NA,NA,237361104510127,213,1,975,2.6666666666666665,4,3.3333333333333335,3,4,4,3.25,3.3333333333333335,4,"Higher education (e.g., university degree or higher education diploma)",Man,27,(3),Urban,1550,7.346010209913293,"March 03, 2023"
2023-03-03 12:22:16,2023-03-03 13:22:29,0,100,3613,1,2023-03-03 13:22:30,R_DGNaEN7GgAWEA0h,anonymous,FR,1,0,NA,48,4,213,1,1,1,1,1,1,1,1,1,1,1,1,1,1,NA,honnetete transparence explication claire et simple accessible a tous le monde,3,6,1,4,4,4,4,4,3,3,4,4,4,4,4,4,4,4,4,4,4,3,3,4,4,4,4,4,4,4,3,4,4,2,2,2,4,3,3,3,3,3,3,3,1,9,8,8,2,3,3,3,2,3,3,3,3,3,2,3,3,3,3,3,3,3,3,3,3,3,3,4,4,4,4,4,4,4,4,4,4,4,4,31000,99,99,3,2,3,3,3,3,3,3,3,3,3,3,3,3,4,4,4,3,3,3,3,4,6,5,5,4,NA,NA,NA,NA,NA,NA,NA,NA,NA,NA,NA,NA,NA,NA,NA,NA,NA,NA,NA,NA,NA,NA,NA,NA,NA,NA,NA,237457968357520,213,1,976,3.6666666666666665,4,4,3.3333333333333335,4,4,3.75,3.8333333333333335,4,"Higher education (e.g., university degree or higher education diploma)",Woman,48,(3),Urban,31000,10.341742483467284,"March 03, 2023"
2023-03-03 13:12:37,2023-03-03 13:29:54,0,100,1036,1,2023-03-03 13:29:54,R_2cdxkbSTMLYCWvd,anonymous,FR,1,1,NA,70,2,213,1,1,1,1,1,1,1,1,1,1,1,1,1,1,NA,Je ne sais pas,1,4,1,5,3,5,1,3,1,3,1,1,3,1,1,5,5,5,3,3,3,3,3,3,3,3,3,3,3,3,3,3,3,1,1,1,5,2,1,3,1,3,3,3,1,10,10,10,1,3,5,1,3,1,1,1,1,3,1,1,1,5,1,1,1,5,3,3,3,3,2,3,5,1,3,3,5,4,4,2,5,2,5,4000,3,1,1,2,3,3,3,3,3,3,3,3,3,3,3,3,3,3,3,3,3,3,1,1,9,4,4,5,NA,NA,NA,NA,NA,NA,NA,NA,NA,NA,NA,NA,NA,NA,NA,NA,NA,NA,NA,NA,NA,NA,NA,NA,NA,NA,NA,237457967556726,213,1,979,3,3,3,3,2.2,3,3,3,2,Primary education,Man,70,Not religious at all (1),Urban,4000,8.294049640102028,"March 03, 2023"
2023-03-03 13:32:49,2023-03-03 13:43:57,0,100,667,1,2023-03-03 13:43:58,R_UbGI0IzeW0zR9m1,anonymous,FR,1,1,NA,23,4,213,1,4,5,3,6,3,6,2,1,4,4,1,1,1,"la médecine, et les riches",NA,4,6,1,5,5,5,2,4,2,1,5,5,5,5,5,5,5,5,5,5,4,3,4,5,2,4,4,5,4,4,4,5,4,2,4,2,4,1,2,4,4,5,2,2,1,10,1,10,1,2,5,5,1,5,1,1,5,5,1,1,1,5,1,1,1,4,3,3,3,3,3,5,5,5,5,2,5,5,5,5,5,5,5,650,3,1,1,2,4,4,5,4,5,5,3,4,4,1,4,4,4,4,4,4,4,3,1,4,7,5,5,7,NA,NA,NA,NA,NA,NA,NA,NA,NA,NA,NA,NA,NA,NA,NA,NA,NA,NA,NA,NA,NA,NA,NA,NA,NA,NA,NA,237298315393112,213,1,982,3.6666666666666665,5,3.3333333333333335,4,5,5,4,4.333333333333333,4,"Higher education (e.g., university degree or higher education diploma)",Man,23,Not religious at all (1),Urban,650,6.476972362889683,"March 03, 2023"
2023-03-03 13:34:50,2023-03-03 13:45:22,0,100,631,1,2023-03-03 13:45:22,R_3000aSww7TJcqCT,anonymous,FR,1,0,NA,48,3,213,3,3,3,3,3,4,3,3,2,3,5,5,5,1,NA,Sa réputation et son raisonnement,3,4,1,5,4,4,3,4,4,4,3,3,3,3,3,3,3,5,3,4,3,4,3,4,4,4,3,4,3,4,3,4,3,4,4,4,4,3,3,3,4,4,4,4,1,10,10,10,1,3,5,4,2,4,1,4,4,5,1,3,2,2,4,3,2,4,2,3,3,3,2,4,4,4,4,4,4,4,4,4,4,4,4,2500,99,2,3,1,3,3,3,3,3,3,3,3,3,3,3,3,3,3,3,3,3,3,1,5,5,6,5,5,NA,NA,NA,NA,NA,NA,NA,NA,NA,NA,NA,NA,NA,NA,NA,NA,NA,NA,NA,NA,NA,NA,NA,NA,NA,NA,NA,237457967492205,213,1,983,4,4,3.3333333333333335,3,3,4,3.5833333333333335,4,3,"Secondary education (e.g., high school)",Woman,48,(3),Rural,2500,7.824046010856292,"March 03, 2023"
2023-03-03 13:25:47,2023-03-03 13:46:45,0,100,1257,1,2023-03-03 13:46:45,R_2E9TYWw5Uvwuks0,anonymous,FR,1,1,NA,60,3,213,3,1,3,2,1,1,1,1,1,3,3,1,1,1,NA,NA,3,NA,NA,3,3,4,2,2,2,1,5,1,3,4,4,4,5,5,3,3,3,3,3,5,3,3,3,3,3,3,3,4,4,5,5,5,3,2,3,3,3,3,3,3,1,10,6,4,1,4,4,4,1,4,3,4,4,4,1,1,1,1,1,1,1,5,1,3,3,3,1,4,5,5,5,5,5,4,5,5,5,5,5,NA,99,1,1,2,3,3,4,4,2,3,4,4,4,4,4,4,4,4,4,4,4,4,1,1,5,4,4,6,NA,NA,NA,NA,NA,NA,NA,NA,NA,NA,NA,NA,NA,NA,NA,NA,NA,NA,NA,NA,NA,NA,NA,NA,NA,NA,NA,237457967315121,213,1,986,3,3.6666666666666665,3,3,3.4,4,3.1666666666666665,3.3333333333333335,3,"Secondary education (e.g., high school)",Man,60,Not religious at all (1),Urban,NA,NA,"March 03, 2023"
2023-03-03 13:31:38,2023-03-03 13:49:50,0,100,1092,1,2023-03-03 13:49:51,R_cTLHqLxPu3REen7,anonymous,FR,1,1,NA,47,3,213,3,3,3,1,3,3,3,1,2,3,3,1,1,1,NA,"Le fait qu'il fasse consensus, qu'il explique à travers des exemples simples ses dires.",4,6,1,5,5,3,2,4,4,3,3,3,4,3,3,4,5,4,3,4,4,4,5,5,4,4,4,5,5,4,5,5,5,4,4,4,4,4,1,1,2,3,3,3,1,8,2,10,2,4,4,4,3,5,3,4,4,4,1,3,3,4,3,3,4,2,2,2,3,3,1,4,5,4,4,4,4,5,5,5,5,5,5,25000,3,3,2,1,5,5,5,4,4,5,5,5,4,3,3,4,5,5,5,5,3,4,1,5,1,4,5,6,NA,NA,NA,NA,NA,NA,NA,NA,NA,NA,NA,NA,NA,NA,NA,NA,NA,NA,NA,NA,NA,NA,NA,NA,NA,NA,NA,237457967296551,213,1,988,4,4.666666666666667,4.333333333333333,4.666666666666667,3.6,4,4.416666666666667,4.333333333333333,3,"Secondary education (e.g., high school)",Man,47,(2),Rural,25000,10.126631103850338,"March 03, 2023"
2023-03-03 13:37:10,2023-03-03 13:50:32,0,100,802,1,2023-03-03 13:50:33,R_TgZE0N8EMeLTMdz,anonymous,FR,1,1,NA,42,4,213,1,2,2,1,3,3,1,1,1,2,2,1,1,1,NA,Ses diplômes,2,4,1,4,4,2,2,5,4,1,3,3,1,2,2,4,5,4,3,4,4,3,2,5,4,4,3,4,4,4,3,5,4,4,4,4,2,1,2,1,1,3,3,2,1,3,8,5,1,3,5,2,1,1,2,2,2,3,4,1,1,4,1,2,1,4,1,3,2,3,1,4,5,5,5,5,5,5,5,5,5,5,5,4600,99,4,2,2,4,4,5,3,2,2,4,4,4,4,4,4,5,5,4,3,4,4,1,1,3,4,3,7,NA,NA,NA,NA,NA,NA,NA,NA,NA,NA,NA,NA,NA,NA,NA,NA,NA,NA,NA,NA,NA,NA,NA,NA,NA,NA,NA,237457967329283,213,1,990,3.6666666666666665,4.333333333333333,4,2.6666666666666665,2.6,4,3.6666666666666665,4,4,"Higher education (e.g., university degree or higher education diploma)",Man,42,(2),Urban,4600,8.433811582477187,"March 03, 2023"
2023-03-03 13:51:24,2023-03-03 13:54:25,0,100,180,1,2023-03-03 13:54:26,R_336XhdN87lOgMv0,anonymous,FR,1,1,NA,47,4,213,3,2,3,4,5,6,5,5,4,6,3,4,6,5,je sais pas,NA,4,4,4,2,3,4,4,3,4,4,3,4,4,4,3,2,3,4,4,3,4,3,4,4,3,4,4,3,4,4,3,4,4,4,3,4,3,2,5,4,5,3,4,3,1,5,8,9,7,4,3,3,2,4,3,3,4,4,2,2,3,4,4,3,3,4,2,3,2,3,1,2,3,4,4,3,3,3,4,4,3,5,5,75000,5,4,3,2,3,4,4,5,4,5,4,3,4,5,4,3,4,3,4,4,3,3,5,6,7,6,5,9,NA,NA,NA,NA,NA,NA,NA,NA,NA,NA,NA,NA,NA,NA,NA,NA,NA,NA,NA,NA,NA,NA,NA,NA,NA,NA,NA,237457967860760,213,1,992,3.6666666666666665,3.3333333333333335,3.6666666666666665,3.6666666666666665,3.6,3,3.5833333333333335,3.5,4,"Higher education (e.g., university degree or higher education diploma)",Man,47,(3),Urban,75000,11.225243392518447,"March 03, 2023"
2023-03-03 13:34:27,2023-03-03 13:58:41,0,100,1454,1,2023-03-03 13:58:42,R_3Rlb4Em0k251w7y,anonymous,FR,1,1,NA,62,4,213,5,4,5,5,3,1,5,4,2,4,4,5,5,2,Ceux qui en font des recherches et qui s en intéresse . Pas assez de prise de conscience des médias et du public lambda,NA,4,6,1,4,4,5,3,3,3,2,4,5,5,3,5,5,2,4,4,4,4,4,2,4,3,4,2,4,4,4,2,4,3,5,5,4,4,4,3,3,3,4,2,2,1,7,7,4,6,4,4,4,1,3,4,3,2,4,1,3,2,4,2,1,3,4,3,2,3,3,3,5,5,5,4,4,4,5,5,5,5,4,5,2600,2,4,3,1,4,3,4,3,3,4,3,3,4,3,2,2,4,4,4,3,3,3,2,4,6,7,7,4,NA,NA,NA,NA,NA,NA,NA,NA,NA,NA,NA,NA,NA,NA,NA,NA,NA,NA,NA,NA,NA,NA,NA,NA,NA,NA,NA,237457967685779,213,1,995,4,4,3.6666666666666665,2,4,4,3.4166666666666665,4,4,"Higher education (e.g., university degree or higher education diploma)",Man,62,(3),Rural,2600,7.8632667240095735,"March 03, 2023"
2023-03-03 10:46:07,2023-03-03 13:59:36,0,100,11608,1,2023-03-03 13:59:36,R_1hGcngCK2bBijCt,anonymous,FR,1,0,NA,34,4,213,1,4,1,1,4,3,1,1,1,4,4,3,3,1,NA,ses études,4,1,5,5,4,3,3,4,4,1,2,4,4,4,4,5,3,4,3,4,3,4,3,5,3,4,3,4,4,4,4,4,4,3,1,2,4,4,2,3,3,4,2,2,1,6,4,5,1,4,4,3,2,2,2,2,2,4,3,2,2,4,3,3,3,4,1,3,3,3,1,4,4,4,4,4,4,4,4,4,4,4,4,21000,3,3,1,2,4,4,4,3,3,4,4,4,4,4,4,4,4,4,3,3,3,4,1,2,2,3,5,6,NA,NA,NA,NA,NA,NA,NA,NA,NA,NA,NA,NA,NA,NA,NA,NA,NA,NA,NA,NA,NA,NA,NA,NA,NA,NA,NA,237457967362296,213,1,996,4,4.333333333333333,3.3333333333333335,3.3333333333333335,3.8,4,3.75,4.166666666666667,4,"Higher education (e.g., university degree or higher education diploma)",Woman,34,Not religious at all (1),Urban,21000,9.95227771670556,"March 03, 2023"
2023-03-03 13:14:06,2023-03-03 14:03:00,0,100,2933,1,2023-03-03 14:03:00,R_1QFtWHZaeFuXRaf,anonymous,FR,1,0,NA,59,3,213,1,1,1,1,1,1,1,1,1,1,1,1,1,1,NA,nsp,1,6,1,5,3,2,3,2,3,2,2,5,1,4,3,3,1,3,3,3,3,3,3,3,3,3,3,3,3,3,3,3,3,1,1,1,4,1,5,5,4,4,4,4,1,8,8,8,8,3,1,1,1,1,1,1,1,1,5,1,1,5,1,1,1,5,1,1,1,4,1,4,4,4,4,4,4,4,4,4,4,4,4,33200,99,99,3,1,3,3,3,3,3,3,3,3,3,3,3,3,3,3,3,3,3,3,4,4,5,5,5,5,NA,NA,NA,NA,NA,NA,NA,NA,NA,NA,NA,NA,NA,NA,NA,NA,NA,NA,NA,NA,NA,NA,NA,NA,NA,NA,NA,237457967342705,213,1,997,3,3,3,3,2.8,3,3,3,3,"Secondary education (e.g., high school)",Woman,59,(3),Rural,33200,10.410305154904579,"March 03, 2023"
2023-03-03 13:48:15,2023-03-03 14:05:14,0,100,1018,1,2023-03-03 14:05:14,R_2DMtl79IwsOIFOi,anonymous,FR,1,0,NA,28,4,213,2,4,2,3,2,1,3,1,4,4,4,2,1,1,NA,"sources identifiées, plusieurs théories similaires établies par d'autres scientifiques diplomés",5,4,5,4,4,4,2,4,3,2,3,5,5,4,5,5,3,5,5,4,4,5,4,5,4,5,4,4,4,4,4,4,4,4,3,3,4,3,2,3,3,4,2,3,1,8,1,10,1,4,4,3,3,4,2,3,2,3,2,2,1,3,2,2,2,3,3,4,3,4,3,4,5,4,5,4,5,5,5,5,5,5,5,30000,2,2,1,2,4,4,4,4,4,4,4,4,3,4,2,3,4,5,5,4,4,4,1,4,3,3,3,5,NA,NA,NA,NA,NA,NA,NA,NA,NA,NA,NA,NA,NA,NA,NA,NA,NA,NA,NA,NA,NA,NA,NA,NA,NA,NA,NA,237361107865817,213,1,998,4.666666666666667,4.333333333333333,4,4,4.4,4,4.25,4.5,4,"Higher education (e.g., university degree or higher education diploma)",Woman,28,Not religious at all (1),Urban,30000,10.308952660644293,"March 03, 2023"
2023-03-03 11:54:57,2023-03-03 14:10:02,0,100,8105,1,2023-03-03 14:10:03,R_SIDe1aLHYbYkd4l,anonymous,FR,1,0,NA,29,4,213,3,4,3,2,2,2,5,1,1,3,5,3,3,2,NA,"Des preuves, des documents, des faits, des chiffres",4,4,1,3,4,3,2,2,3,2,2,5,3,4,5,4,3,5,4,4,4,4,3,4,3,4,3,4,3,4,2,4,4,3,2,1,4,1,3,2,1,2,2,1,1,7,8,7,1,4,5,4,2,4,3,3,4,4,2,1,1,4,2,2,2,4,3,3,3,2,3,5,5,3,5,5,5,5,5,5,5,5,5,3900,1,1,2,1,4,4,4,4,4,4,2,2,4,4,4,3,3,4,5,4,4,4,1,2,6,6,6,6,NA,NA,NA,NA,NA,NA,NA,NA,NA,NA,NA,NA,NA,NA,NA,NA,NA,NA,NA,NA,NA,NA,NA,NA,NA,NA,NA,237298315349004,213,1,1001,4,4,3.3333333333333335,2.6666666666666665,4,4,3.5,4,4,"Higher education (e.g., university degree or higher education diploma)",Woman,29,(2),Rural,3900,8.268731832117737,"March 03, 2023"
2023-03-03 13:54:06,2023-03-03 14:13:52,0,100,1186,1,2023-03-03 14:13:53,R_ApoQuCmlu4JJH7X,anonymous,FR,1,1,NA,71,3,213,5,4,6,1,2,3,5,1,2,3,3,1,1,1,tout le monde utilise ou dispose un jour ou l'autre de la science.,NA,4,2,1,5,5,4,3,3,4,3,4,4,2,4,3,5,4,3,4,3,3,2,2,3,2,3,2,4,4,3,3,4,2,4,3,2,5,2,4,3,3,2,4,4,1,8,1,10,1,3,2,2,2,1,1,1,1,1,3,1,2,2,3,2,2,4,3,3,2,3,1,3,4,3,4,3,4,2,3,3,4,3,4,4500,3,3,2,2,2,3,3,2,1,1,2,3,2,2,1,1,3,4,4,2,1,1,2,1,2,6,4,6,NA,NA,NA,NA,NA,NA,NA,NA,NA,NA,NA,NA,NA,NA,NA,NA,NA,NA,NA,NA,NA,NA,NA,NA,NA,NA,NA,237457967465674,213,1,1003,2.6666666666666665,3.3333333333333335,3,2.3333333333333335,3.4,3,2.8333333333333335,3,3,"Secondary education (e.g., high school)",Man,71,(2),Urban,4500,8.411832675758411,"March 03, 2023"
2023-03-03 14:11:08,2023-03-03 14:25:04,0,100,836,1,2023-03-03 14:25:05,R_1CeH1n444RcieTx,anonymous,FR,1,1,NA,61,4,213,1,2,1,1,1,1,1,1,1,1,1,1,1,1,Les entreprises en terme d'innovation de production et la médecine,NA,5,6,1,5,3,3,3,5,3,1,1,1,3,1,1,1,5,4,3,4,4,4,3,4,3,3,2,3,4,3,2,4,4,5,4,4,3,1,2,3,1,2,2,2,1,10,6,5,8,3,4,1,1,1,1,1,1,3,3,1,1,5,1,1,1,5,1,3,1,3,1,5,5,5,5,5,5,5,5,5,5,5,5,18000,3,5,1,1,4,4,4,4,2,2,1,2,1,1,1,1,4,4,4,4,2,2,1,1,8,1,1,1,NA,NA,NA,NA,NA,NA,NA,NA,NA,NA,NA,NA,NA,NA,NA,NA,NA,NA,NA,NA,NA,NA,NA,NA,NA,NA,NA,237457967360226,213,1,1007,3.3333333333333335,3.6666666666666665,3.6666666666666665,2.3333333333333335,2.2,4,3.25,3.5,4,"Higher education (e.g., university degree or higher education diploma)",Man,61,Not religious at all (1),Rural,18000,9.798127036878302,"March 03, 2023"
2023-03-03 11:03:41,2023-03-03 14:27:08,0,100,12206,1,2023-03-03 14:27:08,R_21vTKNBBIPN8x3d,anonymous,FR,1,1,NA,26,4,213,4,4,4,5,5,4,4,3,3,3,4,3,4,1,"Tout le monde bénéficie de la science, on a toujours à apprendre sur un phénomène naturel, sur la physique, sur les maladies. Comprendre comment cela fonctionne permet de mieux appréhender le monde et permet de se faire une idée par soi même",NA,4,4,5,4,4,3,2,3,3,2,4,4,3,3,4,4,3,4,4,4,3,3,2,3,3,4,2,4,3,3,3,4,4,5,4,4,4,3,3,2,3,3,3,3,1,5,5,6,2,3,2,4,2,4,2,3,4,4,3,2,2,4,2,1,3,3,2,3,3,3,2,5,4,4,4,3,4,5,4,5,4,3,4,44000,99,99,2,1,4,4,4,3,3,2,4,4,4,3,3,3,5,4,5,3,2,2,1,2,2,4,2,6,NA,NA,NA,NA,NA,NA,NA,NA,NA,NA,NA,NA,NA,NA,NA,NA,NA,NA,NA,NA,NA,NA,NA,NA,NA,NA,NA,237457968341115,213,1,1008,3.3333333333333335,3.6666666666666665,3,2.3333333333333335,3.4,4,3.0833333333333335,3.5,4,"Higher education (e.g., university degree or higher education diploma)",Man,26,(2),Rural,44000,10.691944912900398,"March 03, 2023"
2023-03-03 14:09:35,2023-03-03 14:29:21,0,100,1186,1,2023-03-03 14:29:22,R_zd0f6AbOsSUnXr3,anonymous,FR,1,1,NA,44,4,213,5,6,5,3,5,5,4,4,2,5,5,4,4,3,NA,"Formation, profondeur des recherches menées.",4,4,1,5,4,4,1,4,3,2,3,3,4,4,2,5,4,4,4,4,4,4,4,4,3,4,4,4,4,4,3,5,3,4,4,4,4,3,3,3,2,3,3,2,1,10,10,10,1,4,3,3,2,4,3,3,3,4,1,4,2,2,3,4,4,3,3,3,4,4,3,5,5,5,5,5,5,5,5,5,5,5,5,115000,2,3,1,2,4,4,4,5,4,4,4,4,4,4,4,4,4,4,4,4,4,4,1,1,2,2,1,9,NA,NA,NA,NA,NA,NA,NA,NA,NA,NA,NA,NA,NA,NA,NA,NA,NA,NA,NA,NA,NA,NA,NA,NA,NA,NA,NA,237457967329298,213,1,1011,4,4,3.6666666666666665,3.6666666666666665,3.4,4,3.8333333333333335,4,4,"Higher education (e.g., university degree or higher education diploma)",Man,44,Not religious at all (1),Urban,115000,11.652687407345388,"March 03, 2023"
2023-03-03 13:55:37,2023-03-03 14:30:10,0,100,2073,1,2023-03-03 14:30:11,R_PAPzltFtUhHqHPX,anonymous,FR,1,0,NA,49,3,213,2,4,1,2,4,4,1,2,3,3,3,1,2,2,Je ne sais pas.,NA,3,4,1,4,5,2,2,3,3,2,3,2,2,2,2,1,5,4,3,3,3,2,3,4,3,3,3,4,2,3,2,2,2,2,2,3,4,2,4,4,2,3,5,3,1,5,4,10,1,2,4,3,3,3,3,3,2,4,1,1,1,3,1,1,1,4,2,2,3,3,2,5,5,5,5,4,5,3,5,5,5,4,5,42000,99,5,2,1,3,4,3,2,1,2,4,4,3,3,3,3,3,3,3,3,3,3,4,4,3,6,6,7,NA,NA,NA,NA,NA,NA,NA,NA,NA,NA,NA,NA,NA,NA,NA,NA,NA,NA,NA,NA,NA,NA,NA,NA,NA,NA,NA,237457968337979,213,1,1012,2.6666666666666665,3.6666666666666665,2.6666666666666665,2.6666666666666665,2.6,3,2.9166666666666665,3.1666666666666665,3,"Secondary education (e.g., high school)",Woman,49,(2),Rural,42000,10.645424897265505,"March 03, 2023"
2023-03-03 14:07:52,2023-03-03 14:33:16,0,100,1523,1,2023-03-03 14:33:17,R_3QQ4514lV1kJhnn,anonymous,FR,1,1,NA,29,4,213,1,5,1,1,3,1,5,1,1,1,4,1,1,1,La science bénéficie au monde entier,NA,4,4,1,5,5,5,1,5,3,2,5,5,3,4,4,5,5,4,3,4,4,4,4,4,4,4,5,4,4,3,2,5,4,4,3,4,4,5,2,3,2,3,3,3,1,10,6,10,1,4,1,4,2,5,2,3,4,2,1,1,1,1,2,2,1,2,2,3,3,3,3,5,5,5,5,5,5,5,5,5,5,5,5,34000,2,2,1,1,4,5,4,4,3,2,5,5,5,5,3,2,5,5,5,4,3,2,1,2,2,5,2,5,NA,NA,NA,NA,NA,NA,NA,NA,NA,NA,NA,NA,NA,NA,NA,NA,NA,NA,NA,NA,NA,NA,NA,NA,NA,NA,NA,237457968336942,213,1,1015,3.6666666666666665,4,4,3.6666666666666665,4.2,4,3.8333333333333335,3.8333333333333335,4,"Higher education (e.g., university degree or higher education diploma)",Man,29,Not religious at all (1),Rural,34000,10.4341158035983,"March 03, 2023"
2023-03-03 14:07:51,2023-03-03 14:36:06,0,100,1695,1,2023-03-03 14:36:07,R_ZfSOkBXJKf2QcvL,anonymous,FR,1,0,NA,64,3,213,3,3,1,3,2,1,3,1,1,1,3,1,2,1,"Tous,cela fait partie de l'évolution",NA,4,4,1,5,5,4,3,4,4,2,4,3,3,3,4,4,3,4,3,4,3,4,3,4,4,4,3,4,4,4,4,4,4,5,4,4,4,2,1,1,1,4,3,2,1,10,3,10,1,5,4,2,1,4,2,2,3,5,1,4,3,3,4,4,3,3,2,3,3,3,1,3,3,4,4,3,4,4,4,4,4,3,4,7175,99,2,3,1,5,4,3,5,3,4,3,3,3,5,3,3,4,4,4,5,3,3,1,1,3,2,4,5,NA,NA,NA,NA,NA,NA,NA,NA,NA,NA,NA,NA,NA,NA,NA,NA,NA,NA,NA,NA,NA,NA,NA,NA,NA,NA,NA,237457968415841,213,1,1016,4,4,3.6666666666666665,3.3333333333333335,3.2,3,3.75,4,3,"Secondary education (e.g., high school)",Woman,64,(3),Rural,7175,8.878358040627822,"March 03, 2023"
2023-03-03 14:32:06,2023-03-03 14:47:26,0,100,920,1,2023-03-03 14:47:26,R_ezE4WDJxYebPKwN,anonymous,FR,1,0,NA,51,3,213,2,3,2,2,3,1,3,1,1,3,4,5,5,1,NA,?,2,4,1,5,5,5,3,3,3,3,3,3,3,3,4,4,3,4,3,4,3,4,2,4,3,4,3,4,3,4,3,4,3,3,5,3,5,4,3,3,3,3,5,4,1,6,6,10,1,2,5,3,4,3,3,3,3,4,5,3,3,4,3,2,2,3,2,3,3,3,1,5,5,5,4,4,5,3,4,4,5,4,5,0,99,99,3,1,3,4,3,3,4,3,3,3,3,3,3,3,3,3,3,4,3,3,3,6,5,4,4,5,NA,NA,NA,NA,NA,NA,NA,NA,NA,NA,NA,NA,NA,NA,NA,NA,NA,NA,NA,NA,NA,NA,NA,NA,NA,NA,NA,237123007896777,213,1,1019,4,4,3,2.6666666666666665,3.2,3,3.4166666666666665,4,3,"Secondary education (e.g., high school)",Woman,51,(3),Rural,0,-Inf,"March 03, 2023"
2023-03-03 10:27:11,2023-03-03 14:53:47,0,100,15995,1,2023-03-03 14:53:47,R_302yy3QeEnDPQX0,anonymous,FR,1,1,NA,49,4,213,3,5,4,5,5,4,2,4,2,5,5,4,3,4,NA,ses connaissances scientifique et son  impartialité (non lié à un part ou gouvernement),3,4,1,5,3,4,3,4,1,2,2,4,2,3,5,4,5,5,4,4,4,3,4,3,2,5,4,5,4,4,3,5,3,5,4,4,4,2,1,3,3,3,1,1,1,8,1,10,1,4,1,3,3,3,3,4,2,4,1,2,2,4,1,2,2,2,3,3,3,3,3,4,4,3,4,3,4,5,5,4,5,4,5,2500,2,2,2,2,5,5,5,4,3,4,5,5,4,4,3,4,4,5,4,4,3,4,2,2,2,6,6,7,NA,NA,NA,NA,NA,NA,NA,NA,NA,NA,NA,NA,NA,NA,NA,NA,NA,NA,NA,NA,NA,NA,NA,NA,NA,NA,NA,237361103662243,213,1,1022,4,4,3.3333333333333335,3.6666666666666665,3.8,4,3.75,4,4,"Higher education (e.g., university degree or higher education diploma)",Man,49,(2),Urban,2500,7.824046010856292,"March 03, 2023"
2023-03-03 14:21:09,2023-03-03 14:57:07,0,100,2157,1,2023-03-03 14:57:08,R_3RfHnpDZ3PV5OmO,anonymous,FR,1,1,NA,30,4,213,4,4,5,4,2,5,5,2,2,6,5,4,3,1,"La science peut être une passion pour certains curieux. C’est très intéressant à étudier et des gens peuvent prendre plaisir et aimer la recherche en science. Au delà de tout ça nous pouvons constater à quel point la science est bénéfique pour l’humanité, tout les avancées technologiques et scientifiques qui me semblent être liés sont un grand pas pour nous et contribuent à améliorer notre niveau de vie. C’est grâce à la science que nous savons qu’est ce que le réchauffement climatique et comment le ralentir, autrement on court droit à notre perte. Évidemment on peut entendre que certains dénoncent le progrès et les avancées car cela serait dangereux, exemple invention bombe nucléaire. C’est à double tranchant, nous pouvons créer des merveilles avec la science comme des abonimations. Ce n’est pas pour autant qu’il faut stopper les recherches et avancées, mais en tant qu’humain nous devons prendre conscience des conséquences de la science.",NA,5,2,1,4,5,5,2,3,4,2,5,3,3,5,3,5,2,5,4,4,3,4,4,4,4,4,3,4,3,4,3,3,4,3,3,4,5,2,3,5,1,4,3,1,1,8,8,8,3,5,4,1,3,4,1,1,1,4,4,3,2,3,4,2,4,5,3,3,3,3,2,2,5,2,4,2,4,4,4,4,5,4,2,42000,3,4,3,1,4,4,4,4,4,4,4,3,4,4,4,2,4,4,4,4,5,5,1,3,7,5,2,8,NA,NA,NA,NA,NA,NA,NA,NA,NA,NA,NA,NA,NA,NA,NA,NA,NA,NA,NA,NA,NA,NA,NA,NA,NA,NA,NA,237457968514051,213,1,1024,4,4,3.3333333333333335,3.3333333333333335,3.2,4,3.6666666666666665,4,4,"Higher education (e.g., university degree or higher education diploma)",Man,30,(3),Rural,42000,10.645424897265505,"March 03, 2023"
2023-03-03 14:34:17,2023-03-03 14:57:27,0,100,1390,1,2023-03-03 14:57:28,R_tRJNXYmCJ7Ijuet,anonymous,FR,1,0,NA,54,4,213,3,2,1,1,1,1,1,2,1,3,3,1,1,1,"Les entreprises grâce aux nouvelles technologies, le monde médical grâce aux recherches",NA,3,6,1,5,4,5,3,4,4,2,4,2,2,2,2,5,4,4,3,3,4,4,4,4,4,4,4,4,4,4,3,2,3,5,3,5,5,2,4,3,5,3,5,5,1,9,5,8,1,1,4,4,2,1,1,1,3,3,2,1,4,5,3,3,1,5,1,1,1,3,1,3,4,3,1,2,4,3,3,3,1,3,4,45000,99,3,2,2,4,3,4,2,2,3,4,4,4,2,3,3,4,4,4,2,2,3,4,7,2,4,1,5,NA,NA,NA,NA,NA,NA,NA,NA,NA,NA,NA,NA,NA,NA,NA,NA,NA,NA,NA,NA,NA,NA,NA,NA,NA,NA,NA,237457968457766,213,1,1025,4,3.6666666666666665,4,3.6666666666666665,2.4,3,3.8333333333333335,3.8333333333333335,4,"Higher education (e.g., university degree or higher education diploma)",Woman,54,(2),Urban,45000,10.714417768752456,"March 03, 2023"
2023-03-03 14:36:31,2023-03-03 15:02:17,0,100,1545,1,2023-03-03 15:02:17,R_zVllfcd8jXRB4c1,anonymous,FR,1,1,NA,40,4,213,1,3,6,3,3,1,3,1,1,3,3,1,3,1,NA,"Le sérieux des recherches, l'absence de conflits d'intérêts sur ses sujets de recherche, les grandes découvertes, l'application pratique des enseignements Issus des recherches, la pédagogie ie capacité à faire comprendre ses travaux et leurs implications",4,6,1,4,5,4,2,3,3,1,5,5,2,4,4,5,1,4,1,4,4,3,NA,4,3,3,4,4,4,3,3,5,2,2,NA,2,5,4,2,4,4,4,2,3,1,7,1,9,1,4,3,4,3,3,3,1,2,3,1,2,1,2,2,2,3,2,3,3,3,3,3,2,5,3,5,2,4,3,5,4,5,3,5,90000,1,2,1,2,4,4,4,3,2,4,5,5,5,2,1,4,3,4,4,2,1,2,1,1,4,3,2,8,NA,NA,NA,NA,NA,NA,NA,NA,NA,NA,NA,NA,NA,NA,NA,NA,NA,NA,NA,NA,NA,NA,NA,NA,NA,NA,NA,237457967664141,213,1,1027,3,4,3.6666666666666665,3.5,3.2,4,3.5454545454545454,3.5,4,"Higher education (e.g., university degree or higher education diploma)",Man,40,Not religious at all (1),Urban,90000,11.407564949312402,"March 03, 2023"
2023-03-03 13:57:00,2023-03-03 15:08:50,0,100,4309,1,2023-03-03 15:08:51,R_1K9MkYjI05ew5mV,anonymous,FR,1,0,NA,42,4,213,2,3,5,5,3,1,1,1,1,3,4,1,1,1,NA,Une étude / vision large d'une problématique.,3,2,1,5,5,5,3,3,2,1,2,4,5,4,5,4,5,5,3,5,4,4,2,4,4,3,4,4,4,4,2,4,2,4,1,1,1,2,3,5,5,5,3,3,1,10,10,10,8,2,3,5,2,5,4,5,3,4,1,1,1,4,2,1,1,5,2,3,2,3,1,5,5,5,5,2,5,5,5,5,5,5,5,1500,99,99,2,2,4,4,4,4,4,4,4,4,4,3,3,3,3,4,4,2,3,4,1,2,7,6,2,5,NA,NA,NA,NA,NA,NA,NA,NA,NA,NA,NA,NA,NA,NA,NA,NA,NA,NA,NA,NA,NA,NA,NA,NA,NA,NA,NA,237457968503893,213,1,1030,3.6666666666666665,4.333333333333333,4,2.6666666666666665,4.6,4,3.6666666666666665,4,4,"Higher education (e.g., university degree or higher education diploma)",Woman,42,(2),Urban,1500,7.313220387090301,"March 03, 2023"
2023-03-03 14:47:15,2023-03-03 15:09:58,0,100,1363,1,2023-03-03 15:09:59,R_2CkLTJkOhg4aYii,anonymous,FR,1,0,NA,64,4,213,1,5,1,1,5,1,5,1,1,1,5,1,1,1,Le meilleur côté de la science et des nouvelles technologies sont réservés pour les élites et les gens aisés,NA,1,6,1,5,5,5,2,2,2,1,5,3,5,1,5,5,5,5,5,5,2,3,3,5,3,2,4,5,2,2,3,5,3,5,4,5,4,5,5,5,5,5,5,5,1,10,1,10,1,1,1,1,5,1,1,1,1,1,1,1,1,5,5,1,1,5,1,3,3,3,1,1,1,1,1,1,1,1,1,1,1,1,1,40000,99,99,1,1,3,3,3,2,3,3,2,2,2,2,2,2,5,5,5,5,5,5,7,5,5,7,7,9,NA,NA,NA,NA,NA,NA,NA,NA,NA,NA,NA,NA,NA,NA,NA,NA,NA,NA,NA,NA,NA,NA,NA,NA,NA,NA,NA,237457968333024,213,1,1031,2.3333333333333335,5,2.3333333333333335,3.3333333333333335,3.8,5,3.25,3.6666666666666665,4,"Higher education (e.g., university degree or higher education diploma)",Woman,64,Not religious at all (1),Rural,40000,10.596634733096073,"March 03, 2023"
2023-03-03 15:03:56,2023-03-03 15:16:17,0,100,740,1,2023-03-03 15:16:17,R_3gOg3W7CcQSyv5R,anonymous,FR,1,1,NA,24,4,213,7,4,6,6,2,2,5,4,1,5,5,4,4,2,NA,"Ses diplômes quand même, ses recherches aboutis, l'utilisation de ses recherches par d'autres scientifiques (et leur nombre), ses discours",4,6,1,5,5,5,2,3,2,1,3,5,4,5,4,5,2,5,4,4,3,2,3,3,3,3,2,4,3,3,2,4,5,2,5,4,5,5,2,2,4,5,1,1,1,10,1,10,1,4,5,3,1,5,5,4,2,5,1,1,1,5,1,1,1,5,4,3,2,3,2,5,5,5,5,5,5,5,5,5,5,5,5,30000,1,1,2,2,4,4,4,4,2,5,4,4,4,5,1,3,4,4,5,4,4,5,1,1,7,7,7,5,NA,NA,NA,NA,NA,NA,NA,NA,NA,NA,NA,NA,NA,NA,NA,NA,NA,NA,NA,NA,NA,NA,NA,NA,NA,NA,NA,237457968346316,213,1,1033,2.6666666666666665,3.6666666666666665,3,2.3333333333333335,4,4,2.9166666666666665,3.1666666666666665,4,"Higher education (e.g., university degree or higher education diploma)",Man,24,(2),Urban,30000,10.308952660644293,"March 03, 2023"
2023-03-03 12:46:08,2023-03-03 15:29:54,0,100,9826,1,2023-03-03 15:29:55,R_2alyWvIIRf5TuqZ,anonymous,FR,1,0,NA,36,4,213,3,3,5,2,2,2,4,3,2,4,5,4,2,2,"il y a plusieurs domaines dans la science. le secteur qui doit le plus progresser grâce à la science est peut-être la santé, l'efficacité de la robotique + meilleures connaissances du monde naturel.",NA,1,4,2,5,5,2,3,4,4,1,4,4,3,5,5,5,5,5,4,3,4,3,4,4,4,4,4,4,4,3,3,4,4,5,4,4,4,3,3,3,2,3,2,2,1,10,3,10,1,4,5,3,2,4,2,2,1,4,2,1,2,5,2,2,1,4,2,2,3,3,3,4,5,3,5,4,5,5,5,5,5,5,5,39000,2,3,1,2,4,4,4,4,3,4,4,4,4,4,3,3,4,5,4,4,3,2,2,4,6,5,6,7,NA,NA,NA,NA,NA,NA,NA,NA,NA,NA,NA,NA,NA,NA,NA,NA,NA,NA,NA,NA,NA,NA,NA,NA,NA,NA,NA,237457968329902,213,1,1036,3.3333333333333335,3.6666666666666665,4,3.6666666666666665,4.4,4,3.6666666666666665,3.5,4,"Higher education (e.g., university degree or higher education diploma)",Woman,36,Not religious at all (1),Urban,39000,10.571316925111784,"March 03, 2023"
2023-03-03 13:19:06,2023-03-03 15:41:17,0,100,8531,1,2023-03-03 15:41:17,R_00xTddSmhn8aWt3,anonymous,FR,1,1,NA,54,4,213,2,3,2,1,3,1,1,2,1,3,4,1,1,1,NA,les preuves de ce qu il avance,3,6,1,4,5,3,3,4,4,3,4,5,4,2,4,3,4,4,4,4,4,4,3,4,3,3,4,4,4,4,3,5,4,4,5,4,3,3,4,3,4,4,4,4,1,8,10,8,9,5,3,2,3,3,2,3,4,3,3,4,4,4,3,4,4,3,3,3,3,3,4,4,3,3,3,2,4,3,4,3,4,3,4,40000,4,5,3,1,4,3,4,4,3,2,3,4,4,4,3,3,4,4,4,4,3,3,5,6,7,6,5,8,NA,NA,NA,NA,NA,NA,NA,NA,NA,NA,NA,NA,NA,NA,NA,NA,NA,NA,NA,NA,NA,NA,NA,NA,NA,NA,NA,237457968335906,213,1,1039,3.6666666666666665,4,3.6666666666666665,3.3333333333333335,3.8,5,3.6666666666666665,3.8333333333333335,4,"Higher education (e.g., university degree or higher education diploma)",Man,54,(3),Rural,40000,10.596634733096073,"March 03, 2023"
2023-03-03 15:23:21,2023-03-03 15:41:46,0,100,1105,1,2023-03-03 15:41:47,R_3NOKBu93YToKok9,anonymous,FR,1,0,NA,61,4,213,1,5,3,1,4,1,2,1,1,3,4,1,1,1,la population en général pour les avancées qu'elle peur procurer,NA,4,4,1,5,4,4,5,4,4,2,4,5,4,5,5,4,5,5,4,5,4,4,3,5,4,4,3,5,4,4,3,5,4,4,3,4,2,3,2,3,2,3,2,3,1,8,4,9,2,4,4,4,3,4,2,1,2,3,1,3,2,4,2,2,2,3,3,3,3,3,2,5,5,5,5,5,5,5,5,5,5,5,5,15000,3,4,2,2,5,5,4,5,4,4,4,4,4,4,3,3,4,5,4,5,3,4,1,4,6,5,2,4,NA,NA,NA,NA,NA,NA,NA,NA,NA,NA,NA,NA,NA,NA,NA,NA,NA,NA,NA,NA,NA,NA,NA,NA,NA,NA,NA,237457968466096,213,1,1040,4,5,4,3,4.8,5,4,4.5,4,"Higher education (e.g., university degree or higher education diploma)",Woman,61,(2),Urban,15000,9.615805480084347,"March 03, 2023"
2023-03-03 15:29:06,2023-03-03 15:50:18,0,100,1271,1,2023-03-03 15:50:18,R_240mMjaRrJeT0ag,anonymous,FR,1,1,NA,42,4,213,1,5,6,1,4,1,2,2,1,1,4,1,1,1,Tout le monde dès lors que la science sert à améliorer la condition humaine en général.,NA,5,4,1,5,5,5,1,5,5,2,5,5,5,5,5,5,5,5,5,4,3,4,4,5,2,4,4,4,4,4,4,5,4,4,2,3,2,2,4,3,3,5,3,2,1,2,6,10,1,4,5,1,1,1,1,1,1,1,1,3,4,5,4,4,3,5,1,3,3,3,2,5,5,5,5,5,5,5,5,5,5,5,5,60000,4,4,5,1,4,5,5,4,3,3,5,5,5,3,3,3,4,4,5,3,4,3,1,5,4,2,2,6,NA,NA,NA,NA,NA,NA,NA,NA,NA,NA,NA,NA,NA,NA,NA,NA,NA,NA,NA,NA,NA,NA,NA,NA,NA,NA,NA,237361107851466,213,1,1042,4,4.333333333333333,3,4,5,5,3.8333333333333335,4.166666666666667,4,"Higher education (e.g., university degree or higher education diploma)",Man,42,Very strongly religious (5),Rural,60000,11.002099841204238,"March 03, 2023"
2023-03-03 15:49:21,2023-03-03 16:00:07,0,100,645,1,2023-03-03 16:00:07,R_bvjzK7riBVNH7zj,anonymous,FR,1,1,NA,70,4,213,2,2,1,1,2,1,1,1,1,1,3,1,2,1,"L'humanité, plus particulièrement les pays riches",NA,3,4,1,5,4,3,2,3,3,2,2,1,2,3,5,3,3,4,4,3,2,1,3,3,2,3,1,1,3,2,1,2,2,5,2,4,2,2,5,3,1,3,3,4,1,5,5,5,1,3,1,2,4,3,1,1,1,1,3,3,2,4,3,3,2,4,3,2,3,2,1,4,4,4,3,4,5,5,5,3,4,4,5,27500,4,4,1,1,4,2,3,3,2,1,3,4,3,3,3,1,3,3,1,2,1,1,1,4,8,1,4,5,NA,NA,NA,NA,NA,NA,NA,NA,NA,NA,NA,NA,NA,NA,NA,NA,NA,NA,NA,NA,NA,NA,NA,NA,NA,NA,NA,237457967345795,213,1,1044,2,2.3333333333333335,2.3333333333333335,1.6666666666666667,2.8,3,2.0833333333333335,2.1666666666666665,4,"Higher education (e.g., university degree or higher education diploma)",Man,70,Not religious at all (1),Rural,27500,10.221941283654663,"March 03, 2023"
2023-03-03 15:45:36,2023-03-03 16:03:46,0,100,1090,1,2023-03-03 16:03:47,R_3EiI4l9YCm9PRkW,anonymous,FR,1,0,NA,45,3,213,2,3,3,1,3,2,2,1,1,1,5,2,2,1,"Les hommes,la médecine. Car la science avance et trouve des nouveaux vaccins,des nouvelles molécules,des nouvelles techniques de travail.etc",NA,3,6,1,5,5,5,4,2,3,1,4,2,3,4,4,5,5,5,4,4,2,2,3,4,3,3,2,4,3,2,3,4,3,3,3,3,4,3,4,4,4,4,3,3,1,8,4,10,5,3,5,4,2,5,3,2,2,4,1,4,2,5,3,2,1,3,2,3,3,3,1,5,5,4,4,2,5,5,5,5,5,4,5,25000,5,5,3,1,5,3,5,4,2,2,5,4,5,4,3,3,5,4,5,4,3,3,1,4,4,5,4,5,NA,NA,NA,NA,NA,NA,NA,NA,NA,NA,NA,NA,NA,NA,NA,NA,NA,NA,NA,NA,NA,NA,NA,NA,NA,NA,NA,237457968513269,213,1,1047,2.3333333333333335,4,2.6666666666666665,2.6666666666666665,3.6,4,2.9166666666666665,3.1666666666666665,3,"Secondary education (e.g., high school)",Woman,45,(3),Rural,25000,10.126631103850338,"March 03, 2023"
2023-03-03 15:48:24,2023-03-03 16:06:55,0,100,1111,1,2023-03-03 16:06:56,R_yWRMnL93ieyCrVn,anonymous,FR,1,0,NA,20,4,213,4,3,5,5,4,1,3,4,4,4,4,5,1,2,Selon moi la science bénéficie plus aux multinationales. Car elles ont les moyens de financer les recherches pour le progrès technique qui leurs sera favorable au détriment de l'environnement.,NA,2,6,1,5,5,5,1,1,1,1,5,2,1,1,2,5,4,4,2,4,2,2,3,4,3,2,1,4,2,3,2,4,2,5,5,5,3,1,4,2,4,5,3,3,1,10,1,10,1,1,5,4,1,5,4,4,4,5,1,2,1,5,1,1,2,2,3,3,3,3,2,5,5,5,5,5,5,5,5,5,5,5,5,500,2,2,4,2,4,4,4,4,4,3,5,4,5,2,1,3,4,4,4,3,3,3,1,4,5,7,7,4,NA,NA,NA,NA,NA,NA,NA,NA,NA,NA,NA,NA,NA,NA,NA,NA,NA,NA,NA,NA,NA,NA,NA,NA,NA,NA,NA,237457968359603,213,1,1049,2.3333333333333335,4,2.3333333333333335,2,2,4,2.6666666666666665,3.1666666666666665,4,"Higher education (e.g., university degree or higher education diploma)",Woman,20,(4),Urban,500,6.214608098422191,"March 03, 2023"
2023-03-03 15:54:32,2023-03-03 16:14:44,0,100,1211,1,2023-03-03 16:14:44,R_3syJtqiDMRCh9fo,anonymous,FR,1,1,NA,34,3,213,6,5,5,5,4,3,7,4,2,2,4,2,2,1,NA,Qu’il soit terre à terre et qu’il arrive à ce faire comprendre de tous sans utiliser un langage uniquement scientifique.,4,4,1,4,4,3,2,2,5,3,4,2,2,3,2,4,5,4,4,4,4,2,3,2,3,2,2,4,2,2,2,5,3,5,3,5,3,3,5,4,4,4,3,3,1,8,3,8,3,1,4,5,2,5,3,4,2,4,1,1,1,5,1,2,1,4,1,2,3,3,1,2,2,3,1,2,3,3,3,2,1,3,3,40000,5,5,1,1,3,4,4,3,1,1,3,4,4,3,4,2,3,4,5,3,1,2,4,2,8,6,1,6,NA,NA,NA,NA,NA,NA,NA,NA,NA,NA,NA,NA,NA,NA,NA,NA,NA,NA,NA,NA,NA,NA,NA,NA,NA,NA,NA,237361110254769,213,1,1050,2,3.3333333333333335,3,2.3333333333333335,2.8,5,2.6666666666666665,2.6666666666666665,3,"Secondary education (e.g., high school)",Man,34,Not religious at all (1),Rural,40000,10.596634733096073,"March 03, 2023"
2023-03-03 15:50:58,2023-03-03 16:20:21,0,100,1763,1,2023-03-03 16:20:22,R_3iw05KA7qhjuLck,anonymous,FR,1,0,NA,68,3,213,4,5,1,1,3,1,1,1,1,1,3,1,1,1,NA,Ses connaissances et leurs applications,4,4,3,5,5,4,3,3,3,2,2,3,2,3,2,4,5,4,4,4,4,4,3,4,3,4,4,4,4,4,3,3,3,3,4,3,4,3,3,3,3,2,4,4,1,6,7,6,1,3,4,2,3,2,1,1,4,4,1,2,2,5,2,2,2,4,3,3,3,3,1,5,5,5,4,4,5,5,5,4,4,4,5,18.200,99,99,3,1,3,3,3,2,2,3,2,2,2,2,2,2,3,3,2,2,2,2,1,5,5,4,2,6,NA,NA,NA,NA,NA,NA,NA,NA,NA,NA,NA,NA,NA,NA,NA,NA,NA,NA,NA,NA,NA,NA,NA,NA,NA,NA,NA,237457967414319,213,1,1053,4,4,3.6666666666666665,3.3333333333333335,3,3,3.75,4,3,"Secondary education (e.g., high school)",Woman,68,(3),Rural,18200,9.809176873064887,"March 03, 2023"
2023-03-03 15:53:23,2023-03-03 16:22:42,0,100,1759,1,2023-03-03 16:22:43,R_AhApQuUdPfF6b2p,anonymous,FR,1,1,NA,29,3,213,2,5,6,5,1,4,2,1,2,4,6,5,1,1,NA,La méthode utilisée pour sa recherche,4,4,1,5,4,3,3,4,3,1,5,4,3,5,3,5,4,4,3,4,4,4,4,4,4,4,4,5,5,4,4,4,4,5,5,5,4,2,2,2,3,3,1,1,1,6,3,7,9,4,4,3,1,2,1,1,2,4,3,2,1,5,2,2,1,3,1,3,2,3,1,4,4,5,5,3,4,4,4,4,4,3,4,1300,3,3,1,2,4,4,4,3,1,2,4,4,4,3,2,2,4,4,4,3,2,3,1,1,2,5,2,3,NA,NA,NA,NA,NA,NA,NA,NA,NA,NA,NA,NA,NA,NA,NA,NA,NA,NA,NA,NA,NA,NA,NA,NA,NA,NA,NA,237457967579188,213,1,1054,4,4.333333333333333,4.333333333333333,4,3.8,4,4.166666666666667,4.166666666666667,3,"Secondary education (e.g., high school)",Man,29,Not religious at all (1),Urban,1300,7.170119543449628,"March 03, 2023"
2023-03-03 15:57:50,2023-03-03 16:25:09,0,100,1639,1,2023-03-03 16:25:10,R_1M4ARGdjAC4bacN,anonymous,FR,1,0,NA,38,4,213,3,3,1,1,1,1,3,1,3,3,5,1,3,1,"Tout le monde, d'un point de vu médical par exemple.",NA,2,4,5,5,5,4,3,5,5,3,3,3,1,3,1,5,5,3,3,3,3,3,3,3,3,3,3,3,3,3,3,3,3,3,3,3,3,3,2,2,2,3,3,3,1,6,6,6,6,3,4,2,3,4,1,1,1,3,1,3,3,1,3,3,3,1,2,3,3,3,1,4,4,4,4,4,4,4,4,4,4,4,4,15000,99,3,1,2,3,3,3,3,3,3,3,3,3,3,3,3,3,3,3,3,3,2,1,1,2,6,6,5,NA,NA,NA,NA,NA,NA,NA,NA,NA,NA,NA,NA,NA,NA,NA,NA,NA,NA,NA,NA,NA,NA,NA,NA,NA,NA,NA,236923091040267,213,1,1056,3,3,3,3,2.6,3,3,3,4,"Higher education (e.g., university degree or higher education diploma)",Woman,38,Not religious at all (1),Urban,15000,9.615805480084347,"March 03, 2023"
2023-03-03 16:14:29,2023-03-03 16:31:59,0,100,1049,1,2023-03-03 16:32:00,R_2tnWfDgmtUQvql4,anonymous,FR,1,0,NA,40,4,213,3,4,3,2,6,4,2,2,1,1,2,2,1,1,Les malades. Les entreprises.,NA,2,4,1,3,5,2,1,3,3,1,5,3,3,3,3,5,5,5,3,3,4,3,3,4,3,3,5,4,4,3,2,5,3,3,3,3,4,2,3,3,1,3,3,4,1,9,3,8,3,4,5,5,1,4,2,2,4,5,1,1,1,5,1,1,1,5,2,2,1,2,3,5,5,5,5,5,5,5,5,5,5,5,5,24000,3,2,1,2,5,5,5,4,3,3,5,5,5,4,3,2,4,4,5,3,2,2,1,1,3,5,4,5,NA,NA,NA,NA,NA,NA,NA,NA,NA,NA,NA,NA,NA,NA,NA,NA,NA,NA,NA,NA,NA,NA,NA,NA,NA,NA,NA,237457967323347,213,1,1058,3,3.6666666666666665,3.6666666666666665,3.3333333333333335,3.4,4,3.4166666666666665,3.3333333333333335,4,"Higher education (e.g., university degree or higher education diploma)",Woman,40,Not religious at all (1),Urban,24000,10.085809109330082,"March 03, 2023"
2023-03-03 11:12:13,2023-03-03 16:36:44,0,100,19471,1,2023-03-03 16:36:44,R_28VcextSDkxu7nl,anonymous,FR,1,1,NA,38,4,213,2,6,6,5,5,4,6,7,5,7,5,7,6,1,NA,"Les scientifiques digne de confiance ce sont les personnes qui ce rendent disponible sur leur recherche pour trouver les meilleurs solution, que sa soit pour les maladies ou pour la mère nature comme pouvoir predire la periode d'une éruption volcanique",5,2,3,5,4,5,2,5,5,5,4,2,5,1,3,3,5,4,3,4,4,3,3,4,3,3,4,5,4,3,3,3,4,4,5,5,4,3,3,4,5,3,1,4,1,10,10,10,1,3,5,4,3,4,4,2,2,3,1,4,4,3,4,4,3,2,2,2,3,3,4,5,4,5,3,5,5,5,5,5,3,5,5,22000,3,3,3,2,3,4,3,4,2,3,3,3,2,3,2,2,4,4,2,3,2,3,1,3,6,4,7,7,NA,NA,NA,NA,NA,NA,NA,NA,NA,NA,NA,NA,NA,NA,NA,NA,NA,NA,NA,NA,NA,NA,NA,NA,NA,NA,NA,237457968437449,213,1,1061,3,4.333333333333333,3.6666666666666665,3.3333333333333335,3.2,4,3.5833333333333335,3.6666666666666665,4,"Higher education (e.g., university degree or higher education diploma)",Man,38,(3),Urban,22000,9.998797732340453,"March 03, 2023"
2023-03-03 16:25:05,2023-03-03 16:41:25,0,100,980,1,2023-03-03 16:41:26,R_21aJ1DvO4L3ECVV,anonymous,FR,1,0,NA,22,4,213,4,4,5,4,4,2,5,3,1,3,4,3,2,2,NA,Ses arguments et ses preuves,4,6,1,4,3,4,3,3,5,3,4,3,2,3,3,3,3,3,3,2,2,2,3,3,3,3,3,3,3,3,3,3,2,2,2,3,4,2,3,4,3,3,3,3,1,5,5,5,4,2,2,1,3,1,1,1,1,1,3,3,4,3,3,2,2,2,2,2,2,2,2,3,3,3,3,3,3,3,3,3,3,3,3,10000,99,99,3,2,3,3,3,3,3,3,3,3,3,3,3,3,3,3,3,3,3,3,4,4,5,4,4,5,NA,NA,NA,NA,NA,NA,NA,NA,NA,NA,NA,NA,NA,NA,NA,NA,NA,NA,NA,NA,NA,NA,NA,NA,NA,NA,NA,237457967421561,213,1,1062,2.6666666666666665,2.6666666666666665,2.6666666666666665,3,2.8,3,2.75,2.6666666666666665,4,"Higher education (e.g., university degree or higher education diploma)",Woman,22,(3),Urban,10000,9.210340371976184,"March 03, 2023"
2023-03-03 16:51:08,2023-03-03 17:01:55,0,100,647,1,2023-03-03 17:01:56,R_eRFORvBwNXycmHv,anonymous,FR,1,0,NA,56,4,213,3,3,1,1,1,3,1,3,3,4,5,1,1,1,NA,"'-Ses études tout d'abord (parcours universitaire, diplômes obtenus) - Son parcours professionnel",4,6,1,5,5,4,1,3,2,1,4,3,3,3,3,3,3,5,4,3,3,3,3,4,3,3,3,4,4,3,3,5,4,3,3,3,4,3,3,2,1,2,3,3,1,6,5,6,4,4,2,3,2,3,2,3,3,3,2,3,2,3,2,1,3,3,2,3,3,3,1,4,3,3,4,3,4,4,3,4,4,4,4,3000,99,3,4,1,3,3,4,3,3,2,3,4,4,3,3,2,3,4,4,2,3,2,2,3,6,5,5,6,NA,NA,NA,NA,NA,NA,NA,NA,NA,NA,NA,NA,NA,NA,NA,NA,NA,NA,NA,NA,NA,NA,NA,NA,NA,NA,NA,237457967362297,213,1,1064,3,3.6666666666666665,3.3333333333333335,3,3,4,3.25,3.3333333333333335,4,"Higher education (e.g., university degree or higher education diploma)",Woman,56,(4),Rural,3000,8.006367567650246,"March 03, 2023"
2023-03-03 16:39:29,2023-03-03 17:02:43,0,100,1393,1,2023-03-03 17:02:43,R_21mmmwlfwhqaoi9,anonymous,FR,1,1,NA,56,4,213,2,4,3,3,5,1,5,3,1,5,5,1,1,1,"l industrie automobile,spatial,medical,aeronotique,dans un but d améliorer la condition et la survie de la race humaine",NA,3,1,5,5,5,5,3,4,5,3,5,5,5,5,5,5,5,5,5,3,3,4,4,3,3,4,4,3,3,3,4,1,3,5,2,5,5,1,4,5,5,4,3,3,1,10,5,10,5,5,5,3,3,4,2,1,1,4,1,5,4,5,5,5,4,3,3,3,3,3,2,5,5,5,5,5,5,5,5,5,5,5,5,17500,1,3,1,1,4,4,4,4,4,4,4,4,4,4,4,4,4,4,4,4,4,4,1,7,9,1,7,5,NA,NA,NA,NA,NA,NA,NA,NA,NA,NA,NA,NA,NA,NA,NA,NA,NA,NA,NA,NA,NA,NA,NA,NA,NA,NA,NA,237457968342146,213,1,1065,3.6666666666666665,3,3,4,5,5,3.4166666666666665,3.3333333333333335,4,"Higher education (e.g., university degree or higher education diploma)",Man,56,Not religious at all (1),Rural,17500,9.769956159911606,"March 03, 2023"
2023-03-03 16:49:18,2023-03-03 17:06:41,0,100,1043,1,2023-03-03 17:06:42,R_AbXIelMFMpNInBv,anonymous,FR,1,1,NA,69,3,213,4,5,5,3,3,2,1,1,1,1,1,1,1,1,le monde médical,NA,3,6,1,5,5,5,3,3,3,2,4,4,5,4,3,5,5,4,4,4,3,3,3,5,3,4,3,4,4,3,3,5,4,3,2,2,3,2,3,3,3,3,3,4,1,9,3,9,2,3,4,1,3,2,1,2,1,3,1,2,2,5,2,2,1,3,1,3,2,3,1,4,4,4,4,4,4,3,3,3,3,3,3,35000,99,1,1,2,4,4,4,3,3,4,4,4,4,4,4,4,3,3,3,3,3,3,2,2,7,4,4,3,NA,NA,NA,NA,NA,NA,NA,NA,NA,NA,NA,NA,NA,NA,NA,NA,NA,NA,NA,NA,NA,NA,NA,NA,NA,NA,NA,237298314593365,213,1,1067,3.3333333333333335,4.333333333333333,3.3333333333333335,3,4.2,4,3.5,3.8333333333333335,3,"Secondary education (e.g., high school)",Man,69,Not religious at all (1),Urban,35000,10.46310334047155,"March 03, 2023"
2023-03-03 17:13:33,2023-03-03 17:28:29,0,100,896,1,2023-03-03 17:28:30,R_2Yyqa0hRM5ETTVz,anonymous,FR,1,1,NA,40,4,213,6,5,6,5,4,4,6,1,6,3,6,4,5,1,NA,Sa neutralité,4,6,1,4,4,4,3,4,4,3,3,3,4,3,4,4,4,4,3,4,2,3,3,4,4,4,3,4,4,3,4,4,4,4,4,4,4,2,3,3,1,1,1,2,1,6,7,6,6,4,4,2,3,2,2,2,2,3,3,2,2,2,3,2,2,3,2,3,2,3,1,4,4,4,4,4,4,5,5,5,5,5,5,1800,4,4,1,2,4,4,4,4,3,3,4,4,4,3,4,4,4,4,4,4,3,3,1,2,4,5,4,6,NA,NA,NA,NA,NA,NA,NA,NA,NA,NA,NA,NA,NA,NA,NA,NA,NA,NA,NA,NA,NA,NA,NA,NA,NA,NA,NA,237361109909650,213,1,1070,3.3333333333333335,4,3.3333333333333335,3.3333333333333335,3.6,4,3.5,3.6666666666666665,4,"Higher education (e.g., university degree or higher education diploma)",Man,40,Not religious at all (1),Urban,1800,7.495541943884256,"March 03, 2023"
2023-03-03 15:02:25,2023-03-03 17:30:55,0,100,8909,1,2023-03-03 17:30:55,R_3r1YaWBoi0vtyrS,anonymous,FR,1,0,NA,26,4,213,2,5,2,1,3,2,1,1,3,3,4,1,1,1,NA,Je ne sais pas,3,4,1,4,4,3,3,3,4,2,3,2,2,3,2,4,4,4,4,3,3,3,3,4,3,3,3,4,4,3,3,3,3,3,3,3,3,3,3,3,3,3,3,3,1,10,6,6,1,3,3,3,2,3,3,3,3,3,2,2,2,4,2,2,2,3,3,3,3,3,3,4,4,3,4,4,4,4,4,4,4,4,4,24000,2,2,1,1,3,3,3,3,2,3,3,3,3,3,3,3,3,3,3,3,3,3,1,1,6,4,4,6,NA,NA,NA,NA,NA,NA,NA,NA,NA,NA,NA,NA,NA,NA,NA,NA,NA,NA,NA,NA,NA,NA,NA,NA,NA,NA,NA,237457967389863,213,1,1072,3,3.6666666666666665,3.3333333333333335,3,2.6,4,3.25,3.3333333333333335,4,"Higher education (e.g., university degree or higher education diploma)",Woman,26,Not religious at all (1),Rural,24000,10.085809109330082,"March 03, 2023"
2023-03-03 13:40:20,2023-03-03 17:32:53,0,100,13952,1,2023-03-03 17:32:53,R_3hzRzycXbHJGOre,anonymous,FR,1,1,NA,31,4,213,7,6,7,7,7,6,7,7,6,7,6,7,6,6,NA,car,3,2,4,2,3,3,3,2,3,3,3,3,2,3,3,2,2,3,3,3,2,3,3,3,2,3,2,3,2,2,2,3,3,2,3,2,3,3,2,3,2,3,2,3,1,7,5,5,7,3,2,2,2,3,1,2,2,2,2,2,3,2,3,3,3,4,2,3,2,2,2,2,2,3,2,3,3,2,2,2,2,3,3,65000,4,2,3,2,2,3,3,4,4,2,2,2,3,3,2,2,2,2,3,3,3,3,4,3,5,4,5,7,NA,NA,NA,NA,NA,NA,NA,NA,NA,NA,NA,NA,NA,NA,NA,NA,NA,NA,NA,NA,NA,NA,NA,NA,NA,NA,NA,236923091560623,213,1,1073,2.6666666666666665,3,2,2.3333333333333335,2.6,3,2.5,2.8333333333333335,4,"Higher education (e.g., university degree or higher education diploma)",Man,31,(3),Urban,65000,11.082142548877775,"March 03, 2023"
2023-03-03 17:22:04,2023-03-03 17:39:52,0,100,1068,1,2023-03-03 17:39:52,R_reyJFISmNlfXL0d,anonymous,FR,1,1,NA,48,3,213,5,5,1,1,4,1,3,5,1,6,4,3,3,4,NA,"libre de tout partie, clair et indépendant",4,4,1,5,5,4,1,4,3,2,2,1,1,5,1,5,5,3,3,3,3,3,3,3,4,4,3,4,4,3,2,4,3,5,5,5,4,4,3,4,4,4,2,2,1,8,7,7,3,3,4,1,3,2,1,1,1,3,2,1,3,5,1,3,1,5,1,3,1,4,1,4,4,4,4,4,4,4,4,4,4,4,4,38000,4,4,1,1,4,4,3,3,2,3,4,4,4,3,3,3,3,3,4,3,2,2,1,6,7,1,1,6,NA,NA,NA,NA,NA,NA,NA,NA,NA,NA,NA,NA,NA,NA,NA,NA,NA,NA,NA,NA,NA,NA,NA,NA,NA,NA,NA,237457968327837,213,1,1074,3.3333333333333335,3.3333333333333335,3.6666666666666665,2.6666666666666665,2.6,4,3.25,3.3333333333333335,3,"Secondary education (e.g., high school)",Man,48,Not religious at all (1),Rural,38000,10.545341438708522,"March 03, 2023"
2023-03-03 17:18:22,2023-03-03 17:43:37,0,100,1514,1,2023-03-03 17:43:37,R_3QDgwXGfoxRqx4p,anonymous,FR,1,0,NA,62,3,213,1,1,1,1,1,1,1,1,1,1,3,1,1,1,"les étudiants, les politiques qui s'en servent pour expliquer des choses que des personnes comme moi qui ne comprennent pas tout et qui non pas fait de grande études",NA,4,4,1,5,5,5,4,4,4,4,3,3,3,3,5,4,5,5,5,5,3,3,3,4,4,4,4,4,4,4,3,5,4,4,2,2,3,3,3,3,3,3,3,3,1,9,9,9,2,4,3,4,2,4,3,3,5,4,2,1,1,1,1,1,1,1,1,3,3,3,1,5,5,5,5,5,5,5,5,5,5,5,5,6300,99,99,3,2,4,4,4,4,3,3,3,3,3,3,3,3,4,4,3,3,3,3,1,3,8,4,4,5,NA,NA,NA,NA,NA,NA,NA,NA,NA,NA,NA,NA,NA,NA,NA,NA,NA,NA,NA,NA,NA,NA,NA,NA,NA,NA,NA,237457967766551,213,1,1075,3.6666666666666665,4.333333333333333,3.6666666666666665,3.3333333333333335,3.8,5,3.75,4,3,"Secondary education (e.g., high school)",Woman,62,(3),Urban,6300,8.748304912379623,"March 03, 2023"
2023-03-03 17:37:03,2023-03-03 17:47:22,0,100,619,1,2023-03-03 17:47:22,R_2wprP25QsdwbzYn,anonymous,FR,1,1,NA,51,4,213,5,5,5,4,4,1,1,4,3,5,5,4,1,1,L'humanité car la science améliore les co éditions de vie,NA,5,6,3,5,5,3,1,5,4,1,5,3,1,5,1,5,5,5,1,3,3,3,2,5,3,3,1,5,2,2,2,3,2,1,1,3,3,3,5,5,3,2,3,5,1,10,1,10,1,2,1,1,1,1,1,1,1,1,5,3,1,3,3,3,3,3,2,1,1,2,2,1,2,2,2,3,3,3,4,4,4,4,4,65000,3,3,1,2,4,4,4,3,3,4,3,3,4,4,4,3,2,2,3,3,2,2,2,1,1,1,1,5,NA,NA,NA,NA,NA,NA,NA,NA,NA,NA,NA,NA,NA,NA,NA,NA,NA,NA,NA,NA,NA,NA,NA,NA,NA,NA,NA,237457968327826,213,1,1077,2.6666666666666665,4.333333333333333,2.6666666666666665,1.6666666666666667,3,5,2.8333333333333335,3.5,4,"Higher education (e.g., university degree or higher education diploma)",Man,51,Not religious at all (1),Urban,65000,11.082142548877775,"March 03, 2023"
2023-03-03 16:00:26,2023-03-03 17:48:48,0,100,6501,1,2023-03-03 17:48:48,R_AuL0PQwnvSfyvnj,anonymous,FR,1,1,NA,79,4,213,5,6,6,6,2,2,5,4,3,4,4,5,5,1,NA,"Son niveau d'études, les publications dans des revues scientifiques, son autorité dans les milieux scientifiques",4,6,1,5,4,4,3,4,2,1,4,4,3,NA,3,5,5,5,2,4,3,3,2,5,3,4,2,5,3,2,2,3,3,5,4,4,4,2,2,2,2,3,3,5,1,5,9,9,1,4,2,4,2,1,2,1,2,4,1,4,2,4,3,3,2,3,2,3,2,2,1,4,5,4,4,5,5,4,4,4,3,4,4,55000,3,3,1,2,4,4,4,4,3,3,3,4,5,2,2,2,4,4,4,3,2,2,1,6,4,4,5,5,NA,NA,NA,NA,NA,NA,NA,NA,NA,NA,NA,NA,NA,NA,NA,NA,NA,NA,NA,NA,NA,NA,NA,NA,NA,NA,NA,237457967300683,213,1,1079,3,4.666666666666667,3,2,3.75,5,3.1666666666666665,3.8333333333333335,4,"Higher education (e.g., university degree or higher education diploma)",Man,79,Not religious at all (1),Urban,55000,10.915088464214607,"March 03, 2023"
2023-03-03 17:23:44,2023-03-03 17:55:51,0,100,1927,1,2023-03-03 17:55:51,R_2zSfYsYlSsIpfqq,anonymous,FR,1,1,NA,42,4,213,5,6,7,7,2,1,7,7,2,5,7,6,6,4,NA,"La méthode scientifique se fonde sur le doute systématique et l'obligation de chercher des preuves. Aucun scientifique n'est digne de confiance. La seule chose à laquelle on doit faire confiance, c'est à la logique et aux preuves. On peut espérer que les scientifiques aient acquis cet ethos par socialisation progressive,  mais cela peut être très imparfait et n'empêche pas la partialité. On peut espérer que les titres d'un scientifique lui donne une crédibilité, mais rien ne garantit contre l'erreur, les biais, la mauvaise foi. C'est dans la méthode scientifique qu'il faut avoir confiance et une organisation du doute systématique, pas dans l'individu scientifique",5,2,1,3,3,3,1,5,5,5,5,3,3,5,3,5,3,4,5,4,3,5,4,5,4,5,4,5,5,4,4,5,4,4,3,4,4,4,3,2,1,1,3,1,1,2,7,7,4,2,1,1,5,5,1,1,1,1,5,1,5,3,1,4,2,4,1,3,1,3,1,3,3,3,3,3,3,3,3,1,3,3,3,40000,4,2,1,2,5,4,5,1,3,2,4,5,5,3,2,2,4,4,5,2,2,1,1,1,1,3,2,7,NA,NA,NA,NA,NA,NA,NA,NA,NA,NA,NA,NA,NA,NA,NA,NA,NA,NA,NA,NA,NA,NA,NA,NA,NA,NA,NA,237361109725353,213,1,1082,4.666666666666667,4.666666666666667,4,4,3.4,5,4.333333333333333,4.666666666666667,4,"Higher education (e.g., university degree or higher education diploma)",Man,42,Not religious at all (1),Urban,40000,10.596634733096073,"March 03, 2023"
2023-03-03 17:36:09,2023-03-03 17:55:54,0,100,1185,1,2023-03-03 17:55:55,R_3lyTmZmldtFHmom,anonymous,FR,1,1,NA,77,4,213,4,2,4,1,1,1,1,1,3,3,3,1,3,3,NA,La compétence de l’intervenant,3,6,1,5,5,3,3,4,4,3,4,5,4,5,5,5,2,4,3,4,4,3,3,4,4,4,4,4,4,3,3,4,3,4,4,4,3,3,3,3,3,3,3,2,1,NA,NA,8,4,3,3,3,2,3,3,3,3,4,3,3,3,3,3,3,3,3,3,2,3,3,2,4,4,4,4,4,4,4,4,4,4,4,4,39000,3,3,2,1,4,4,4,4,3,3,4,3,4,4,2,2,3,3,4,4,2,2,3,3,2,2,3,7,NA,NA,NA,NA,NA,NA,NA,NA,NA,NA,NA,NA,NA,NA,NA,NA,NA,NA,NA,NA,NA,NA,NA,NA,NA,NA,NA,237457967320270,213,1,1083,3.3333333333333335,4,4,3.3333333333333335,4.2,4,3.6666666666666665,3.6666666666666665,4,"Higher education (e.g., university degree or higher education diploma)",Man,77,(2),Rural,39000,10.571316925111784,"March 03, 2023"
2023-03-03 17:55:47,2023-03-03 18:07:39,0,100,711,1,2023-03-03 18:07:39,R_1r3nUN3bsz1O066,anonymous,FR,1,1,NA,28,3,213,1,1,1,1,1,1,1,1,1,1,2,2,2,1,NA,Sa crédibilité,3,4,1,3,4,4,4,4,4,4,3,4,4,3,5,5,3,3,4,2,3,3,2,3,3,3,3,4,4,4,3,5,4,4,4,3,4,4,3,3,2,2,2,3,1,10,7,7,7,5,4,1,2,2,2,1,4,1,3,2,2,3,2,4,3,3,2,2,3,3,1,4,4,4,5,1,5,5,5,5,2,5,5,24000,99,5,1,1,5,5,3,4,4,4,2,4,2,3,4,4,2,3,3,3,4,3,1,7,1,4,6,2,NA,NA,NA,NA,NA,NA,NA,NA,NA,NA,NA,NA,NA,NA,NA,NA,NA,NA,NA,NA,NA,NA,NA,NA,NA,NA,NA,237457968345273,213,1,1087,3.3333333333333335,3,3.3333333333333335,2.6666666666666665,3.8,3,3.0833333333333335,3.1666666666666665,3,"Secondary education (e.g., high school)",Man,28,Not religious at all (1),Rural,24000,10.085809109330082,"March 03, 2023"
2023-03-03 17:53:11,2023-03-03 18:09:46,0,100,995,1,2023-03-03 18:09:46,R_8HR0OnsPDtkHmj7,anonymous,FR,1,1,NA,46,4,213,3,6,5,5,4,2,6,3,3,3,3,2,1,1,"L'humanité en entière, que les individus s'en rendent compte, ou pas.",NA,5,6,1,5,5,4,5,4,4,3,4,5,3,5,5,3,5,5,3,4,4,3,1,4,4,4,4,4,4,3,1,5,5,1,2,1,4,5,1,1,3,3,1,5,1,5,1,5,5,5,3,1,4,2,1,1,1,2,4,1,1,5,1,1,1,4,2,3,3,3,1,5,5,5,5,5,5,5,5,5,5,5,5,45000,3,3,2,2,5,5,4,5,4,3,1,2,3,4,3,1,4,4,4,4,3,3,1,1,2,5,3,4,NA,NA,NA,NA,NA,NA,NA,NA,NA,NA,NA,NA,NA,NA,NA,NA,NA,NA,NA,NA,NA,NA,NA,NA,NA,NA,NA,237361107909885,213,1,1088,3.3333333333333335,4,4,2,4.6,5,3.3333333333333335,3.6666666666666665,4,"Higher education (e.g., university degree or higher education diploma)",Man,46,(2),Urban,45000,10.714417768752456,"March 03, 2023"
2023-03-03 17:50:35,2023-03-03 18:11:16,0,100,1240,1,2023-03-03 18:11:16,R_yZSYHw2Odizi3MR,anonymous,FR,1,99,NA,65,4,213,3,3,2,1,1,1,1,1,2,3,6,1,1,1,L humanité.,NA,4,6,1,5,5,5,1,3,3,3,4,5,4,5,5,5,4,5,5,3,2,3,3,4,2,4,2,3,3,3,2,3,2,5,3,5,4,1,3,4,1,3,3,1,1,7,7,1,1,1,5,5,1,5,1,1,5,5,1,1,1,5,1,1,1,5,3,3,3,3,3,5,5,5,5,5,5,5,5,5,5,5,5,24000,99,99,2,2,1,2,3,2,3,2,4,4,2,4,4,3,3,4,2,1,2,4,1,7,7,1,3,6,NA,NA,NA,NA,NA,NA,NA,NA,NA,NA,NA,NA,NA,NA,NA,NA,NA,NA,NA,NA,NA,NA,NA,NA,NA,NA,NA,237457967438853,213,1,1089,3.3333333333333335,3.3333333333333335,2.3333333333333335,2.3333333333333335,4.6,5,2.8333333333333335,3.3333333333333335,4,"Higher education (e.g., university degree or higher education diploma)",Prefer not to say,65,(2),Urban,24000,10.085809109330082,"March 03, 2023"
2023-03-03 17:17:45,2023-03-03 18:17:21,0,100,3575,1,2023-03-03 18:17:22,R_3sdKWRS2O6XWwgP,anonymous,FR,1,0,NA,32,4,213,4,6,2,2,3,1,2,4,2,5,6,4,3,2,Tout le monde bénéficie de la science mais c'est surtout et principalement l'homme qui en bénéficie le plus. Grace à la science l'expérience de vie de l'être humain se rallonge de plus en plus.,NA,5,6,1,5,4,3,2,5,3,2,3,1,4,5,2,5,5,5,5,4,4,4,5,5,4,5,4,5,5,4,4,5,5,5,5,4,4,3,2,2,1,1,2,1,1,10,2,10,1,5,3,4,4,5,5,4,3,2,1,3,3,2,3,2,4,4,3,3,3,3,2,5,5,4,5,3,5,2,5,5,5,3,5,4500,3,2,5,2,4,5,4,5,3,2,4,5,4,4,2,3,4,5,4,5,2,2,1,3,9,6,7,8,NA,NA,NA,NA,NA,NA,NA,NA,NA,NA,NA,NA,NA,NA,NA,NA,NA,NA,NA,NA,NA,NA,NA,NA,NA,NA,NA,237457968333035,213,1,1091,4.333333333333333,4.666666666666667,4.333333333333333,4.333333333333333,3.4,5,4.416666666666667,4.5,4,"Higher education (e.g., university degree or higher education diploma)",Woman,32,Very strongly religious (5),Urban,4500,8.411832675758411,"March 03, 2023"
2023-03-03 18:02:49,2023-03-03 18:19:13,0,100,984,1,2023-03-03 18:19:14,R_u3NeKklqBUQPaLf,anonymous,FR,1,1,NA,32,4,213,1,1,2,1,2,3,2,1,1,2,2,1,1,1,le peuple parce que c'est bien,NA,3,6,1,2,1,3,3,3,2,2,3,2,2,1,1,3,3,3,3,2,4,2,3,2,4,3,4,3,2,4,3,3,4,1,3,2,3,3,2,2,3,4,2,3,1,5,7,7,2,3,4,3,3,2,2,1,3,3,2,2,1,1,3,2,3,2,2,1,2,3,1,2,1,3,2,2,2,4,4,3,2,4,4,195000,4,5,1,1,2,3,3,2,4,4,3,2,3,2,2,4,3,1,3,2,4,4,5,3,8,5,4,3,NA,NA,NA,NA,NA,NA,NA,NA,NA,NA,NA,NA,NA,NA,NA,NA,NA,NA,NA,NA,NA,NA,NA,NA,NA,NA,NA,237457967389864,213,1,1094,3,2.3333333333333335,3.3333333333333335,3.3333333333333335,1.8,4,3,2.6666666666666665,4,"Higher education (e.g., university degree or higher education diploma)",Man,32,Not religious at all (1),Rural,195000,12.180754837545884,"March 03, 2023"
2023-03-03 18:04:08,2023-03-03 18:27:15,0,100,1387,1,2023-03-03 18:27:16,R_3sit57YPv72Uent,anonymous,FR,1,1,NA,78,4,213,1,2,3,1,1,1,1,1,1,1,4,1,1,1,NA,"Ses études,sa véracité",2,4,1,3,3,2,2,3,2,2,2,3,1,2,1,3,4,3,2,3,3,4,3,2,2,3,2,4,4,3,2,2,3,3,3,3,4,3,4,2,1,3,4,4,1,8,5,5,1,3,4,3,2,3,2,3,3,4,3,2,2,2,3,2,1,1,1,3,3,3,1,2,2,2,1,2,4,3,3,3,2,2,4,35000,99,99,1,1,3,3,3,2,3,3,2,2,2,2,2,2,2,2,2,1,3,2,3,4,3,3,3,5,NA,NA,NA,NA,NA,NA,NA,NA,NA,NA,NA,NA,NA,NA,NA,NA,NA,NA,NA,NA,NA,NA,NA,NA,NA,NA,NA,237457967299646,213,1,1096,3.3333333333333335,3,3,2.3333333333333335,2.2,3,2.9166666666666665,3.1666666666666665,4,"Higher education (e.g., university degree or higher education diploma)",Man,78,Not religious at all (1),Rural,35000,10.46310334047155,"March 03, 2023"
2023-03-03 18:15:28,2023-03-03 18:32:19,0,100,1011,1,2023-03-03 18:32:20,R_211fxXQyr2XmH5j,anonymous,FR,1,1,NA,61,4,213,1,3,4,3,4,4,4,2,2,3,3,2,2,1,NA,il me semble qu'il est difficile d'avoir pleinement confiance car il y a trop de lobby financier...,4,2,1,4,4,3,2,2,2,1,4,1,1,3,1,5,5,4,4,3,3,3,3,3,3,3,2,4,4,3,3,4,3,3,3,3,4,2,4,5,3,4,4,4,1,7,3,7,3,3,3,2,3,4,1,1,1,1,1,2,1,4,3,2,1,4,1,3,2,4,1,4,4,4,4,3,4,3,4,5,5,4,5,1,99,2,1,1,3,3,4,4,2,3,3,3,3,3,3,3,3,4,4,3,3,2,3,5,9,5,3,6,NA,NA,NA,NA,NA,NA,NA,NA,NA,NA,NA,NA,NA,NA,NA,NA,NA,NA,NA,NA,NA,NA,NA,NA,NA,NA,NA,237457967368242,213,1,1098,3,3.3333333333333335,3.3333333333333335,2.6666666666666665,2.2,3,3.0833333333333335,3.1666666666666665,4,"Higher education (e.g., university degree or higher education diploma)",Man,61,Not religious at all (1),Rural,1,0,"March 03, 2023"
2023-03-03 18:24:41,2023-03-03 18:34:38,0,100,596,1,2023-03-03 18:34:38,R_1BPgVYAY9TtGscs,anonymous,FR,1,1,NA,43,4,213,4,2,3,4,5,3,5,3,1,3,4,3,5,2,NA,"Parcours, célébrité, reconnaissance de ses pairs",2,6,1,4,4,3,3,4,4,2,2,3,3,3,4,3,3,4,4,4,4,4,2,4,4,4,2,4,4,4,2,4,4,4,4,4,5,4,2,1,2,4,4,4,1,4,4,4,5,4,2,2,3,2,3,3,2,2,2,4,4,2,3,4,4,2,1,3,3,3,1,4,4,4,4,5,5,4,4,4,4,4,5,65000,3,4,1,1,4,4,4,4,3,2,4,4,4,4,2,4,4,4,4,4,2,3,1,1,1,4,6,8,NA,NA,NA,NA,NA,NA,NA,NA,NA,NA,NA,NA,NA,NA,NA,NA,NA,NA,NA,NA,NA,NA,NA,NA,NA,NA,NA,237361107833017,213,1,1100,4,4,4,2,3.2,3,3.5,4,4,"Higher education (e.g., university degree or higher education diploma)",Man,43,Not religious at all (1),Rural,65000,11.082142548877775,"March 03, 2023"
2023-03-03 18:24:43,2023-03-03 18:52:43,0,100,1680,1,2023-03-03 18:52:44,R_3DjUSe82AmnoBIM,anonymous,FR,1,0,NA,19,3,213,1,3,2,2,2,1,5,1,1,3,4,4,1,1,Les scientifiques,NA,3,4,1,4,2,4,4,3,4,4,4,2,2,2,3,4,4,5,3,4,3,2,3,4,3,3,1,4,2,2,2,3,4,3,4,4,2,1,4,3,4,5,3,3,1,5,1,5,7,4,5,4,1,4,3,3,4,5,1,1,1,5,1,1,1,5,3,3,3,3,2,4,5,4,5,3,5,5,5,5,5,5,5,1300,4,4,3,1,4,4,3,3,2,3,3,4,3,4,3,3,4,3,3,3,3,3,1,3,8,5,7,4,NA,NA,NA,NA,NA,NA,NA,NA,NA,NA,NA,NA,NA,NA,NA,NA,NA,NA,NA,NA,NA,NA,NA,NA,NA,NA,NA,237197170714795,213,1,1104,2.3333333333333335,4,2.6666666666666665,2,2.6,4,2.75,3.1666666666666665,3,"Secondary education (e.g., high school)",Woman,19,(3),Rural,1300,7.170119543449628,"March 03, 2023"
2023-03-03 18:34:12,2023-03-03 18:58:00,0,100,1428,1,2023-03-03 18:58:01,R_2y33y8xuJKMgcCO,anonymous,FR,1,0,NA,88,2,213,2,3,1,1,1,1,1,1,1,3,3,1,1,1,NA,QU'IL SE METTE A LA PORTEE DES AUDITEURS EN EXPLIQUANT DANS UN LANGAGE EXPLICE A TOUS,5,4,1,5,4,5,4,4,3,3,3,5,5,5,5,5,3,4,4,3,4,4,3,4,4,4,2,4,4,3,2,3,3,5,5,5,4,1,3,3,2,2,2,2,1,6,3,5,1,3,4,1,2,1,1,1,1,3,2,3,4,3,4,4,4,2,2,3,3,3,4,4,4,4,4,4,4,4,4,4,4,4,4,30000,4,4,3,2,3,3,3,3,3,3,4,4,4,3,3,3,4,5,4,4,4,3,1,6,6,1,5,7,NA,NA,NA,NA,NA,NA,NA,NA,NA,NA,NA,NA,NA,NA,NA,NA,NA,NA,NA,NA,NA,NA,NA,NA,NA,NA,NA,237457967445043,213,1,1107,3.6666666666666665,3.6666666666666665,4,2.3333333333333335,4.6,3,3.4166666666666665,3.6666666666666665,2,Primary education,Woman,88,(3),Urban,30000,10.308952660644293,"March 03, 2023"
2023-03-03 18:47:03,2023-03-03 19:04:15,0,100,1031,1,2023-03-03 19:04:16,R_10Vgq7IE0IoHzz9,anonymous,FR,1,0,NA,73,3,213,1,1,1,1,1,1,5,5,1,5,5,5,5,3,NA,Le fait qu'elle ne soit pas payée par les laboratoires,2,6,1,5,1,5,3,1,1,1,4,1,3,1,1,5,5,3,3,2,1,1,3,4,1,1,1,4,3,1,1,3,2,4,5,4,4,4,5,5,4,4,4,5,1,10,5,10,1,1,1,1,5,1,1,1,1,1,1,1,1,5,1,1,1,5,1,3,1,4,1,1,1,1,1,1,1,1,1,1,1,1,1,1500,3,3,3,1,2,3,3,1,1,1,3,3,3,3,3,3,3,3,3,3,3,3,7,7,9,4,4,3,NA,NA,NA,NA,NA,NA,NA,NA,NA,NA,NA,NA,NA,NA,NA,NA,NA,NA,NA,NA,NA,NA,NA,NA,NA,NA,NA,237457967329286,213,1,1108,1,3.3333333333333335,1.6666666666666667,1.6666666666666667,2.2,2,1.9166666666666667,2.1666666666666665,3,"Secondary education (e.g., high school)",Woman,73,(3),Rural,1500,7.313220387090301,"March 03, 2023"
2023-03-03 18:30:52,2023-03-03 19:07:08,0,100,2175,1,2023-03-03 19:07:09,R_OBVqSLClOjGRfDX,anonymous,FR,1,1,NA,53,3,213,2,3,2,2,2,1,2,1,1,2,2,3,1,1,NA,Son travail,5,4,1,5,1,5,1,5,5,2,1,5,1,5,3,5,5,5,4,5,5,5,4,5,4,5,5,5,5,5,4,5,4,5,3,5,5,5,1,3,1,5,4,5,1,10,10,10,10,5,5,5,1,5,2,5,2,5,1,1,1,5,1,1,1,1,2,3,3,3,1,5,5,5,5,5,5,5,5,5,5,5,5,30000,4,1,4,2,4,5,5,5,1,3,5,5,5,5,5,5,5,5,5,5,5,5,1,1,1,7,1,4,NA,NA,NA,NA,NA,NA,NA,NA,NA,NA,NA,NA,NA,NA,NA,NA,NA,NA,NA,NA,NA,NA,NA,NA,NA,NA,NA,237298315350047,213,1,1110,5,5,4.666666666666667,4.333333333333333,3.8,4,4.75,5,3,"Secondary education (e.g., high school)",Man,53,(4),Urban,30000,10.308952660644293,"March 03, 2023"
2023-03-03 19:12:54,2023-03-03 19:18:53,0,100,358,1,2023-03-03 19:18:54,R_3OlCqXwAl8F1t2g,anonymous,FR,1,1,NA,48,4,213,5,3,2,3,1,6,6,5,3,5,5,5,6,6,Les pays occidentaux,NA,4,4,1,4,3,4,3,4,4,4,4,3,4,4,3,4,3,4,2,3,3,4,4,4,3,3,4,3,4,3,4,4,3,3,3,3,4,3,3,3,4,3,3,3,1,4,6,3,6,3,4,5,2,4,4,3,3,5,4,3,3,4,4,4,3,4,3,3,3,3,3,4,4,4,3,4,3,3,3,4,4,3,3,4500,4,5,1,2,4,3,3,3,4,3,4,4,4,4,3,4,4,4,3,3,4,3,5,5,7,5,5,7,NA,NA,NA,NA,NA,NA,NA,NA,NA,NA,NA,NA,NA,NA,NA,NA,NA,NA,NA,NA,NA,NA,NA,NA,NA,NA,NA,237457967468779,213,1,1112,3.3333333333333335,3.3333333333333335,3.3333333333333335,4,3.4,3,3.5,3.3333333333333335,4,"Higher education (e.g., university degree or higher education diploma)",Man,48,Not religious at all (1),Urban,4500,8.411832675758411,"March 03, 2023"
2023-03-03 18:59:23,2023-03-03 19:19:55,0,100,1231,1,2023-03-03 19:19:56,R_ZlztArfDZN9wHYt,anonymous,FR,1,0,NA,49,4,213,1,3,2,1,2,1,1,1,1,3,3,1,2,1,NA,"Par rapport à à son passé, reconnaissance de ses patients et collègues, preuves de son expérience",3,6,5,4,5,5,4,2,2,2,3,1,3,1,2,4,5,5,5,4,4,2,3,4,2,2,2,5,4,2,2,4,3,5,4,4,4,2,4,5,3,4,3,2,1,7,7,4,1,4,4,4,1,5,4,3,4,5,3,1,1,5,2,1,1,5,3,3,3,3,2,5,5,4,5,3,5,5,5,5,4,3,5,22000,3,3,1,1,3,3,2,1,2,3,4,4,3,4,3,3,3,4,3,2,3,3,1,7,8,7,6,3,NA,NA,NA,NA,NA,NA,NA,NA,NA,NA,NA,NA,NA,NA,NA,NA,NA,NA,NA,NA,NA,NA,NA,NA,NA,NA,NA,237298314836028,213,1,1114,2,4.333333333333333,3.3333333333333335,2.3333333333333335,2.4,4,3,3.1666666666666665,4,"Higher education (e.g., university degree or higher education diploma)",Woman,49,Not religious at all (1),Rural,22000,9.998797732340453,"March 03, 2023"
2023-03-03 19:21:29,2023-03-03 19:35:10,0,100,821,1,2023-03-03 19:35:10,R_3MQjz9FF16KvxNi,anonymous,FR,1,1,NA,48,4,213,3,5,6,1,3,3,1,3,3,3,3,1,1,1,"la société en générale et l'ensemble de la population. La science se diffuse à tous, certes à un rythme différent, en profitant d'abord aux plus aisés qui peuvent accéder aux innovations mais ce faisant, les gains réalisés rendent accessibles à tous.",NA,4,6,1,5,5,5,4,5,5,2,5,3,5,3,3,5,3,5,3,5,4,4,3,4,4,4,3,4,4,4,3,5,4,4,2,3,5,3,2,2,2,3,1,1,1,5,5,5,2,4,4,3,3,4,2,2,2,4,1,2,1,1,2,1,2,5,1,3,3,2,1,5,5,5,5,5,5,5,5,5,5,5,5,84000,3,2,1,1,4,4,4,4,3,3,4,4,4,4,2,3,4,4,4,4,3,3,1,1,3,3,3,8,NA,NA,NA,NA,NA,NA,NA,NA,NA,NA,NA,NA,NA,NA,NA,NA,NA,NA,NA,NA,NA,NA,NA,NA,NA,NA,NA,237457968363769,213,1,1115,4,4.333333333333333,4,3,3.4,5,3.8333333333333335,4.166666666666667,4,"Higher education (e.g., university degree or higher education diploma)",Man,48,Not religious at all (1),Rural,84000,11.33857207782545,"March 03, 2023"
2023-03-03 19:26:25,2023-03-03 19:53:44,0,100,1638,1,2023-03-03 19:53:45,R_11hhxRNt5dVB7Sw,anonymous,FR,1,0,NA,57,3,213,1,4,2,1,1,1,1,1,1,1,4,5,2,1,NA,qu'il prouve l'efficacité de la chose qui la fait,3,6,2,4,4,3,3,4,4,3,3,4,4,4,3,4,5,4,4,4,4,4,3,4,4,4,3,4,4,4,3,4,4,4,4,4,4,4,3,2,4,3,4,3,1,8,4,7,4,3,4,2,3,3,3,2,2,3,1,3,4,3,4,3,3,3,2,3,4,4,2,4,4,4,4,4,4,5,5,5,5,5,5,2500,99,99,1,1,4,4,4,4,3,3,4,4,4,4,3,3,4,4,4,4,3,3,2,5,2,2,2,7,NA,NA,NA,NA,NA,NA,NA,NA,NA,NA,NA,NA,NA,NA,NA,NA,NA,NA,NA,NA,NA,NA,NA,NA,NA,NA,NA,237298315272381,213,1,1117,4,4,4,3,4,4,3.75,4,3,"Secondary education (e.g., high school)",Woman,57,Not religious at all (1),Rural,2500,7.824046010856292,"March 03, 2023"
2023-03-03 19:39:28,2023-03-03 19:55:29,0,100,960,1,2023-03-03 19:55:30,R_28CILy0lXW7jYxH,anonymous,FR,1,1,NA,27,4,213,1,1,3,1,1,1,2,1,3,1,3,1,1,1,NA,"Crédibilité, preuve",3,4,1,5,5,3,1,4,3,1,5,5,5,3,5,5,1,5,4,3,3,4,3,4,3,4,4,4,4,4,3,5,4,3,4,5,5,3,3,3,4,4,2,3,1,10,3,8,1,4,4,1,4,4,1,3,3,3,1,1,1,5,1,1,1,5,3,3,3,3,3,5,5,5,5,5,5,5,5,5,5,5,5,20000,2,2,1,1,4,5,5,5,5,5,3,5,5,5,4,4,3,4,5,4,4,4,1,1,6,4,4,6,NA,NA,NA,NA,NA,NA,NA,NA,NA,NA,NA,NA,NA,NA,NA,NA,NA,NA,NA,NA,NA,NA,NA,NA,NA,NA,NA,237457968480447,213,1,1119,4,3.6666666666666665,3.3333333333333335,3.3333333333333335,3.8,5,3.5833333333333335,3.8333333333333335,4,"Higher education (e.g., university degree or higher education diploma)",Man,27,Not religious at all (1),Rural,20000,9.903487552536127,"March 03, 2023"
2023-03-03 19:51:31,2023-03-03 20:02:53,0,100,681,1,2023-03-03 20:02:54,R_1M3RrtjgL8FwoGt,anonymous,FR,1,1,NA,28,4,213,5,4,5,3,4,3,5,2,3,3,5,5,2,1,L’être humain car pour moi c’est le premier impacté par l’avancée de la science,NA,5,4,1,5,4,4,5,4,4,2,3,2,3,4,2,4,3,4,3,4,3,4,3,4,3,3,2,4,3,3,2,4,3,3,3,4,4,3,3,4,3,4,3,3,1,7,6,7,3,3,5,4,3,4,3,4,2,4,1,3,2,4,4,3,2,3,1,3,2,3,4,5,5,5,5,5,5,5,5,5,5,5,5,20000,4,4,3,1,4,4,4,3,3,3,3,4,4,4,3,3,4,4,4,4,3,3,3,5,6,3,5,4,NA,NA,NA,NA,NA,NA,NA,NA,NA,NA,NA,NA,NA,NA,NA,NA,NA,NA,NA,NA,NA,NA,NA,NA,NA,NA,NA,237457967502520,213,1,1121,3.3333333333333335,4,3,2.3333333333333335,2.8,4,3.1666666666666665,3.6666666666666665,4,"Higher education (e.g., university degree or higher education diploma)",Man,28,(3),Rural,20000,9.903487552536127,"March 03, 2023"
2023-03-03 19:46:15,2023-03-03 20:06:11,0,100,1195,1,2023-03-03 20:06:11,R_1kSpEy8lI6zCQE4,anonymous,FR,1,1,NA,28,3,213,3,3,1,1,1,1,1,1,1,1,2,1,1,1,Je ne souhaite pas me prononcer,NA,2,5,1,5,5,5,3,2,2,1,1,5,4,5,5,5,1,5,5,4,4,5,4,5,5,5,4,5,4,4,4,4,5,3,3,3,4,3,2,1,5,5,3,2,1,10,10,10,2,4,4,4,2,3,2,3,4,5,1,1,1,5,1,1,1,5,4,3,3,3,1,5,5,5,5,5,5,5,5,5,5,5,5,18000,2,99,3,1,4,4,3,5,5,3,4,4,3,4,5,4,5,4,4,5,2,3,1,1,9,7,7,4,NA,NA,NA,NA,NA,NA,NA,NA,NA,NA,NA,NA,NA,NA,NA,NA,NA,NA,NA,NA,NA,NA,NA,NA,NA,NA,NA,236923091313806,213,1,1122,4.666666666666667,4.666666666666667,4.333333333333333,4,4,4,4.416666666666667,4.666666666666667,3,"Secondary education (e.g., high school)",Man,28,(3),Rural,18000,9.798127036878302,"March 03, 2023"
2023-03-03 20:06:54,2023-03-03 20:21:56,0,100,902,1,2023-03-03 20:21:57,R_1FntcyESHSclwiL,anonymous,FR,1,0,NA,44,3,213,2,3,3,2,2,1,3,1,1,2,2,2,2,1,NA,Il sait de quoi il parle il connaît très bien ses sujets,1,4,1,5,4,5,4,3,3,2,2,5,3,5,3,5,3,5,4,4,4,3,3,4,4,4,3,3,4,3,3,5,4,5,3,5,4,4,1,3,4,3,4,3,1,7,5,5,2,4,5,4,3,4,3,3,3,1,1,3,3,2,3,5,3,3,2,3,3,3,1,5,5,5,5,5,5,5,5,5,5,5,5,3100,99,99,1,1,4,4,4,4,4,4,3,3,3,3,3,3,3,3,3,4,4,3,4,3,6,4,5,1,NA,NA,NA,NA,NA,NA,NA,NA,NA,NA,NA,NA,NA,NA,NA,NA,NA,NA,NA,NA,NA,NA,NA,NA,NA,NA,NA,237361107886316,213,1,1125,3.3333333333333335,3.6666666666666665,4,3,3.8,4,3.5,3.5,3,"Secondary education (e.g., high school)",Woman,44,Not religious at all (1),Rural,3100,8.039157390473237,"March 03, 2023"
2023-03-03 20:17:37,2023-03-03 20:36:44,0,100,1147,1,2023-03-03 20:36:45,R_1lnodBdUNVADLPu,anonymous,FR,1,0,NA,27,4,213,5,7,4,6,3,3,6,6,2,6,6,6,2,1,NA,"Je pense avant tout aux diplômes.  Je pense aussi à sa bienveillance, la confiance qu’il accorde aussi aux autres.  La carrière, l’apprentissage.  Son domaine de travail, d’étude.  Le fait qu’il aide et est aidé selon son domaine.  Son sérieux.",5,6,1,5,4,3,3,5,4,2,3,2,1,3,1,4,4,5,4,4,4,4,3,5,4,4,4,4,4,4,4,4,4,5,5,5,4,3,2,3,2,1,2,2,1,8,6,6,1,3,5,3,3,3,2,3,2,3,1,1,1,5,2,2,2,5,1,3,2,3,1,4,4,4,3,4,4,4,4,4,3,4,4,2350,99,4,1,1,4,4,4,3,3,4,5,5,5,3,3,5,4,4,4,3,4,4,3,4,6,3,4,5,NA,NA,NA,NA,NA,NA,NA,NA,NA,NA,NA,NA,NA,NA,NA,NA,NA,NA,NA,NA,NA,NA,NA,NA,NA,NA,NA,236591981729945,213,1,1128,4,4.333333333333333,4,3.6666666666666665,2.2,5,4,4.166666666666667,4,"Higher education (e.g., university degree or higher education diploma)",Woman,27,Not religious at all (1),Rural,2350,7.762170607138205,"March 03, 2023"
2023-03-03 20:29:52,2023-03-03 20:50:33,0,100,1241,1,2023-03-03 20:50:34,R_2Uawag15ZQH3Cwk,anonymous,FR,1,1,NA,24,4,213,1,2,1,1,3,3,3,1,1,1,2,1,3,1,NA,"Ce qui rend un ou une scientifique digne de confiance ce sont : son apparence, et son attitude.",4,6,1,5,4,1,2,4,5,2,5,3,1,3,1,5,5,4,4,4,4,2,1,5,2,2,2,4,4,2,5,5,4,4,4,4,2,1,4,3,1,1,3,3,1,8,10,5,5,4,1,4,4,5,1,1,1,4,1,1,1,2,1,1,3,3,3,3,3,3,2,3,3,3,3,3,3,5,5,5,1,5,5,36000,99,99,1,2,5,4,5,4,4,5,3,3,3,3,3,5,4,3,4,3,3,5,1,2,6,1,1,7,NA,NA,NA,NA,NA,NA,NA,NA,NA,NA,NA,NA,NA,NA,NA,NA,NA,NA,NA,NA,NA,NA,NA,NA,NA,NA,NA,237361104725055,213,1,1130,2,4.333333333333333,3.3333333333333335,2.6666666666666665,2.6,4,3.0833333333333335,3.1666666666666665,4,"Higher education (e.g., university degree or higher education diploma)",Man,24,Not religious at all (1),Urban,36000,10.491274217438248,"March 03, 2023"
2023-03-03 20:13:35,2023-03-03 20:58:49,0,100,2713,1,2023-03-03 20:58:49,R_1N4g39yLUU4RPn7,anonymous,FR,1,0,NA,27,4,213,1,3,3,2,3,1,3,1,2,1,6,4,4,1,NA,Son expérience et d'avoir prouver des faits,3,5,1,4,5,5,3,3,1,1,5,3,3,3,3,5,5,4,4,4,3,2,3,3,3,2,2,2,3,2,2,2,2,3,3,3,5,1,1,4,4,4,2,3,1,10,6,5,4,2,5,3,3,3,5,3,2,4,1,1,1,5,3,1,1,4,1,3,3,3,1,5,5,5,5,5,5,5,5,5,5,5,5,40000,99,99,2,1,3,3,3,3,2,3,3,3,3,3,3,3,3,3,3,3,3,3,1,5,7,7,5,3,NA,NA,NA,NA,NA,NA,NA,NA,NA,NA,NA,NA,NA,NA,NA,NA,NA,NA,NA,NA,NA,NA,NA,NA,NA,NA,NA,237298314748043,213,1,1131,2,3,3,2.3333333333333335,3.4,4,2.5833333333333335,2.5,4,"Higher education (e.g., university degree or higher education diploma)",Woman,27,(2),Rural,40000,10.596634733096073,"March 03, 2023"
2023-03-03 20:49:07,2023-03-03 21:07:43,0,100,1116,1,2023-03-03 21:07:43,R_2pMHhzWps9S16YB,anonymous,FR,1,0,NA,39,4,213,3,3,3,1,2,1,1,1,3,4,5,1,5,1,Les élites car les personnes en difficulté ont d autres préoccupations,NA,4,6,1,5,5,5,2,2,2,1,5,5,5,1,5,5,2,4,4,4,3,3,4,4,3,3,2,4,3,3,3,3,4,3,4,4,4,4,3,3,3,3,3,4,1,9,5,10,3,4,4,4,2,4,4,3,1,5,1,2,1,1,2,2,1,5,2,3,3,3,2,5,5,3,5,4,5,5,5,3,5,5,5,49000,99,3,1,2,5,4,4,5,2,4,3,3,3,3,3,3,3,4,5,4,3,3,1,2,3,4,4,7,NA,NA,NA,NA,NA,NA,NA,NA,NA,NA,NA,NA,NA,NA,NA,NA,NA,NA,NA,NA,NA,NA,NA,NA,NA,NA,NA,237457967380587,213,1,1134,3,4,3,3,3.6,4,3.25,3.5,4,"Higher education (e.g., university degree or higher education diploma)",Woman,39,Not religious at all (1),Urban,49000,10.799575577092764,"March 03, 2023"
2023-03-03 20:49:38,2023-03-03 21:09:48,0,100,1209,1,2023-03-03 21:09:49,R_2yfObyUfTHEbH8Q,anonymous,FR,1,0,NA,28,4,213,5,4,5,5,5,5,5,4,3,4,4,5,1,1,?,NA,1,6,1,5,4,4,1,2,2,1,5,4,1,5,2,5,5,5,4,4,2,2,3,5,2,2,1,5,2,1,1,4,3,5,4,5,4,2,4,5,2,2,4,4,1,8,8,9,1,1,5,2,2,2,1,1,4,4,3,1,1,5,2,1,1,5,1,3,3,3,1,1,1,1,1,1,1,1,1,1,1,1,1,960000,4,1,2,2,4,3,4,1,2,3,3,5,4,4,2,2,4,5,4,3,2,2,3,5,7,2,6,9,NA,NA,NA,NA,NA,NA,NA,NA,NA,NA,NA,NA,NA,NA,NA,NA,NA,NA,NA,NA,NA,NA,NA,NA,NA,NA,NA,237457967355063,213,1,1135,1.6666666666666667,4.666666666666667,2,1.6666666666666667,3.4,4,2.5,3.1666666666666665,4,"Higher education (e.g., university degree or higher education diploma)",Woman,28,(2),Urban,960000,13.77468856344402,"March 03, 2023"
2023-03-03 21:06:15,2023-03-03 21:16:38,0,100,622,1,2023-03-03 21:16:38,R_2Vs6Af85fHwTdEL,anonymous,FR,1,1,NA,40,4,213,7,7,7,6,6,6,6,6,4,6,7,6,7,7,Bien,NA,5,4,4,5,3,4,3,4,4,4,4,2,5,4,5,3,3,5,5,5,5,4,5,5,5,5,5,5,5,5,5,5,5,4,5,5,5,5,5,5,5,5,4,5,1,10,9,10,10,5,5,5,5,5,5,5,5,4,5,5,5,5,5,5,5,5,4,2,1,2,3,5,5,5,4,4,4,5,5,4,5,5,5,90000,5,4,5,2,4,5,5,5,4,5,5,4,5,4,5,4,5,5,5,5,5,5,6,6,9,7,7,10,NA,NA,NA,NA,NA,NA,NA,NA,NA,NA,NA,NA,NA,NA,NA,NA,NA,NA,NA,NA,NA,NA,NA,NA,NA,NA,NA,237457968339021,213,1,1138,4.666666666666667,5,5,5,3.8,5,4.916666666666667,4.833333333333333,4,"Higher education (e.g., university degree or higher education diploma)",Man,40,Very strongly religious (5),Urban,90000,11.407564949312402,"March 03, 2023"
2023-03-03 21:02:34,2023-03-03 21:23:45,0,100,1271,1,2023-03-03 21:23:45,R_3HTSuztmfAmLroh,anonymous,FR,1,0,NA,33,4,213,4,1,5,1,2,2,4,5,1,5,5,1,5,1,"La science est une discipline qui se voudrait le plus ""objectif"" et sur lequel tout un chacun devrait pouvoir s'appuyer, pour se forger une opinion concrète sur la santé notamment, avec des avis d'experts... J'ai cependant pu remarquer pour la période covid que, malheureusement, la médiatisation a pris la part belle et a discrédité la science sur bien des points, en ne mettant pas en exergue les oppositions. Certains scientifiques et médecins renommés ont par exemple prévenus sur les risques du ""vaccin"" covid, tandis que d'autres étaient favorables... mais pourquoi les médias, et la politique au final, s'en sont mêlés en ne laissant pas en finalité les personnes décider pour elles-mêmes ? n'ayant au début aucune validation étayée des bienfaits...  Pour répondre à la question, je pense initialement que la science a le plus de bénéfice dans le domaine de la santé (recherche sur Alzheimer, le cancer ...) mais que la société en elle-même ne permet plus d'y croire en toute sincérité, si les informations passent par les médias...",NA,4,2,1,5,3,4,2,4,4,3,3,1,1,2,3,5,5,4,4,3,3,3,3,4,4,4,3,4,3,3,3,4,4,5,5,5,4,2,2,4,3,3,3,3,1,6,5,7,1,3,5,3,2,3,3,2,3,4,2,1,1,4,1,1,1,3,1,3,2,3,1,4,4,4,3,4,4,5,5,5,5,5,5,2100,99,99,3,1,4,5,5,3,3,4,3,3,3,3,3,3,4,5,5,3,3,3,2,4,7,5,3,6,NA,NA,NA,NA,NA,NA,NA,NA,NA,NA,NA,NA,NA,NA,NA,NA,NA,NA,NA,NA,NA,NA,NA,NA,NA,NA,NA,237457967428786,213,1,1139,3.3333333333333335,3.6666666666666665,3.3333333333333335,3,2.4,4,3.3333333333333335,3.5,4,"Higher education (e.g., university degree or higher education diploma)",Woman,33,(3),Rural,2100,7.649692623711514,"March 03, 2023"
2023-03-03 11:36:57,2023-03-03 21:27:18,0,100,35420,1,2023-03-03 21:27:19,R_2s7qz91PQO1waaS,anonymous,FR,1,0,NA,49,4,213,4,4,4,1,1,NA,1,1,1,2,2,1,1,1,Tout le monde,NA,5,4,1,4,4,5,4,4,4,3,4,4,3,3,3,4,5,4,3,3,4,4,3,4,4,4,3,4,4,3,3,3,3,4,3,3,4,3,3,3,3,3,2,3,1,6,6,6,3,4,4,3,3,3,3,3,2,3,3,3,3,4,3,3,3,3,3,3,3,3,2,3,4,4,3,3,4,4,4,4,3,3,4,54000,3,2,1,2,3,5,4,3,3,3,3,4,4,3,3,3,3,4,4,3,3,3,1,2,1,2,4,8,NA,NA,NA,NA,NA,NA,NA,NA,NA,NA,NA,NA,NA,NA,NA,NA,NA,NA,NA,NA,NA,NA,NA,NA,NA,NA,NA,237457968329895,213,1,1140,3.6666666666666665,3.6666666666666665,4,3,3.6,4,3.5833333333333335,3.6666666666666665,4,"Higher education (e.g., university degree or higher education diploma)",Woman,49,Not religious at all (1),Urban,54000,10.896739325546411,"March 03, 2023"
2023-03-03 21:32:29,2023-03-03 21:40:02,0,100,452,1,2023-03-03 21:40:02,R_2rNJHrG87lDSI7q,anonymous,FR,1,0,NA,26,4,213,4,4,4,3,4,3,5,4,4,4,3,4,3,1,NA,"SES RECHERCHES, SES INNOVATIONS, SES PENSÉES ET SES AGISSEMENTS RECONNUS POSITIVEMENT",4,4,1,4,5,4,4,5,4,4,4,4,4,5,4,4,5,5,4,4,5,4,4,5,4,4,4,4,4,5,4,4,4,4,4,4,4,3,4,2,3,4,4,4,1,9,7,9,3,5,3,4,5,4,4,4,3,2,1,4,1,5,2,3,3,3,3,4,4,4,4,5,5,5,5,5,5,5,5,5,5,5,5,14000,99,4,2,2,4,4,4,4,4,4,3,3,3,3,3,3,4,4,3,3,3,4,1,1,3,3,4,7,NA,NA,NA,NA,NA,NA,NA,NA,NA,NA,NA,NA,NA,NA,NA,NA,NA,NA,NA,NA,NA,NA,NA,NA,NA,NA,NA,237457967357129,213,1,1143,4.333333333333333,4.333333333333333,4.333333333333333,4,4.4,4,4.25,4.333333333333333,4,"Higher education (e.g., university degree or higher education diploma)",Woman,26,(2),Urban,14000,9.546812608597396,"March 03, 2023"
2023-03-03 21:34:02,2023-03-03 21:43:19,0,100,557,1,2023-03-03 21:43:19,R_31Ylz49CBZBMbbm,anonymous,FR,1,0,NA,20,4,213,4,5,4,5,4,4,4,4,4,5,6,5,5,3,JE NE SAIS PAS,NA,3,2,1,2,3,3,3,3,3,2,3,3,3,3,3,3,3,3,3,3,3,3,3,3,3,3,3,3,3,3,3,4,3,3,3,3,3,3,3,3,3,3,2,3,1,5,6,5,5,3,5,4,2,4,2,4,4,3,2,2,2,2,2,2,2,4,2,3,3,2,2,3,3,3,3,3,3,3,3,3,3,3,3,29000,99,99,3,1,3,3,3,3,3,3,3,3,3,3,3,3,3,3,3,3,3,3,1,2,5,4,7,4,NA,NA,NA,NA,NA,NA,NA,NA,NA,NA,NA,NA,NA,NA,NA,NA,NA,NA,NA,NA,NA,NA,NA,NA,NA,NA,NA,237457968339033,213,1,1145,3,3,3,3,3,4,3,3,4,"Higher education (e.g., university degree or higher education diploma)",Woman,20,(3),Rural,29000,10.275051108968611,"March 03, 2023"
2023-03-03 22:13:55,2023-03-03 22:18:05,0,100,249,1,2023-03-03 22:18:06,R_3IaVc50mavKq74k,anonymous,FR,1,1,NA,21,4,213,1,5,4,5,4,3,3,4,4,3,4,5,3,2,NA,Jsksksk,3,4,1,4,2,4,4,3,2,4,3,2,1,3,3,3,3,3,3,2,5,4,3,4,4,4,3,4,4,3,4,3,3,3,4,2,3,3,3,3,4,3,2,3,1,1,4,6,5,5,3,4,3,3,3,4,4,5,4,3,3,3,3,3,3,4,2,2,2,2,3,4,4,4,1,2,4,5,4,3,3,4,3,2000,2,2,1,2,3,5,4,2,3,4,3,4,4,4,1,3,5,2,3,4,3,3,1,1,1,5,5,7,NA,NA,NA,NA,NA,NA,NA,NA,NA,NA,NA,NA,NA,NA,NA,NA,NA,NA,NA,NA,NA,NA,NA,NA,NA,NA,NA,237457967400165,213,1,1148,3.6666666666666665,3.3333333333333335,4.333333333333333,3.3333333333333335,2.4,3,3.6666666666666665,3.5,4,"Higher education (e.g., university degree or higher education diploma)",Man,21,Not religious at all (1),Urban,2000,7.600902459542082,"March 03, 2023"
2023-03-03 21:56:55,2023-03-03 22:22:28,0,100,1532,1,2023-03-03 22:22:28,R_2951FO4fn8Zok3b,anonymous,FR,1,1,NA,39,4,213,3,4,5,4,5,4,4,2,2,3,5,4,3,1,NA,"Son historique, ses recherches précédentes, et les autres scientifiques qui travaillent avec",5,4,1,4,4,2,1,4,5,2,4,5,5,5,5,5,1,5,5,3,4,4,4,4,4,4,5,5,3,4,2,5,4,5,4,5,4,3,2,3,5,4,2,1,1,8,1,9,4,5,4,4,2,5,4,4,4,3,1,2,1,5,2,2,3,3,4,3,3,3,3,5,5,5,5,5,5,5,5,5,5,5,5,30000,2,3,1,1,4,4,4,4,4,4,2,3,4,3,3,2,4,4,4,4,4,4,1,1,3,3,3,8,NA,NA,NA,NA,NA,NA,NA,NA,NA,NA,NA,NA,NA,NA,NA,NA,NA,NA,NA,NA,NA,NA,NA,NA,NA,NA,NA,237457967885353,213,1,1150,4,4,3.6666666666666665,3.6666666666666665,4.2,5,3.8333333333333335,4,4,"Higher education (e.g., university degree or higher education diploma)",Man,39,Not religious at all (1),Rural,30000,10.308952660644293,"March 03, 2023"
2023-03-03 22:04:36,2023-03-03 22:38:29,0,100,2033,1,2023-03-03 22:38:30,R_Q3t6yuFnH0MCKMp,anonymous,FR,1,0,NA,68,4,213,4,5,2,1,3,1,2,3,1,6,6,4,4,1,je ne sais pas,NA,3,4,1,5,3,5,2,4,3,3,2,3,3,3,3,4,4,4,3,4,4,4,4,4,3,4,3,4,3,4,3,3,3,4,4,4,4,3,3,3,3,3,4,4,1,9,9,10,2,4,3,3,3,3,2,3,2,4,1,2,2,3,3,3,3,3,2,3,3,3,2,5,5,4,5,5,5,5,5,5,5,5,5,24000,3,2,2,1,4,4,4,4,3,3,4,4,4,4,4,3,4,4,4,4,3,3,1,1,1,2,2,6,NA,NA,NA,NA,NA,NA,NA,NA,NA,NA,NA,NA,NA,NA,NA,NA,NA,NA,NA,NA,NA,NA,NA,NA,NA,NA,NA,237361107913729,213,1,1152,4,4,3.3333333333333335,3.3333333333333335,3.2,4,3.6666666666666665,4,4,"Higher education (e.g., university degree or higher education diploma)",Woman,68,(2),Rural,24000,10.085809109330082,"March 03, 2023"
2023-03-03 22:02:54,2023-03-03 22:45:44,0,100,2569,1,2023-03-03 22:45:44,R_Q6NuPFOR3Aj6Uk9,anonymous,FR,1,1,NA,51,3,213,6,7,7,7,5,1,7,6,1,5,6,5,7,3,"Un bénéfice pour toute l’humanité… la plus part du temps… mais malheureusement pas toujours… Et la crise covid, est la plus grosse escroquerie de l’histoire de l’humanité… manipulation et mensonges permanent, appuyer par un rouleau compresseur médiatique digne de la grande Russie…  Ce qu’il s’est passé est indigne d’un pays démocratique… On a tué nos vieux avec du rivotril, plutôt que de les soigner… on est pas loint de Nuremberg  Et ne parlons pas de la censure, la liberté d’expression a était supprimée pendant cette crise… Et ces confinements, inutiles ont détruit notre pays, certains états du nord de l’Europe, ou américains, n’ont pas confinés, leurs résultats par rapport au covid sont identiques aux nôtres ou meilleur… Notre gouvernement a ruiné notre pays, détruit notre système de santé, notre filière énergétique, nos petits commerçants au profit des multinationales, encore d’´avantage avec cette escroquerie sanitaire… Nous sommes de plus en plus nombreux a ne  pas être dupe, et avoir compris que nous sommes dirigés par des gens qui nous veulent pas du bien…. Une bande de mafieux, d’escrocs indigne de leur fonction,…. Qui massacre notre planète, alors qu’ils ont pourtant des petits enfants…… je n’ai pas de mot tellement je suis écœuré…🙄😡🤬🤮🤮🤮",NA,4,6,1,5,5,5,1,3,3,1,5,1,1,3,2,5,5,3,1,5,1,1,3,4,1,2,1,5,1,1,1,3,1,5,5,5,2,3,5,5,5,5,5,5,1,9,8,8,1,4,5,3,2,5,1,1,1,5,1,1,1,5,1,1,1,5,1,3,4,3,1,5,5,5,5,5,5,5,5,5,5,5,5,40000,99,99,1,1,4,1,4,3,1,3,4,4,4,4,3,3,5,5,4,4,5,5,2,7,7,1,1,7,NA,NA,NA,NA,NA,NA,NA,NA,NA,NA,NA,NA,NA,NA,NA,NA,NA,NA,NA,NA,NA,NA,NA,NA,NA,NA,NA,237123008198660,213,1,1153,1.3333333333333333,4.666666666666667,1,1.6666666666666667,2.4,3,2.1666666666666665,3,3,"Secondary education (e.g., high school)",Man,51,Not religious at all (1),Rural,40000,10.596634733096073,"March 03, 2023"
2023-03-03 22:41:19,2023-03-03 23:03:27,0,100,1328,1,2023-03-03 23:03:28,R_2zYdaF5tT0ePxgu,anonymous,FR,1,0,NA,64,4,213,3,4,3,4,3,1,2,1,2,2,5,6,1,1,NA,Parler vrai et que chacun puisse les comprendre. Ne pas extrapoler,2,6,1,5,4,3,3,4,4,1,2,3,2,3,1,5,5,5,3,4,3,2,4,4,3,5,3,5,4,3,2,3,4,5,3,3,2,2,2,1,4,4,3,3,1,10,6,5,4,3,3,3,3,5,3,4,3,4,1,3,1,3,4,2,2,4,2,3,3,3,3,4,5,5,5,4,5,5,5,5,5,5,5,90000,3,3,1,2,4,3,4,2,2,3,4,3,4,3,2,3,3,4,2,1,3,2,1,1,1,3,2,7,NA,NA,NA,NA,NA,NA,NA,NA,NA,NA,NA,NA,NA,NA,NA,NA,NA,NA,NA,NA,NA,NA,NA,NA,NA,NA,NA,237457968327827,213,1,1157,3.3333333333333335,4.333333333333333,3.3333333333333335,3,2.8,5,3.5,3.8333333333333335,4,"Higher education (e.g., university degree or higher education diploma)",Woman,64,Not religious at all (1),Urban,90000,11.407564949312402,"March 03, 2023"
2023-03-03 23:02:01,2023-03-03 23:14:39,0,100,758,1,2023-03-03 23:14:39,R_3My6TBqbV7s8DHw,anonymous,FR,1,0,NA,23,4,213,4,5,4,5,5,3,6,6,3,5,5,5,5,5,NA,"Grâce à c'est revue scientifique, lors qu'elle fait plusieurs expériences qui en conclue une avancer. Qui respecte les protocoles expérimentales. Qui n'est pas hors du sujet.",1,4,1,5,4,3,2,5,3,1,2,3,3,5,4,5,5,4,4,4,4,4,3,3,3,4,2,5,4,4,4,5,4,4,5,4,3,2,3,2,4,3,2,4,1,7,8,10,1,4,4,4,2,4,2,3,4,4,1,4,4,3,4,4,5,1,2,3,3,3,2,5,5,5,5,5,5,5,5,5,5,5,5,1999,99,99,1,1,4,4,4,4,4,4,4,4,4,4,4,4,4,4,4,4,4,4,1,7,1,7,7,7,NA,NA,NA,NA,NA,NA,NA,NA,NA,NA,NA,NA,NA,NA,NA,NA,NA,NA,NA,NA,NA,NA,NA,NA,NA,NA,NA,237197170564174,213,1,1158,4,4,3.6666666666666665,3,4,5,3.6666666666666665,4,4,"Higher education (e.g., university degree or higher education diploma)",Woman,23,Not religious at all (1),Rural,1999,7.6004023345004,"March 03, 2023"
2023-03-03 23:22:05,2023-03-03 23:48:15,0,100,1570,1,2023-03-03 23:48:16,R_xFq7pDTJCzfRi9z,anonymous,FR,1,0,NA,19,3,213,2,5,5,4,5,5,5,3,6,3,4,3,3,1,D'après moi tout le monde bénéficie de la science ses avancé rien que le plus récent que je vois c'est le vaccin avec le COVID on a eu une baisse de l'inquiétude de la plupart des gens on a pu faire baisser l'épidémie. Que ce soit par rapport à ça ou au climat on essaie de trouver des solutions ou n'importe quelle avancé scientifique permet de mieux connaître notre environnement et savoir quelle est la meilleure manière de faire les choses je trouve que si elle est utilisée de la bonne manière la science c'est une clé pour notre sécurité,NA,5,1,NA,2,5,3,1,3,5,3,4,5,5,5,4,5,3,5,4,4,3,2,3,4,5,4,4,5,4,3,4,5,4,5,5,5,3,2,1,1,2,2,2,3,1,10,4,9,1,4,3,5,3,4,4,4,5,4,1,2,1,3,2,2,3,4,2,3,3,3,1,3,4,3,5,4,4,4,5,5,4,5,4,15600,2,2,4,2,5,5,4,5,3,4,4,5,5,5,3,4,4,5,4,3,3,3,1,1,3,5,6,4,NA,NA,NA,NA,NA,NA,NA,NA,NA,NA,NA,NA,NA,NA,NA,NA,NA,NA,NA,NA,NA,NA,NA,NA,NA,NA,NA,237457968499730,213,1,1160,3,4.333333333333333,4,3.6666666666666665,4.4,4,3.75,3.6666666666666665,3,"Secondary education (e.g., high school)",Woman,19,(4),Urban,15600,9.655026193237628,"March 03, 2023"
2023-03-03 23:56:43,2023-03-04 00:18:34,0,100,1310,1,2023-03-04 00:18:34,R_ToTIrQ5YTAhZmEh,anonymous,FR,1,0,NA,60,3,213,1,1,1,1,1,1,NA,NA,NA,NA,3,5,5,1,L'état,NA,2,1,3,1,1,5,4,1,2,1,3,5,4,3,5,5,5,3,3,1,2,1,3,3,3,4,3,1,2,1,1,2,1,3,3,3,5,5,5,5,5,4,5,5,1,5,2,5,3,1,5,1,5,1,1,1,1,1,5,1,1,3,3,1,2,5,1,3,3,3,1,2,3,1,1,2,2,3,3,3,2,3,3,11000,2,2,4,1,1,1,1,1,1,2,5,5,5,5,5,5,2,2,2,2,2,3,6,1,9,1,6,3,NA,NA,NA,NA,NA,NA,NA,NA,NA,NA,NA,NA,NA,NA,NA,NA,NA,NA,NA,NA,NA,NA,NA,NA,NA,NA,NA,237361109185624,213,1,1163,2,1.6666666666666667,2.3333333333333335,2.3333333333333335,4.4,2,2.0833333333333335,1.8333333333333333,3,"Secondary education (e.g., high school)",Woman,60,(4),Rural,11000,9.305650551780507,"March 03, 2023"
2023-03-04 00:20:03,2023-03-04 00:35:03,0,100,899,1,2023-03-04 00:35:03,R_2nrxOI8iiXZrPQ5,anonymous,FR,1,0,NA,24,3,213,1,3,1,2,2,1,2,1,1,1,3,2,1,1,Les scientifiques parce qu’ils connaissent beaucoup de choses,NA,2,4,1,5,5,5,3,4,4,4,3,5,4,4,3,3,4,4,3,4,4,3,4,3,4,4,4,4,4,4,4,5,4,3,3,3,3,3,2,4,3,3,3,4,1,4,5,6,5,5,5,3,3,3,4,3,2,3,1,3,2,4,3,2,3,2,1,3,3,3,4,5,5,4,5,3,5,5,5,5,5,5,5,2800,99,99,1,1,4,4,4,4,3,4,3,3,3,3,3,3,4,4,4,4,3,4,1,4,5,6,5,2,NA,NA,NA,NA,NA,NA,NA,NA,NA,NA,NA,NA,NA,NA,NA,NA,NA,NA,NA,NA,NA,NA,NA,NA,NA,NA,NA,237361105796202,213,1,1164,3.6666666666666665,3.6666666666666665,4,4,4,3,3.8333333333333335,3.6666666666666665,3,"Secondary education (e.g., high school)",Woman,24,Not religious at all (1),Rural,2800,7.937374696163295,"March 04, 2023"
2023-03-04 02:04:58,2023-03-04 02:34:49,0,100,1790,1,2023-03-04 02:34:49,R_a923Th7YMLlOcuJ,anonymous,FR,1,1,NA,69,3,213,4,6,3,6,3,1,6,1,1,7,5,1,1,1,NA,"Ses compétence, diplômes, expérience",5,6,1,5,3,3,4,5,3,2,4,5,4,5,3,5,5,5,3,3,3,3,4,4,4,5,2,3,4,4,5,5,4,5,5,5,4,1,3,1,2,2,1,2,1,1,8,4,1,3,4,1,3,2,1,1,2,5,5,2,2,5,3,2,1,4,2,3,2,3,1,4,5,3,5,2,5,5,5,5,5,4,5,5000,99,99,1,2,5,5,5,3,3,3,4,4,4,2,3,3,4,5,4,3,3,3,2,1,5,7,3,2,NA,NA,NA,NA,NA,NA,NA,NA,NA,NA,NA,NA,NA,NA,NA,NA,NA,NA,NA,NA,NA,NA,NA,NA,NA,NA,NA,237457967344770,213,1,1167,4,3.3333333333333335,3.6666666666666665,3.6666666666666665,4.4,5,3.6666666666666665,3.6666666666666665,3,"Secondary education (e.g., high school)",Man,69,Not religious at all (1),Urban,5000,8.517193191416238,"March 04, 2023"
2023-03-04 04:37:37,2023-03-04 05:00:20,0,100,1363,1,2023-03-04 05:00:20,R_3pmBNTLLTnM4Wlm,anonymous,FR,1,1,NA,59,3,213,1,3,4,1,1,1,1,1,2,3,3,1,1,1,NA,Selon les études quelle a édité,3,2,1,4,4,4,4,4,4,3,4,4,4,3,4,4,2,4,2,4,5,4,3,4,3,4,4,4,4,4,4,5,4,3,4,3,3,4,2,3,3,4,2,2,1,7,5,7,5,5,4,4,4,3,4,4,1,2,1,3,2,3,2,3,4,2,2,3,3,3,4,5,5,5,5,5,5,3,3,3,2,3,3,25000,3,2,1,2,4,4,4,4,4,4,4,4,4,4,4,4,3,3,4,4,4,3,1,3,7,4,4,5,NA,NA,NA,NA,NA,NA,NA,NA,NA,NA,NA,NA,NA,NA,NA,NA,NA,NA,NA,NA,NA,NA,NA,NA,NA,NA,NA,237361108058206,213,1,1169,4,4,4,3.6666666666666665,3.4,3,3.9166666666666665,4,3,"Secondary education (e.g., high school)",Man,59,Not religious at all (1),Urban,25000,10.126631103850338,"March 04, 2023"
2023-03-04 07:20:09,2023-03-04 07:41:42,0,100,1293,1,2023-03-04 07:41:43,R_2sbFiJ1UHcHfKcb,anonymous,FR,1,0,NA,63,3,213,3,6,3,1,3,1,2,1,2,3,5,2,1,1,"Tout le monde en profite, la science permet d’avancer dans tous les domaines",NA,3,6,1,4,4,4,2,4,3,3,2,5,4,3,4,4,5,5,4,3,3,4,3,4,3,4,2,4,3,4,2,4,4,4,3,3,4,3,2,4,3,4,3,2,1,9,7,4,2,3,4,4,3,4,2,3,3,4,2,2,1,4,2,2,3,4,3,3,2,3,1,4,4,4,5,4,5,3,4,4,3,3,4,30000,2,2,1,2,3,4,4,3,4,3,3,3,3,3,NA,3,4,4,4,3,4,3,1,4,1,1,4,7,NA,NA,NA,NA,NA,NA,NA,NA,NA,NA,NA,NA,NA,NA,NA,NA,NA,NA,NA,NA,NA,NA,NA,NA,NA,NA,NA,237457967334443,213,1,1170,4,3.6666666666666665,3,2.3333333333333335,4.2,4,3.25,3.8333333333333335,3,"Secondary education (e.g., high school)",Woman,63,Not religious at all (1),Urban,30000,10.308952660644293,"March 04, 2023"
2023-03-04 08:24:36,2023-03-04 08:43:16,0,100,1119,1,2023-03-04 08:43:17,R_3rTmCS91oKyTmFj,anonymous,FR,1,0,NA,47,3,213,3,3,1,1,1,1,1,1,1,1,4,1,1,1,NA,Je ne sais pas,4,4,1,5,2,3,3,3,3,3,3,3,1,2,2,5,4,4,1,4,3,3,2,4,3,4,2,5,3,3,3,3,3,4,3,3,4,1,4,4,2,3,5,3,1,4,8,8,1,3,4,3,3,3,3,3,1,3,3,2,1,3,3,2,2,3,4,1,2,3,2,4,4,4,4,3,4,4,4,4,4,4,4,43000,99,99,1,1,3,3,3,3,3,3,3,3,3,3,3,3,3,4,4,3,3,3,2,4,5,4,6,5,NA,NA,NA,NA,NA,NA,NA,NA,NA,NA,NA,NA,NA,NA,NA,NA,NA,NA,NA,NA,NA,NA,NA,NA,NA,NA,NA,237457967425683,213,1,1173,3.3333333333333335,4.333333333333333,3,2.3333333333333335,2.4,3,3.25,3.8333333333333335,3,"Secondary education (e.g., high school)",Woman,47,Not religious at all (1),Rural,43000,10.668955394675699,"March 04, 2023"
2023-03-04 08:30:25,2023-03-04 08:43:40,0,100,794,1,2023-03-04 08:43:40,R_1KxSLeQj4biQLI6,anonymous,FR,1,0,NA,50,4,213,5,5,5,3,3,3,2,2,3,2,6,5,1,1,Je ne sais pas….,NA,3,6,1,5,5,5,1,4,4,4,4,4,2,4,3,5,4,4,4,4,4,4,3,4,4,3,4,4,4,4,3,3,3,4,3,3,4,1,2,3,3,4,3,5,1,8,6,5,5,4,2,5,2,5,3,4,3,4,1,4,3,3,4,3,3,4,2,3,3,3,2,5,5,5,5,5,5,5,5,5,5,5,5,60000,99,99,1,2,5,5,5,5,3,3,4,4,4,4,3,3,4,4,4,4,4,4,4,5,8,4,7,6,NA,NA,NA,NA,NA,NA,NA,NA,NA,NA,NA,NA,NA,NA,NA,NA,NA,NA,NA,NA,NA,NA,NA,NA,NA,NA,NA,237361102210061,213,1,1174,3.6666666666666665,4,4,3.3333333333333335,3.4,4,3.75,3.8333333333333335,4,"Higher education (e.g., university degree or higher education diploma)",Woman,50,Not religious at all (1),Urban,60000,11.002099841204238,"March 04, 2023"
2023-03-04 08:41:24,2023-03-04 08:53:58,0,100,753,1,2023-03-04 08:53:59,R_elK3dJM1M5csEBH,anonymous,FR,1,0,NA,61,3,213,3,6,4,5,5,2,5,4,1,2,5,1,5,1,NA,"Rien aujourd'hui tous sont corrompus,il est très difficile de croire en leurs affirmations",3,4,1,5,3,1,1,1,1,1,1,3,3,3,1,5,3,4,4,4,2,3,3,5,3,3,2,5,2,3,2,3,1,4,4,3,2,1,5,5,3,4,3,4,1,8,5,4,3,1,3,3,3,1,1,1,3,3,3,1,2,5,3,2,1,5,4,2,2,3,1,3,3,3,3,3,3,3,3,3,3,3,3,30000,99,99,3,1,1,3,3,1,1,3,3,3,3,3,4,4,3,3,3,3,3,4,6,6,9,4,5,5,NA,NA,NA,NA,NA,NA,NA,NA,NA,NA,NA,NA,NA,NA,NA,NA,NA,NA,NA,NA,NA,NA,NA,NA,NA,NA,NA,237457967342702,213,1,1175,3,4.666666666666667,2.3333333333333335,2.3333333333333335,2.6,3,3.0833333333333335,3.8333333333333335,3,"Secondary education (e.g., high school)",Woman,61,(3),Rural,30000,10.308952660644293,"March 04, 2023"
2023-03-04 08:43:00,2023-03-04 08:57:02,0,100,842,1,2023-03-04 08:57:02,R_b2yrdbAJE9VG9rP,anonymous,FR,1,1,NA,59,4,213,2,3,3,1,1,1,1,1,1,2,3,1,1,1,"la science améliore la vie de chacun, tout le monde en bénéficie",NA,5,6,1,5,5,4,2,5,4,2,4,4,3,4,4,4,3,4,3,3,4,4,3,4,4,4,3,4,4,3,2,5,4,4,2,4,4,3,2,1,1,1,2,2,1,7,6,7,1,5,4,3,2,3,3,3,3,4,2,3,3,3,3,3,3,3,3,2,3,3,1,4,5,4,4,4,4,4,5,4,4,4,4,40000,2,2,1,1,4,5,5,5,3,3,4,5,4,4,2,2,4,5,5,4,3,3,1,1,1,4,4,6,NA,NA,NA,NA,NA,NA,NA,NA,NA,NA,NA,NA,NA,NA,NA,NA,NA,NA,NA,NA,NA,NA,NA,NA,NA,NA,NA,237123007732773,213,1,1178,3.6666666666666665,3.6666666666666665,4,2.6666666666666665,3.6,4,3.5,3.6666666666666665,4,"Higher education (e.g., university degree or higher education diploma)",Man,59,Not religious at all (1),Rural,40000,10.596634733096073,"March 04, 2023"
2023-03-04 08:49:15,2023-03-04 09:14:33,0,100,1517,1,2023-03-04 09:14:34,R_3FWf7IHp3UVcWVS,anonymous,FR,1,1,NA,58,4,213,1,3,3,1,3,1,1,1,2,2,2,1,1,1,NA,son indépendance financiere,3,4,1,5,4,3,4,5,3,2,4,3,4,3,3,4,3,5,3,3,4,3,3,3,3,3,3,4,4,3,3,4,3,2,2,2,2,2,4,3,2,2,4,3,1,2,6,2,1,4,3,4,3,2,3,2,3,3,2,4,3,3,4,3,4,3,3,2,3,3,2,5,5,5,5,5,5,5,5,5,5,5,5,3000,3,4,4,2,4,4,4,4,4,4,4,4,4,4,4,4,4,5,5,4,3,4,1,1,2,1,1,5,NA,NA,NA,NA,NA,NA,NA,NA,NA,NA,NA,NA,NA,NA,NA,NA,NA,NA,NA,NA,NA,NA,NA,NA,NA,NA,NA,237361102129382,213,1,1180,3,3.3333333333333335,3.6666666666666665,3,3.2,3,3.25,3.1666666666666665,4,"Higher education (e.g., university degree or higher education diploma)",Man,58,(4),Urban,3000,8.006367567650246,"March 04, 2023"
2023-03-04 09:22:58,2023-03-04 09:29:02,0,100,363,1,2023-03-04 09:29:02,R_6xNk6qu1PDDIzqV,anonymous,FR,1,0,NA,42,4,213,6,5,6,4,5,5,5,5,4,5,5,5,3,2,La medecine,NA,5,6,1,5,5,5,3,5,5,4,4,4,4,4,4,5,4,4,2,5,5,5,4,5,4,5,4,5,4,4,3,4,4,4,4,4,3,3,3,3,3,3,3,3,1,6,6,7,7,4,3,3,4,3,3,3,3,3,3,3,3,3,3,3,3,3,2,2,3,3,2,4,4,4,4,4,4,4,4,4,4,4,4,60000,3,3,1,2,4,4,4,4,4,4,4,4,4,4,4,4,4,4,4,4,4,4,5,5,7,5,5,7,NA,NA,NA,NA,NA,NA,NA,NA,NA,NA,NA,NA,NA,NA,NA,NA,NA,NA,NA,NA,NA,NA,NA,NA,NA,NA,NA,237361102028987,213,1,1184,4.666666666666667,5,4.333333333333333,3.6666666666666665,4,4,4.416666666666667,4.833333333333333,4,"Higher education (e.g., university degree or higher education diploma)",Woman,42,Not religious at all (1),Urban,60000,11.002099841204238,"March 04, 2023"
2023-03-04 09:09:42,2023-03-04 09:31:59,0,100,1336,1,2023-03-04 09:32:00,R_31pcmDX3vTr1b47,anonymous,FR,1,0,NA,41,3,213,3,3,3,3,3,3,3,2,2,2,6,5,4,1,NA,je pense ce qui le rend digne de confiance c'est la vérité sur ces données et recherches et aussi les preuves de ce qu'il dit,4,2,4,5,4,4,2,2,3,2,4,4,2,3,3,5,4,3,4,3,3,3,4,4,3,4,3,3,3,3,2,4,4,2,3,3,3,4,3,4,4,3,3,3,1,10,6,10,1,3,2,3,2,3,3,3,3,2,3,2,2,5,2,2,3,3,2,2,2,3,1,5,5,5,5,5,5,5,5,5,5,5,5,1000,99,99,3,2,3,3,3,3,3,3,2,2,2,2,2,3,1,1,1,1,1,1,1,3,9,7,4,3,NA,NA,NA,NA,NA,NA,NA,NA,NA,NA,NA,NA,NA,NA,NA,NA,NA,NA,NA,NA,NA,NA,NA,NA,NA,NA,NA,237123007773741,213,1,1185,3.3333333333333335,3.3333333333333335,3,3,3.2,3,3.1666666666666665,3.3333333333333335,3,"Secondary education (e.g., high school)",Woman,41,(3),Urban,1000,6.907755278982137,"March 04, 2023"
2023-03-04 09:44:23,2023-03-04 09:55:56,0,100,692,1,2023-03-04 09:55:56,R_1GwD3DCazL4dXyh,anonymous,FR,1,1,NA,23,4,213,5,3,4,4,3,4,5,1,3,3,5,1,1,1,NA,"Le fait qu'un ait déjà démontré sa fiabilité par le passé, le fair qu'il soit connu, qu'il présente des arguments convaincants",3,4,1,4,5,5,4,3,3,3,4,4,2,3,2,4,5,5,4,4,3,3,4,4,4,4,4,4,4,4,4,4,4,4,4,4,2,3,3,3,2,4,3,3,1,5,8,5,6,3,4,4,2,5,3,4,4,4,1,1,1,5,1,1,1,5,1,3,3,3,1,5,5,5,5,5,5,5,5,5,5,5,5,1640,4,3,1,2,4,4,4,4,4,4,4,4,4,4,4,4,4,4,5,4,4,4,1,5,5,5,4,6,NA,NA,NA,NA,NA,NA,NA,NA,NA,NA,NA,NA,NA,NA,NA,NA,NA,NA,NA,NA,NA,NA,NA,NA,NA,NA,NA,237457967458460,213,1,1188,3.6666666666666665,4,3.6666666666666665,4,3.2,5,3.8333333333333335,3.8333333333333335,4,"Higher education (e.g., university degree or higher education diploma)",Man,23,Not religious at all (1),Urban,1640,7.402451520818244,"March 04, 2023"
2023-03-04 10:20:07,2023-03-04 10:35:10,0,100,903,1,2023-03-04 10:35:10,R_306QEXYZdhQCMDf,anonymous,FR,1,1,NA,58,4,213,2,5,4,1,1,1,1,1,2,1,1,1,1,1,Les riches car ils peuvent payer pour bénéficier des avancées médicales,NA,2,6,1,4,5,3,3,3,2,1,3,3,3,3,1,4,5,3,3,3,1,2,2,3,1,3,2,3,1,2,2,3,1,5,5,5,2,1,5,5,3,4,4,4,1,5,10,2,3,1,2,3,2,2,1,1,3,2,1,1,1,5,1,1,1,5,2,2,2,3,1,3,5,5,5,3,5,3,5,5,5,3,5,48000,99,99,2,2,3,4,4,2,1,1,3,4,3,2,1,1,3,4,4,2,1,1,1,7,7,5,3,4,NA,NA,NA,NA,NA,NA,NA,NA,NA,NA,NA,NA,NA,NA,NA,NA,NA,NA,NA,NA,NA,NA,NA,NA,NA,NA,NA,237457967418460,213,1,1191,2.3333333333333335,3,1,2,3,3,2.0833333333333335,2.6666666666666665,4,"Higher education (e.g., university degree or higher education diploma)",Man,58,(2),Urban,48000,10.778956289890028,"March 04, 2023"
2023-03-04 10:20:09,2023-03-04 10:44:04,0,100,1434,1,2023-03-04 10:44:05,R_2CD5rsZ6DUved95,anonymous,FR,1,0,NA,50,4,213,3,5,3,6,3,2,6,1,1,4,4,3,1,1,"A tout le monde car la science participe à l’évolution de notre environnement, de nos modes de consommation, de notre santé….",NA,5,4,1,5,4,4,2,4,3,1,4,5,3,4,4,4,2,5,3,4,3,3,2,4,3,4,4,4,4,3,3,3,3,5,5,5,4,4,1,1,1,2,3,1,1,10,3,7,1,4,4,4,1,4,1,2,1,4,1,3,2,4,3,4,3,2,2,3,3,3,1,5,5,5,5,5,5,5,5,5,5,5,5,52000,99,3,3,1,4,4,4,4,3,3,4,5,4,4,4,3,4,5,4,4,4,3,1,1,1,1,1,8,NA,NA,NA,NA,NA,NA,NA,NA,NA,NA,NA,NA,NA,NA,NA,NA,NA,NA,NA,NA,NA,NA,NA,NA,NA,NA,NA,237457967632624,213,1,1192,3.3333333333333335,4,3.3333333333333335,3,3.6,4,3.4166666666666665,3.6666666666666665,4,"Higher education (e.g., university degree or higher education diploma)",Woman,50,(3),Rural,52000,10.858998997563564,"March 04, 2023"
2023-03-04 10:49:41,2023-03-04 11:13:48,0,100,1446,1,2023-03-04 11:13:48,R_1NrZ6jc9FIQxvGQ,anonymous,FR,1,0,NA,60,3,213,2,1,2,1,2,1,1,1,1,1,3,2,1,1,NA,ses moyens de persuassion,3,3,1,3,3,5,3,5,5,5,5,4,3,4,4,3,1,3,3,3,2,2,3,3,3,3,3,4,2,3,3,1,3,4,3,3,4,3,5,5,5,5,5,5,1,6,10,10,1,3,5,1,3,5,1,3,1,1,3,1,1,5,3,3,2,4,3,3,3,2,3,5,5,5,5,5,5,5,5,5,5,4,5,900,99,99,3,1,2,3,2,2,2,1,2,2,2,2,2,2,3,4,2,2,2,3,4,4,9,7,7,3,NA,NA,NA,NA,NA,NA,NA,NA,NA,NA,NA,NA,NA,NA,NA,NA,NA,NA,NA,NA,NA,NA,NA,NA,NA,NA,NA,237457968341102,213,1,1194,2.6666666666666665,3.3333333333333335,2.3333333333333335,3,3.2,3,2.8333333333333335,3,3,"Secondary education (e.g., high school)",Woman,60,(3),Rural,900,6.802394763324311,"March 04, 2023"
2023-03-04 11:14:21,2023-03-04 11:19:46,0,100,325,1,2023-03-04 11:19:47,R_21srLPsR5tdnOGE,anonymous,FR,1,1,NA,33,4,213,2,3,2,4,2,3,2,1,2,5,4,3,1,1,NA,"Il y a plusieurs éléments qui peuvent contribuer à rendre un ou une scientifique digne de confiance :  Des compétences et une expertise solides dans leur domaine de recherche : un scientifique qui possède une expérience solide et une connaissance approfondie de son domaine de recherche est plus susceptible de produire des résultats de qualité et fiables.  Une méthode scientifique rigoureuse : un scientifique doit suivre une méthode rigoureuse pour mener ses expériences, collecter et analyser des données, et tirer des conclusions. Cette méthode rigoureuse inclut des pratiques telles que la collecte de données précises, la documentation des méthodes et des résultats, et la publication des résultats dans des revues scientifiques évaluées par les pairs.  Transparence et intégrité : les scientifiques doivent être transparents dans leur travail et ne pas dissimuler des résultats ou des données qui ne soutiennent pas leurs conclusions. Ils doivent également être intègres et ne pas falsifier des données ou des résultats pour soutenir une théorie ou une hypothèse.  Indépendance : les scientifiques doivent être indépendants et ne pas être influencés par des conflits d'intérêts ou des pressions extérieures qui pourraient altérer leur travail ou leurs résultats.  Collaboration et partage des connaissances : les scientifiques doivent être prêts à collaborer avec d'autres scientifiques et à partager leurs connaissances et leurs résultats avec la communauté scientifique plus large. Cela contribue à renforcer la crédibilité de leur travail et à garantir que leurs résultats sont confirmés et reproduits par d'autres chercheurs.  En fin de compte, la confiance en un ou une scientifique repose sur la qualité et la crédibilité de son travail scientifique, ainsi que sur son intégrité personnelle et professionnelle.",5,4,1,5,5,5,2,5,5,3,3,3,2,4,1,3,2,2,3,3,2,4,2,3,4,3,2,3,2,3,5,5,5,4,5,5,4,3,3,4,4,4,3,3,1,2,4,8,5,4,4,3,3,4,3,4,4,3,2,3,2,3,2,3,4,5,3,4,4,3,2,2,2,2,2,3,3,4,4,4,3,3,3,66666,99,99,5,1,3,3,3,3,3,4,4,4,3,3,2,4,4,2,4,4,4,3,7,7,9,7,7,7,NA,NA,NA,NA,NA,NA,NA,NA,NA,NA,NA,NA,NA,NA,NA,NA,NA,NA,NA,NA,NA,NA,NA,NA,NA,NA,NA,237298315356297,213,1,1196,3.3333333333333335,3,2.6666666666666665,3,2.4,3,3,3.1666666666666665,4,"Higher education (e.g., university degree or higher education diploma)",Man,33,Very strongly religious (5),Rural,66666,11.107450356812064,"March 04, 2023"
2023-03-04 11:01:09,2023-03-04 11:22:48,0,100,1298,1,2023-03-04 11:22:48,R_2By7SJvw9euE9ov,anonymous,FR,1,1,NA,69,3,213,4,5,4,4,3,1,1,4,1,3,3,3,1,3,Tout le monde bénéficie de la science et des analyses des scientifiques m^me si leur image a été écorné lors du Covid 19,NA,4,6,1,4,5,3,3,5,3,3,4,4,4,4,5,5,2,5,3,4,4,4,4,5,4,5,3,4,4,3,3,4,4,2,2,3,2,4,4,3,3,2,3,4,1,8,6,5,5,4,3,3,3,4,2,3,2,3,4,2,3,4,4,3,2,3,3,3,3,3,2,5,5,5,4,3,4,4,5,4,4,3,4,2200,3,4,1,2,4,5,4,5,3,4,4,4,4,4,3,4,4,5,4,4,3,3,1,1,5,3,1,5,NA,NA,NA,NA,NA,NA,NA,NA,NA,NA,NA,NA,NA,NA,NA,NA,NA,NA,NA,NA,NA,NA,NA,NA,NA,NA,NA,237457968330938,213,1,1198,4,4.333333333333333,4,3.3333333333333335,3.8,4,3.9166666666666665,4.166666666666667,3,"Secondary education (e.g., high school)",Man,69,Not religious at all (1),Urban,2200,7.696212639346407,"March 04, 2023"
2023-03-04 11:04:23,2023-03-04 11:37:45,0,100,2001,1,2023-03-04 11:37:46,R_TsUpYryLIcUCofL,anonymous,FR,1,0,NA,29,4,213,3,4,5,4,5,3,5,4,3,5,6,4,3,2,NA,"Les recherches qu'il a mené tout au long de sa vie, sa carrière",3,4,1,5,4,4,3,2,2,1,3,3,2,4,4,5,3,4,3,3,3,3,3,4,4,2,3,3,3,3,2,4,3,4,4,5,4,2,2,3,3,3,3,2,1,8,7,7,1,3,4,4,1,5,3,4,4,5,1,1,1,5,2,1,1,5,2,3,2,3,1,4,5,4,5,4,5,5,5,5,5,5,5,39000,99,1,1,1,4,4,4,3,4,3,4,3,4,4,4,4,3,4,4,4,4,3,1,2,3,3,2,4,NA,NA,NA,NA,NA,NA,NA,NA,NA,NA,NA,NA,NA,NA,NA,NA,NA,NA,NA,NA,NA,NA,NA,NA,NA,NA,NA,237457968503892,213,1,1200,2.6666666666666665,3.3333333333333335,3.3333333333333335,2.6666666666666665,3.2,3,3,3,4,"Higher education (e.g., university degree or higher education diploma)",Woman,29,Not religious at all (1),Rural,39000,10.571316925111784,"March 04, 2023"
2023-03-04 11:32:24,2023-03-04 11:47:31,0,100,907,1,2023-03-04 11:47:32,R_2pXfUuCyuO4hPm2,anonymous,FR,1,0,NA,27,3,213,1,1,1,1,1,1,1,1,1,1,4,1,1,1,"Nous n'entendons jamais parlés, ou très peu des recherches médicamenteuse, des recherches sur le réchauffement climatiques et autres. Seuls les scientifiques, les médecins et les politiques sont aux courant.",NA,3,4,1,5,5,5,3,3,3,2,3,4,4,4,4,5,3,3,5,4,3,4,3,5,3,4,4,4,3,4,3,4,3,2,2,2,4,2,2,3,4,4,2,3,1,9,6,9,1,3,5,4,2,4,4,5,5,4,1,2,1,5,4,2,2,4,3,3,3,3,2,5,5,5,5,5,5,5,5,5,5,5,5,10000,99,99,2,1,3,3,4,3,2,2,3,2,4,2,3,4,2,3,4,2,2,4,1,3,6,5,6,2,NA,NA,NA,NA,NA,NA,NA,NA,NA,NA,NA,NA,NA,NA,NA,NA,NA,NA,NA,NA,NA,NA,NA,NA,NA,NA,NA,237457967879418,213,1,1202,4,4.333333333333333,3,3.3333333333333335,3.8,4,3.6666666666666665,4.166666666666667,3,"Secondary education (e.g., high school)",Woman,27,(2),Rural,10000,9.210340371976184,"March 04, 2023"
2023-03-04 11:54:43,2023-03-04 12:10:22,0,100,938,1,2023-03-04 12:10:23,R_5ilD10fhuRk0B9v,anonymous,FR,1,1,NA,35,4,213,2,4,3,3,2,2,3,2,1,2,4,5,2,1,Les études et recherches se basant sur la santé et l'amélioration desxtrzirelent de longues durée devrait être privilégié,NA,2,4,1,4,3,2,3,4,3,3,4,3,3,2,3,3,5,2,3,4,3,2,2,4,2,3,3,4,2,3,2,3,2,3,3,2,NA,2,3,4,3,4,3,3,1,6,4,7,4,3,5,4,2,4,2,3,4,2,4,2,3,4,2,2,2,4,2,3,2,3,1,3,4,2,4,4,4,4,4,4,4,4,4,30000,99,5,1,2,3,4,3,3,2,2,3,4,4,4,3,3,3,4,3,3,3,2,5,4,5,5,5,7,NA,NA,NA,NA,NA,NA,NA,NA,NA,NA,NA,NA,NA,NA,NA,NA,NA,NA,NA,NA,NA,NA,NA,NA,NA,NA,NA,237361103909935,213,1,1205,2.6666666666666665,4,2.3333333333333335,2.3333333333333335,3.2,4,2.8333333333333335,3.3333333333333335,4,"Higher education (e.g., university degree or higher education diploma)",Man,35,Not religious at all (1),Urban,30000,10.308952660644293,"March 04, 2023"
2023-03-04 12:07:40,2023-03-04 12:18:36,0,100,656,1,2023-03-04 12:33:37,R_28HCLCR9R5n4GzS,anonymous,FR,1,0,NA,25,4,213,4,4,4,6,3,6,4,6,3,4,7,3,2,3,NA,Jsp,4,4,3,4,4,3,3,4,4,4,3,1,4,4,3,3,1,3,3,3,4,4,2,3,4,3,3,4,4,4,3,3,3,4,4,3,3,4,4,5,3,4,2,4,1,5,4,3,5,3,3,3,4,4,4,4,5,3,2,4,4,4,4,3,4,4,3,3,2,2,3,4,4,4,4,4,4,4,4,3,3,3,2,2490,4,1,1,1,3,3,4,3,4,4,4,4,4,4,4,3,4,4,3,2,3,5,5,7,7,5,5,5,NA,NA,NA,NA,NA,NA,NA,NA,NA,NA,NA,NA,NA,NA,NA,NA,NA,NA,NA,NA,NA,NA,NA,NA,NA,NA,NA,237457967396047,213,1,1206,3.6666666666666665,3.3333333333333335,4,2.6666666666666665,2.6,3,3.4166666666666665,3.5,4,"Higher education (e.g., university degree or higher education diploma)",Woman,25,Not religious at all (1),Rural,2490,7.820037989458753,"March 04, 2023"
2023-03-04 12:56:14,2023-03-04 13:08:24,0,100,729,1,2023-03-04 13:08:25,R_278AQYugGF581Za,anonymous,FR,1,1,NA,25,4,213,1,1,1,2,2,1,2,1,2,2,4,4,1,1,"L'humain en bénéficie le plus, mais parfois il en fait mauvais usage. Même si la majorité des avancées sont bénéfiques pour nous",NA,4,6,1,5,5,3,3,4,4,1,4,4,5,2,4,4,3,4,4,3,4,4,2,4,4,4,2,2,3,4,2,4,4,2,1,2,4,3,2,4,3,2,4,4,1,8,7,4,5,3,5,2,2,3,1,3,2,3,1,2,2,4,2,1,2,4,2,3,2,3,1,2,4,1,5,1,4,2,5,1,5,1,4,2100,4,4,3,2,2,4,4,3,3,2,2,4,4,3,2,1,3,4,4,3,3,2,1,2,3,5,6,6,NA,NA,NA,NA,NA,NA,NA,NA,NA,NA,NA,NA,NA,NA,NA,NA,NA,NA,NA,NA,NA,NA,NA,NA,NA,NA,NA,236923091550437,213,1,1209,4,3,3.6666666666666665,2,3.6,4,3.1666666666666665,3.5,4,"Higher education (e.g., university degree or higher education diploma)",Man,25,(3),Urban,2100,7.649692623711514,"March 04, 2023"
2023-03-04 13:07:35,2023-03-04 13:22:53,0,100,917,1,2023-03-04 13:22:53,R_2S7zosLWs9Il4kG,anonymous,FR,1,0,NA,53,4,213,2,2,2,2,2,2,2,2,3,3,4,2,2,1,NA,Des preuves,4,4,1,4,5,3,1,4,5,3,4,4,3,5,4,4,3,5,4,3,3,3,3,4,4,4,3,5,4,4,4,4,4,4,3,3,5,2,5,4,3,3,4,3,1,10,5,10,4,3,5,2,2,3,4,3,2,4,5,3,4,1,4,3,4,2,1,2,3,3,1,5,5,4,3,3,4,3,5,3,3,4,4,2,99,99,2,2,4,5,4,4,4,3,4,4,4,4,3,3,3,3,3,3,3,3,3,4,6,5,6,6,NA,NA,NA,NA,NA,NA,NA,NA,NA,NA,NA,NA,NA,NA,NA,NA,NA,NA,NA,NA,NA,NA,NA,NA,NA,NA,NA,236923091019902,213,1,1212,3.6666666666666665,4,3.6666666666666665,3.3333333333333335,3.8,4,3.6666666666666665,3.8333333333333335,4,"Higher education (e.g., university degree or higher education diploma)",Woman,53,(2),Urban,2,0.6931471805599453,"March 04, 2023"
2023-03-04 13:21:24,2023-03-04 13:35:28,0,100,844,1,2023-03-04 13:35:29,R_1lh6d5nug5GI6qe,anonymous,FR,1,1,NA,50,3,213,3,3,2,1,4,1,1,1,1,2,3,1,1,1,Les personnes sur le long terme,NA,4,4,1,5,4,2,1,5,4,3,4,1,3,1,3,5,5,4,4,4,3,4,3,4,4,4,1,4,3,4,3,4,4,3,3,3,3,3,5,4,4,4,4,3,1,4,6,4,3,3,4,3,3,5,3,3,2,4,1,1,1,5,3,1,1,5,3,2,2,3,1,5,4,4,4,1,5,5,5,5,4,5,5,20000,99,5,3,1,3,4,4,3,2,3,3,3,3,3,3,3,3,4,4,3,2,3,5,7,9,4,5,5,NA,NA,NA,NA,NA,NA,NA,NA,NA,NA,NA,NA,NA,NA,NA,NA,NA,NA,NA,NA,NA,NA,NA,NA,NA,NA,NA,237457968333034,213,1,1214,4,4,3.3333333333333335,2.3333333333333335,2.6,3,3.4166666666666665,4,3,"Secondary education (e.g., high school)",Man,50,(3),Rural,20000,9.903487552536127,"March 04, 2023"
2023-03-04 13:21:20,2023-03-04 13:41:50,0,100,1230,1,2023-03-04 13:41:51,R_2S2hHltMTNH6MZG,anonymous,FR,1,0,NA,66,4,213,3,3,1,1,2,1,1,1,1,2,3,1,1,1,Les personnes fortunées car l'argent achète tout,NA,3,6,1,5,4,5,4,4,3,3,3,3,3,3,3,5,5,5,4,4,4,4,3,4,4,4,4,4,4,4,4,4,5,5,2,5,3,3,1,1,2,1,2,2,1,1,10,10,1,4,3,1,3,4,3,1,1,4,1,2,2,5,3,4,3,3,1,3,3,3,2,4,4,4,5,4,4,5,4,5,5,4,5,0,3,2,2,1,4,5,4,4,4,4,3,3,3,3,3,3,3,4,3,3,3,3,1,1,8,5,6,7,NA,NA,NA,NA,NA,NA,NA,NA,NA,NA,NA,NA,NA,NA,NA,NA,NA,NA,NA,NA,NA,NA,NA,NA,NA,NA,NA,237457968335907,213,1,1216,4,4,4,3.6666666666666665,3.4,4,3.9166666666666665,4,4,"Higher education (e.g., university degree or higher education diploma)",Woman,66,(2),Rural,0,-Inf,"March 04, 2023"
2023-03-04 13:39:34,2023-03-04 13:51:32,0,100,718,1,2023-03-04 13:51:33,R_23fOdLMY16OhKye,anonymous,FR,1,0,NA,35,3,213,5,2,3,1,4,1,1,1,2,1,3,1,1,1,Les etudiants qui ont besoin d'apprendre dans leurs scolarité,NA,3,4,1,5,5,4,3,5,5,5,4,3,3,3,3,5,2,3,4,4,4,3,3,4,4,4,2,4,4,4,4,5,4,4,4,4,5,5,5,5,5,5,5,5,1,5,6,6,6,5,2,4,3,1,4,2,1,3,4,2,2,4,3,2,2,3,3,3,3,3,2,5,5,5,5,5,5,5,5,5,5,5,5,30000,4,3,1,1,4,4,4,4,4,3,4,3,4,3,4,3,3,3,3,3,4,3,1,3,7,7,7,6,NA,NA,NA,NA,NA,NA,NA,NA,NA,NA,NA,NA,NA,NA,NA,NA,NA,NA,NA,NA,NA,NA,NA,NA,NA,NA,NA,237457967853775,213,1,1217,3.6666666666666665,4,4,3,2.8,4,3.6666666666666665,3.8333333333333335,3,"Secondary education (e.g., high school)",Woman,35,Not religious at all (1),Rural,30000,10.308952660644293,"March 04, 2023"
2023-03-04 13:58:18,2023-03-04 14:26:35,0,100,1697,1,2023-03-04 14:26:36,R_42sQcOVwUaFnA5z,anonymous,FR,1,1,NA,23,4,213,2,4,5,6,5,5,6,2,2,4,4,3,5,1,"Les riches et les états, les pauvres reçoivent l'infos mais ils savent pas quoi en faire",NA,5,6,1,3,5,4,2,4,4,2,5,5,5,5,5,5,1,5,4,3,4,4,4,3,4,4,3,3,4,3,3,2,3,4,4,4,3,1,2,3,1,2,1,3,1,8,5,6,1,3,3,3,4,2,2,2,3,2,2,2,2,2,3,3,2,5,2,3,2,3,3,5,5,5,5,5,5,5,5,5,5,5,5,10000,2,2,3,2,3,4,3,5,4,3,3,3,3,5,3,3,3,3,3,5,3,2,1,1,7,3,5,4,NA,NA,NA,NA,NA,NA,NA,NA,NA,NA,NA,NA,NA,NA,NA,NA,NA,NA,NA,NA,NA,NA,NA,NA,NA,NA,NA,237457968490612,213,1,1221,3.6666666666666665,3,4,3.3333333333333335,4.2,3,3.5,3.3333333333333335,4,"Higher education (e.g., university degree or higher education diploma)",Man,23,(3),Urban,10000,9.210340371976184,"March 04, 2023"
2023-03-04 14:18:49,2023-03-04 14:27:56,0,100,546,1,2023-03-04 14:27:56,R_2wN3wtolfDqBaTj,anonymous,FR,1,0,NA,39,4,213,1,1,3,1,3,3,1,1,3,3,2,1,1,1,NA,sa neutralité et son intégrité,1,6,1,5,5,4,1,3,3,3,5,1,1,1,1,5,5,5,5,3,3,3,3,3,3,3,3,3,3,3,3,5,4,3,3,3,3,3,3,3,3,3,3,3,1,6,6,3,3,1,5,1,1,3,1,1,3,3,3,1,1,5,1,1,1,5,1,3,1,3,1,5,5,5,5,5,5,5,5,5,5,5,5,41000,3,3,1,2,4,4,4,4,4,4,3,3,3,3,3,3,3,4,4,3,4,2,1,1,5,4,4,7,NA,NA,NA,NA,NA,NA,NA,NA,NA,NA,NA,NA,NA,NA,NA,NA,NA,NA,NA,NA,NA,NA,NA,NA,NA,NA,NA,236923091049569,213,1,1222,3,3,3,3,1.8,5,3,3,4,"Higher education (e.g., university degree or higher education diploma)",Woman,39,Not religious at all (1),Urban,41000,10.621327345686446,"March 04, 2023"
2023-03-04 14:26:01,2023-03-04 14:38:30,0,100,748,1,2023-03-04 14:38:31,R_1OrgTxnBqQMNtKn,anonymous,FR,1,1,NA,53,3,213,3,3,3,2,2,1,2,1,1,1,2,1,1,1,C est la population dans son ensemble qui en beneficie,NA,4,6,5,4,4,3,3,4,4,3,3,5,4,4,4,4,3,3,3,4,3,4,3,5,5,5,4,4,4,5,4,5,4,3,3,3,3,3,2,2,4,3,3,2,1,6,7,6,5,3,3,3,3,2,3,3,3,3,4,4,3,3,3,4,3,3,3,3,3,3,2,3,3,3,3,3,3,3,3,3,3,3,3,35000,4,3,3,1,3,4,4,3,3,3,3,4,3,3,3,3,4,4,4,3,4,4,1,1,1,5,3,4,NA,NA,NA,NA,NA,NA,NA,NA,NA,NA,NA,NA,NA,NA,NA,NA,NA,NA,NA,NA,NA,NA,NA,NA,NA,NA,NA,237457968339030,213,1,1223,4.666666666666667,4.333333333333333,4,3.6666666666666665,4,3,4.166666666666667,4.5,3,"Secondary education (e.g., high school)",Man,53,(3),Rural,35000,10.46310334047155,"March 04, 2023"
2023-03-04 15:47:37,2023-03-04 15:58:12,0,100,635,1,2023-03-04 15:58:13,R_3MznGften9DLHDi,anonymous,FR,1,0,NA,40,4,213,1,3,2,1,2,1,2,1,1,1,1,1,1,1,A l'homme car elle nous permet de vivre plus longtemps,NA,3,6,1,4,5,3,3,5,4,3,4,4,3,3,4,5,5,4,4,5,3,4,3,4,3,4,3,4,4,4,4,3,4,4,2,5,4,4,2,3,5,4,2,3,1,1,10,10,1,4,5,4,2,5,2,2,3,4,1,4,2,2,3,4,3,3,3,3,3,3,1,5,5,5,5,5,5,5,5,5,5,5,5,78000,99,2,1,1,4,4,4,4,5,4,3,3,3,3,3,3,3,2,2,4,4,4,1,1,1,5,2,6,NA,NA,NA,NA,NA,NA,NA,NA,NA,NA,NA,NA,NA,NA,NA,NA,NA,NA,NA,NA,NA,NA,NA,NA,NA,NA,NA,237361104064658,213,1,1226,4,4.333333333333333,3.3333333333333335,3.3333333333333335,3.8,5,3.75,4.166666666666667,4,"Higher education (e.g., university degree or higher education diploma)",Woman,40,Not religious at all (1),Rural,78000,11.26446410567173,"March 04, 2023"
2023-03-04 15:54:45,2023-03-04 16:09:34,0,100,889,1,2023-03-04 16:09:35,R_T1akQiYpSY70MMN,anonymous,FR,1,0,NA,29,4,213,1,5,2,3,3,3,1,1,1,2,2,1,1,1,NA,"Globalement je dirai que ce sont les preuves d’efficacité et le temps de recherche. Un ai, scientifique à étudié pendant près de 6 ans les éponges de mer et je n’en voyais pas l’intérêt avant qu’il ne m’explique les tenants et aboutissants pour le milieu aquatique et à plus large échelle pour nous",5,6,4,5,4,1,2,3,3,1,1,1,1,1,1,5,5,5,5,4,4,3,3,4,3,3,2,4,3,3,4,3,3,5,1,3,3,3,3,4,3,3,3,5,1,7,10,1,5,3,5,4,1,3,4,4,4,4,1,1,1,5,2,1,1,5,2,3,1,3,2,5,5,5,3,4,5,5,5,5,5,5,5,25433,3,3,2,1,4,4,3,3,3,2,3,3,3,3,3,3,3,5,5,3,3,2,1,1,6,7,7,3,NA,NA,NA,NA,NA,NA,NA,NA,NA,NA,NA,NA,NA,NA,NA,NA,NA,NA,NA,NA,NA,NA,NA,NA,NA,NA,NA,237457968408799,213,1,1228,3,4,3.3333333333333335,3,1.8,5,3.3333333333333335,3.5,4,"Higher education (e.g., university degree or higher education diploma)",Woman,29,(2),Rural,25433,10.143802822358657,"March 04, 2023"
2023-03-04 16:02:20,2023-03-04 16:19:54,0,100,1053,1,2023-03-04 16:19:54,R_YSVvYduf1hHusvL,anonymous,FR,1,0,NA,25,3,213,2,1,3,3,1,1,3,1,6,1,1,1,2,1,Les scientifiques car ils sont scientifiques,NA,3,4,1,3,3,2,2,3,4,2,2,3,3,3,3,3,3,4,3,3,3,3,3,3,3,3,3,3,3,4,3,3,3,3,3,3,1,2,3,3,3,2,5,2,1,5,10,5,4,3,3,5,4,5,3,3,5,3,2,3,3,5,3,1,1,5,2,1,1,3,1,4,4,5,3,5,5,5,5,5,5,5,5,900,99,99,3,2,3,3,3,3,1,3,3,3,3,3,3,3,3,3,3,3,3,3,3,7,9,7,7,3,NA,NA,NA,NA,NA,NA,NA,NA,NA,NA,NA,NA,NA,NA,NA,NA,NA,NA,NA,NA,NA,NA,NA,NA,NA,NA,NA,237457967431885,213,1,1230,3.3333333333333335,3,3,3,3,3,3.0833333333333335,3.1666666666666665,3,"Secondary education (e.g., high school)",Woman,25,(3),Urban,900,6.802394763324311,"March 04, 2023"
2023-03-04 16:20:12,2023-03-04 16:36:55,0,100,1003,1,2023-03-04 16:36:56,R_C97JmZITyOfr42t,anonymous,FR,1,0,NA,48,4,213,2,4,1,1,2,3,1,1,1,2,3,1,2,1,NA,"Ses références, sa réflexion globale, et sa façon de s’exprimer : n’accorderai davantage ma confiance à un scientifique qui utilise un vocabulaire que je peux comprendre.",5,6,1,5,5,3,3,5,5,3,3,5,5,5,5,5,5,5,5,4,4,4,2,3,4,4,2,4,4,4,2,4,4,5,5,5,5,4,3,3,5,5,1,3,1,10,10,10,1,4,3,5,2,5,2,2,4,4,1,1,1,5,1,1,1,3,1,3,3,3,1,5,5,5,5,5,5,5,5,5,5,5,5,36000,5,5,1,2,5,5,5,4,4,5,4,4,4,4,4,4,4,5,5,4,4,4,1,1,6,4,1,5,NA,NA,NA,NA,NA,NA,NA,NA,NA,NA,NA,NA,NA,NA,NA,NA,NA,NA,NA,NA,NA,NA,NA,NA,NA,NA,NA,237457968344235,213,1,1233,4,3.6666666666666665,4,2,5,5,3.4166666666666665,3.8333333333333335,4,"Higher education (e.g., university degree or higher education diploma)",Woman,48,Not religious at all (1),Urban,36000,10.491274217438248,"March 04, 2023"
2023-03-04 16:34:40,2023-03-04 16:42:10,0,100,449,1,2023-03-04 16:42:10,R_3fp1pAS6AbgFsJi,anonymous,FR,1,1,NA,28,4,213,1,1,1,1,3,1,1,1,1,1,3,1,1,1,NA,Son savoir et les preuves,4,6,1,5,5,5,5,4,4,4,4,3,3,3,3,3,3,3,3,3,3,3,3,3,3,3,3,3,3,3,3,3,3,3,3,3,4,3,3,3,3,3,3,3,1,10,5,10,1,3,1,1,1,1,1,1,1,1,1,1,3,1,3,3,3,3,1,3,2,3,1,3,3,3,3,3,3,3,3,3,3,3,3,1600,99,99,1,1,3,3,3,3,3,3,3,3,3,3,3,3,3,3,3,3,3,3,4,4,5,1,7,2,NA,NA,NA,NA,NA,NA,NA,NA,NA,NA,NA,NA,NA,NA,NA,NA,NA,NA,NA,NA,NA,NA,NA,NA,NA,NA,NA,236923091534026,213,1,1234,3,3,3,3,3,3,3,3,4,"Higher education (e.g., university degree or higher education diploma)",Man,28,Not religious at all (1),Rural,1600,7.3777589082278725,"March 04, 2023"
2023-03-04 15:44:39,2023-03-04 16:46:45,0,100,3725,1,2023-03-04 16:46:45,R_2OSFCEYQyD30gBJ,anonymous,FR,1,0,NA,46,4,213,2,6,5,4,2,2,2,3,3,6,6,3,2,1,NA,l'impartialité dans ses recherches la capacité de reconnaitre qu'il s'est trompé l'écoute des autres scientifiques du même domaine de compétence la mise en avant du savoir plutôt que de la personne,3,4,1,5,5,3,1,4,4,2,2,5,5,5,5,5,5,4,4,5,4,4,4,5,4,4,4,5,5,4,4,5,4,5,3,5,1,3,2,3,2,4,3,3,1,10,1,10,1,4,2,1,3,4,3,3,1,1,1,2,2,4,3,2,3,3,1,3,3,3,1,2,2,2,2,2,2,2,2,2,2,2,2,20000,3,4,3,1,4,4,4,4,4,4,4,4,4,2,3,3,4,5,5,4,3,4,1,4,5,4,1,8,NA,NA,NA,NA,NA,NA,NA,NA,NA,NA,NA,NA,NA,NA,NA,NA,NA,NA,NA,NA,NA,NA,NA,NA,NA,NA,NA,237457967389860,213,1,1235,4,5,4.333333333333333,4,5,4,4.333333333333333,4.5,4,"Higher education (e.g., university degree or higher education diploma)",Woman,46,(3),Rural,20000,9.903487552536127,"March 04, 2023"
2023-03-04 17:05:38,2023-03-04 17:18:44,0,100,786,1,2023-03-04 17:18:45,R_3Kr9Cu5Pj9HMkZf,anonymous,FR,1,0,NA,60,3,213,5,5,5,5,5,5,3,3,1,3,5,1,1,1,NA,le résultat de ses recherches,5,6,1,5,4,5,3,5,4,2,4,4,3,3,3,5,5,5,4,5,4,4,3,4,3,4,4,4,4,4,3,5,4,4,3,4,3,3,3,3,2,2,3,3,1,7,7,9,1,4,3,3,3,3,3,3,3,3,3,3,3,3,3,3,2,3,2,2,3,3,2,3,3,3,3,3,3,4,4,4,4,4,4,34000,2,5,3,2,4,5,4,4,4,4,4,4,4,4,4,4,3,3,3,3,3,3,2,6,7,1,5,7,NA,NA,NA,NA,NA,NA,NA,NA,NA,NA,NA,NA,NA,NA,NA,NA,NA,NA,NA,NA,NA,NA,NA,NA,NA,NA,NA,237123007808631,213,1,1238,4,4.333333333333333,3.6666666666666665,3.3333333333333335,3.6,4,3.8333333333333335,4.166666666666667,3,"Secondary education (e.g., high school)",Woman,60,(3),Urban,34000,10.4341158035983,"March 04, 2023"
2023-03-04 17:03:54,2023-03-04 17:33:29,0,100,1774,1,2023-03-04 17:33:29,R_1pzdHm3wGBZqGqt,anonymous,FR,1,1,NA,33,4,213,4,5,6,6,6,6,6,5,6,4,5,4,6,2,"tout le monde bénéficie de la science et de ses résultats puisque chaque découvertes vont plus ou moins être utilisés dans le quotidien. ex: roue, voiture, centrale électrique...",NA,5,4,1,5,4,4,1,3,3,2,5,2,3,4,3,5,5,4,3,4,4,3,3,4,3,2,2,3,2,4,2,4,3,5,5,5,3,4,4,5,4,4,4,5,1,8,8,8,4,3,4,4,3,5,4,2,4,4,1,2,2,5,2,1,1,5,2,3,3,3,2,4,5,4,5,5,5,5,5,5,5,5,5,3950,3,99,3,2,4,4,4,3,1,3,4,4,3,3,2,3,3,3,3,4,4,4,4,6,9,7,7,6,NA,NA,NA,NA,NA,NA,NA,NA,NA,NA,NA,NA,NA,NA,NA,NA,NA,NA,NA,NA,NA,NA,NA,NA,NA,NA,NA,237361104448629,213,1,1239,3,3.6666666666666665,3,2.3333333333333335,3.4,4,3,3.3333333333333335,4,"Higher education (e.g., university degree or higher education diploma)",Man,33,(3),Urban,3950,8.281470857895167,"March 04, 2023"
2023-03-04 18:05:50,2023-03-04 18:21:17,0,100,927,1,2023-03-04 18:21:18,R_3HzYzTVEqdDA1MB,anonymous,FR,1,1,NA,32,4,213,5,5,6,1,6,3,2,1,3,3,4,2,1,1,Tout le monde. Les entreprises pour innover et présenter de nouveaux produits à des consommateurs. Les consommateurs pour qui les innovations grâce à la science facilite le quotidien. Sans parler des avantages pour la planète,NA,4,6,1,5,4,2,3,3,1,1,2,5,1,4,4,5,4,5,4,4,3,4,2,3,4,4,2,4,4,5,4,4,3,4,4,4,5,4,3,4,4,5,4,2,1,10,6,10,1,3,3,4,2,4,1,5,3,4,3,2,1,5,3,2,1,5,3,3,3,3,4,4,5,5,4,4,5,5,5,5,4,2,5,1500,2,5,3,2,4,5,5,5,1,3,4,5,4,3,1,3,4,5,4,4,1,3,2,6,9,7,4,5,NA,NA,NA,NA,NA,NA,NA,NA,NA,NA,NA,NA,NA,NA,NA,NA,NA,NA,NA,NA,NA,NA,NA,NA,NA,NA,NA,237361109618757,213,1,1242,4.333333333333333,3.6666666666666665,3.6666666666666665,2.6666666666666665,3.6,4,3.5833333333333335,4,4,"Higher education (e.g., university degree or higher education diploma)",Man,32,(3),Urban,1500,7.313220387090301,"March 04, 2023"
2023-03-04 18:06:30,2023-03-04 18:21:18,0,100,887,1,2023-03-04 18:21:18,R_2BxkVXExsXeAzN2,anonymous,FR,1,0,NA,39,3,213,4,5,4,4,3,5,1,2,2,3,5,3,1,1,"Tout le monde car elle est présente partout, dans tous les domaines et amène de grands progrès",NA,5,4,1,5,5,4,2,5,5,3,3,5,3,5,5,5,5,5,4,5,4,5,3,5,3,4,5,5,5,3,3,5,5,3,3,3,4,2,3,3,1,4,3,3,1,6,3,10,3,5,5,4,3,3,3,1,1,4,1,3,2,3,3,4,4,5,2,3,2,3,1,5,5,5,5,5,5,5,5,5,5,5,5,36000,3,3,4,1,5,5,5,5,2,5,5,5,5,5,1,5,5,5,5,5,3,5,1,1,3,3,2,3,NA,NA,NA,NA,NA,NA,NA,NA,NA,NA,NA,NA,NA,NA,NA,NA,NA,NA,NA,NA,NA,NA,NA,NA,NA,NA,NA,237457967367201,213,1,1243,4,5,4,3.6666666666666665,4.6,5,4.166666666666667,4.5,3,"Secondary education (e.g., high school)",Woman,39,(4),Rural,36000,10.491274217438248,"March 04, 2023"
2023-03-04 18:43:44,2023-03-04 18:54:51,0,100,666,1,2023-03-04 18:54:52,R_3KqknVZQHjMyetx,anonymous,FR,1,0,NA,26,3,213,1,1,1,1,1,1,1,1,1,1,5,1,1,1,NA,Je ne sais pas,1,4,1,5,5,5,1,1,1,1,1,5,5,5,5,5,5,5,5,3,3,4,4,5,5,3,4,4,4,2,1,1,3,5,5,5,5,1,5,3,3,3,3,5,1,5,4,10,10,1,1,1,1,1,1,1,1,5,5,1,1,5,1,1,1,5,1,1,3,3,1,5,1,5,5,5,5,5,5,5,5,5,5,2700,99,5,1,2,1,1,1,1,1,1,1,1,1,1,1,1,1,1,1,1,1,1,7,7,9,1,1,1,NA,NA,NA,NA,NA,NA,NA,NA,NA,NA,NA,NA,NA,NA,NA,NA,NA,NA,NA,NA,NA,NA,NA,NA,NA,NA,NA,237361102713061,213,1,1246,3,4,4,3,5,5,3.5,3.5,3,"Secondary education (e.g., high school)",Woman,26,Not religious at all (1),Urban,2700,7.90100705199242,"March 04, 2023"
2023-03-04 18:36:13,2023-03-04 19:03:33,0,100,1640,1,2023-03-04 19:03:34,R_2ZZEcKZGdDa8RI8,anonymous,FR,1,0,NA,67,3,213,3,3,3,2,2,2,1,2,3,4,4,1,1,2,NA,Diplômes   Poste professionnel  Parutions Conférences,4,2,1,4,5,3,3,4,3,3,4,4,3,4,4,4,3,4,4,4,3,4,3,4,4,3,3,4,4,3,3,4,4,3,3,3,3,3,3,1,1,2,1,2,1,8,6,8,1,4,3,4,1,3,3,1,4,3,1,2,2,4,3,2,2,3,3,3,3,3,2,4,4,4,4,4,4,4,4,4,4,4,4,0,2,2,1,1,4,4,4,4,5,4,3,3,3,3,3,3,4,4,4,4,4,4,1,1,2,1,4,5,NA,NA,NA,NA,NA,NA,NA,NA,NA,NA,NA,NA,NA,NA,NA,NA,NA,NA,NA,NA,NA,NA,NA,NA,NA,NA,NA,237457967320264,213,1,1247,3.3333333333333335,4,3.6666666666666665,3,3.6,4,3.5,3.6666666666666665,3,"Secondary education (e.g., high school)",Woman,67,Not religious at all (1),Rural,0,-Inf,"March 04, 2023"
2023-03-04 19:11:35,2023-03-04 19:23:21,0,100,705,1,2023-03-04 19:23:21,R_2qluUvh5vxf5Got,anonymous,FR,1,0,NA,64,4,213,4,4,4,3,4,3,4,3,3,4,4,3,3,3,NA,"la fiabilité des informations, la méthode suivie (et l'orthographe... il y a une erreur dans l'énoncé :/))",4,6,1,5,5,5,2,4,3,3,5,5,5,5,5,5,5,5,5,5,4,4,4,4,3,4,2,5,4,4,3,5,3,4,4,4,3,3,2,2,3,3,2,1,1,10,1,10,1,5,3,4,1,4,4,2,4,4,1,1,1,5,2,1,2,5,3,3,3,3,3,5,5,5,5,5,5,5,5,5,5,5,5,0,2,2,1,2,5,5,5,5,5,5,4,4,4,5,3,4,4,4,4,5,3,4,1,1,1,5,5,3,NA,NA,NA,NA,NA,NA,NA,NA,NA,NA,NA,NA,NA,NA,NA,NA,NA,NA,NA,NA,NA,NA,NA,NA,NA,NA,NA,237457968411678,213,1,1250,4,4.666666666666667,3.6666666666666665,3,5,5,3.8333333333333335,4.333333333333333,4,"Higher education (e.g., university degree or higher education diploma)",Woman,64,Not religious at all (1),Urban,0,-Inf,"March 04, 2023"
2023-03-04 19:43:42,2023-03-04 19:51:04,0,100,442,1,2023-03-04 19:51:05,R_2Uc645MGUUHHkMB,anonymous,FR,1,0,NA,31,4,213,1,1,1,1,1,1,2,1,1,2,2,1,1,1,NA,"ses diplômes, et les études sur lesquelles il a participé (qui les a financées et dans quelles conditions elles ont été réalisées, dans quel but aussi)",4,4,1,5,5,3,1,5,5,3,3,5,3,5,5,5,5,5,4,5,3,3,3,4,4,3,4,5,4,3,3,3,4,4,3,4,3,2,3,1,3,3,2,3,1,9,1,9,1,4,5,4,1,5,4,3,4,5,1,1,1,5,1,1,1,5,1,3,2,3,1,5,5,3,5,5,5,5,5,3,5,5,5,14000,2,2,1,1,4,5,5,4,3,3,4,4,4,4,4,4,5,5,5,4,3,4,1,2,2,5,4,5,NA,NA,NA,NA,NA,NA,NA,NA,NA,NA,NA,NA,NA,NA,NA,NA,NA,NA,NA,NA,NA,NA,NA,NA,NA,NA,NA,237361102491781,213,1,1251,3,4.666666666666667,3.6666666666666665,3.3333333333333335,4.6,5,3.6666666666666665,3.8333333333333335,4,"Higher education (e.g., university degree or higher education diploma)",Woman,31,Not religious at all (1),Rural,14000,9.546812608597396,"March 04, 2023"
2023-03-04 19:31:30,2023-03-04 19:54:01,0,100,1351,1,2023-03-04 19:54:02,R_AzhQIUrnnHL2ev7,anonymous,FR,1,1,NA,33,4,213,4,5,3,2,3,1,4,2,1,2,2,1,2,5,Si le monde est tel qu'il est. C est sa doute grâce à évolution de la science et de la technique !! Pour l amélioration de notre quotidien,NA,5,2,1,4,5,5,3,4,4,5,2,4,5,3,5,5,4,3,3,4,3,4,2,4,2,5,5,4,3,1,2,4,3,5,4,2,4,3,5,5,5,4,5,3,1,8,2,7,6,2,5,3,3,1,3,2,2,1,4,1,2,4,2,2,1,5,2,3,3,3,4,5,4,3,4,4,5,4,5,4,4,5,5,99000,2,1,3,2,1,1,3,2,1,2,3,2,3,2,2,1,3,3,4,2,4,3,4,5,8,2,5,6,NA,NA,NA,NA,NA,NA,NA,NA,NA,NA,NA,NA,NA,NA,NA,NA,NA,NA,NA,NA,NA,NA,NA,NA,NA,NA,NA,237361110105229,213,1,1254,3.3333333333333335,4,2.6666666666666665,3,4.2,2,3.25,3.6666666666666665,4,"Higher education (e.g., university degree or higher education diploma)",Man,33,(3),Urban,99000,11.502875129116727,"March 04, 2023"
2023-03-04 20:00:40,2023-03-04 20:19:13,0,100,1112,1,2023-03-04 20:19:13,R_3hzqd1vJFEd8Pty,anonymous,FR,1,0,NA,62,3,213,3,4,4,1,2,1,4,4,3,3,4,3,1,1,les intellos et les gens comme moi,NA,5,3,5,5,5,5,5,5,5,5,5,1,1,1,1,3,5,5,3,3,3,2,3,4,3,3,3,3,2,2,2,4,4,5,4,4,2,2,3,4,2,3,3,3,1,3,5,5,4,2,5,3,1,5,1,3,4,5,4,1,1,4,1,1,1,5,1,2,1,4,1,5,5,5,5,5,5,5,5,5,5,5,5,24000,5,5,4,1,4,4,2,2,2,3,1,2,1,1,1,1,3,4,2,1,1,2,5,2,9,7,4,8,NA,NA,NA,NA,NA,NA,NA,NA,NA,NA,NA,NA,NA,NA,NA,NA,NA,NA,NA,NA,NA,NA,NA,NA,NA,NA,NA,237457968330944,213,1,1255,2.3333333333333335,3.3333333333333335,2.6666666666666665,2.6666666666666665,1.8,4,2.75,2.8333333333333335,3,"Secondary education (e.g., high school)",Woman,62,(4),Rural,24000,10.085809109330082,"March 04, 2023"
2023-03-04 20:21:51,2023-03-04 20:43:28,0,100,1297,1,2023-03-04 20:43:29,R_1DCHt6qJJxK1m5k,anonymous,FR,1,0,NA,27,4,213,2,3,3,4,5,1,6,1,2,3,5,1,1,1,Les personnes aisées,NA,3,5,1,5,5,4,2,3,3,3,4,4,5,1,4,4,4,5,4,4,3,4,4,4,5,5,4,4,3,4,3,4,4,4,2,4,4,3,2,5,4,4,3,2,1,9,4,10,1,4,5,4,4,3,1,3,3,3,1,1,1,4,1,1,2,4,1,3,3,2,1,5,1,1,5,1,5,4,1,1,4,1,4,35000,1,5,1,1,4,4,4,3,2,4,3,3,3,1,1,4,4,4,4,3,3,4,5,6,6,4,5,3,NA,NA,NA,NA,NA,NA,NA,NA,NA,NA,NA,NA,NA,NA,NA,NA,NA,NA,NA,NA,NA,NA,NA,NA,NA,NA,NA,237361109894274,213,1,1257,4.333333333333333,4,3.6666666666666665,3.6666666666666665,3.6,4,3.9166666666666665,4.166666666666667,4,"Higher education (e.g., university degree or higher education diploma)",Woman,27,Not religious at all (1),Rural,35000,10.46310334047155,"March 04, 2023"
2023-03-04 21:19:46,2023-03-04 21:23:46,0,100,239,1,2023-03-04 21:23:47,R_3HApaUV5Z8OaSNT,anonymous,FR,1,0,NA,28,4,213,5,4,3,3,5,4,7,6,5,7,6,6,5,6,Beaucoup de personnes,NA,4,4,4,3,5,4,4,4,4,4,5,3,4,5,5,3,5,4,4,4,5,4,3,3,4,5,3,4,4,3,5,3,3,3,4,5,4,4,5,4,5,3,4,4,1,3,7,6,5,NA,4,2,4,3,2,4,5,2,4,4,5,2,3,4,5,4,4,3,3,3,3,5,5,5,3,5,4,4,4,4,5,3,4,27000,1,3,1,2,4,4,2,4,5,4,5,3,5,5,5,4,4,4,3,4,3,3,5,5,4,4,5,3,NA,NA,NA,NA,NA,NA,NA,NA,NA,NA,NA,NA,NA,NA,NA,NA,NA,NA,NA,NA,NA,NA,NA,NA,NA,NA,NA,237298314507504,213,1,1259,4,3.6666666666666665,4.333333333333333,3.6666666666666665,4.4,5,3.9166666666666665,3.8333333333333335,4,"Higher education (e.g., university degree or higher education diploma)",Woman,28,Not religious at all (1),Urban,27000,10.203592144986466,"March 04, 2023"
2023-03-04 08:58:30,2023-03-04 21:41:49,0,100,45798,1,2023-03-04 21:41:50,R_1jNcfPW2ySAJFse,anonymous,FR,1,1,NA,27,4,213,2,2,4,4,4,3,6,4,3,2,4,4,5,2,L’être humain car la science tél que l’on travaille dessus chercher à améliorer le cadre de vie de l’Homme,NA,4,6,1,5,5,4,1,3,3,2,4,4,4,4,5,5,4,4,4,4,4,4,3,5,4,4,4,5,5,4,2,5,5,2,3,4,3,3,2,2,3,4,1,1,1,7,3,8,1,5,4,4,2,5,2,4,4,4,1,1,1,5,2,1,1,4,3,3,2,3,3,4,5,5,4,4,5,5,5,5,5,5,5,30000,2,2,1,2,5,5,5,5,4,5,5,4,5,5,2,4,4,4,4,4,2,4,1,1,3,7,6,6,NA,NA,NA,NA,NA,NA,NA,NA,NA,NA,NA,NA,NA,NA,NA,NA,NA,NA,NA,NA,NA,NA,NA,NA,NA,NA,NA,237457967438072,213,1,1262,4,4.666666666666667,4.333333333333333,3,4.2,5,4,4.333333333333333,4,"Higher education (e.g., university degree or higher education diploma)",Man,27,Not religious at all (1),Urban,30000,10.308952660644293,"March 04, 2023"
2023-03-04 21:29:24,2023-03-04 21:42:14,0,100,770,1,2023-03-04 21:42:14,R_3PbsRBCPUI2FzvA,anonymous,FR,1,2,Non-binaire transmasculin,20,3,213,6,5,7,7,6,6,7,3,3,6,6,6,3,2,NA,"Son niveau d'étude, sa transparence, quelqu'un qui dit des faits et des théories sans donner son avis personnel, quelqu'un qui expose mais qui n'essaie pas de convaincre à tout prix.",4,6,1,5,5,4,1,5,4,3,5,3,1,4,1,5,5,5,3,3,2,2,2,3,2,4,2,4,3,2,2,2,1,2,2,2,1,3,2,4,1,3,1,3,1,10,2,10,1,2,5,5,2,5,4,4,5,4,1,1,1,5,2,1,1,4,2,4,4,4,3,5,5,5,5,5,5,5,5,5,5,5,5,6500,2,1,2,1,2,2,4,5,4,4,4,4,3,2,4,2,4,4,4,4,5,3,1,5,6,5,4,4,NA,NA,NA,NA,NA,NA,NA,NA,NA,NA,NA,NA,NA,NA,NA,NA,NA,NA,NA,NA,NA,NA,NA,NA,NA,NA,NA,237197170714801,213,1,1263,2.6666666666666665,3.3333333333333335,2.3333333333333335,2,2.8,5,2.5833333333333335,3,3,"Secondary education (e.g., high school)",Prefer to self-describe,20,(2),Rural,6500,8.779557455883728,"March 04, 2023"
2023-03-04 22:09:59,2023-03-04 22:29:28,0,100,1169,1,2023-03-04 22:29:29,R_YRBUK0kLbnfw5cR,anonymous,FR,1,0,NA,26,4,213,3,5,6,4,5,3,4,2,5,5,4,3,3,1,"Nous bénéficiions aujourd’hui des avancées scientifiques, que ce soit au niveau de la santé mais aussi, des nouvelles technologies. Cependant, nous ne sommes pas les seuls à en bénéficier. En effet, la science peut être aussi utiliser à des fins de développement mais qui sur le long terme deviendront néfaste pour l’humain (perte d’emploi avec les avancées technologiques telle que la robotisation, les OGM etc.).",NA,3,6,1,5,3,3,2,5,4,1,3,2,3,5,4,5,5,5,5,4,3,3,4,4,4,4,4,4,3,4,4,5,4,5,5,4,4,2,3,5,4,5,4,4,1,7,6,7,4,3,5,4,1,3,4,3,1,3,1,1,1,3,2,2,1,5,1,2,3,3,2,5,5,5,5,5,5,5,5,5,5,5,5,3500,5,5,1,2,3,5,4,3,3,2,3,4,5,3,1,1,3,5,5,3,2,2,1,6,9,7,3,7,NA,NA,NA,NA,NA,NA,NA,NA,NA,NA,NA,NA,NA,NA,NA,NA,NA,NA,NA,NA,NA,NA,NA,NA,NA,NA,NA,237123008154690,213,1,1266,3.6666666666666665,4,3.3333333333333335,4,3.8,4,3.75,3.8333333333333335,4,"Higher education (e.g., university degree or higher education diploma)",Woman,26,Not religious at all (1),Urban,3500,8.160518247477505,"March 04, 2023"
2023-03-04 22:28:55,2023-03-04 22:51:31,0,100,1356,1,2023-03-04 22:51:31,R_CaGifHj8KfD6otX,anonymous,FR,1,0,NA,26,3,213,1,1,1,1,1,1,1,1,1,1,1,1,1,1,NA,"des faits qui fonctionnent, une réalité",4,4,1,4,3,4,2,4,3,3,3,3,2,4,3,5,3,3,2,3,4,4,4,4,4,5,3,4,4,4,3,3,4,4,4,4,3,4,2,1,1,2,3,3,1,7,4,7,4,3,4,4,1,3,3,1,2,3,2,3,2,2,3,3,3,2,3,3,3,3,2,4,4,4,4,4,4,4,4,4,4,4,4,15000,3,3,1,1,4,4,3,3,2,2,4,4,4,4,4,4,3,3,3,3,3,3,1,1,1,4,5,4,NA,NA,NA,NA,NA,NA,NA,NA,NA,NA,NA,NA,NA,NA,NA,NA,NA,NA,NA,NA,NA,NA,NA,NA,NA,NA,NA,237298315254946,213,1,1268,4.333333333333333,3.6666666666666665,4,3.3333333333333335,3,3,3.8333333333333335,4,3,"Secondary education (e.g., high school)",Woman,26,Not religious at all (1),Rural,15000,9.615805480084347,"March 04, 2023"
2023-03-04 22:44:10,2023-03-04 22:59:10,0,100,900,1,2023-03-04 22:59:11,R_cUPSMzrMWrO3TPz,anonymous,FR,1,1,NA,27,3,213,6,6,6,5,3,3,1,1,1,4,4,1,1,1,NA,Plusieurs études concrètes et justes déjà publier,5,4,1,4,5,5,4,4,2,2,3,4,4,4,4,4,2,5,4,5,4,3,3,4,3,3,2,4,3,3,3,4,4,3,3,3,4,2,3,4,3,3,3,4,1,10,1,10,1,3,5,3,2,4,1,4,3,4,1,1,1,5,1,1,2,4,1,3,3,3,1,5,5,5,5,5,5,5,5,5,5,5,5,4500,1,1,2,2,4,4,4,3,4,3,3,3,3,3,3,3,4,4,4,3,4,4,1,2,7,1,3,7,NA,NA,NA,NA,NA,NA,NA,NA,NA,NA,NA,NA,NA,NA,NA,NA,NA,NA,NA,NA,NA,NA,NA,NA,NA,NA,NA,237457967856882,213,1,1269,3,4.333333333333333,3.3333333333333335,2.6666666666666665,3.6,5,3.3333333333333335,3.6666666666666665,3,"Secondary education (e.g., high school)",Man,27,(2),Urban,4500,8.411832675758411,"March 04, 2023"
2023-03-04 23:30:06,2023-03-04 23:41:43,0,100,696,1,2023-03-04 23:41:43,R_2AKIk2fLJB9dVs5,anonymous,FR,1,0,NA,24,3,213,4,4,3,3,4,4,6,1,2,4,3,3,4,1,NA,"Ses explications simples à comprendre, tout en développant correctement",5,5,1,5,5,5,3,3,3,1,4,2,3,1,4,4,2,4,4,4,2,3,2,3,3,4,1,3,1,2,3,3,3,4,5,3,3,2,2,5,3,3,5,2,1,1,6,8,1,3,4,4,1,4,5,4,4,3,5,2,2,5,2,1,2,4,2,1,3,3,2,4,5,5,4,5,5,5,5,5,5,5,5,1600,99,99,4,1,3,4,4,3,2,3,3,4,2,4,4,3,3,3,3,3,3,3,5,2,5,5,6,3,NA,NA,NA,NA,NA,NA,NA,NA,NA,NA,NA,NA,NA,NA,NA,NA,NA,NA,NA,NA,NA,NA,NA,NA,NA,NA,NA,237298314557662,213,1,1272,3,3.3333333333333335,2,2,2.4,4,2.5833333333333335,3.1666666666666665,3,"Secondary education (e.g., high school)",Woman,24,(4),Rural,1600,7.3777589082278725,"March 04, 2023"
2023-03-04 23:57:15,2023-03-05 00:21:29,0,100,1453,1,2023-03-05 00:21:29,R_1LosMkvqxbZmRA2,anonymous,FR,1,0,NA,29,4,213,3,5,3,3,4,2,5,1,2,2,4,1,1,1,NA,Son niveau d’étude et sa expérience et sa recherche,5,4,1,5,5,4,4,4,5,2,4,5,1,3,2,5,3,5,5,3,4,4,3,5,3,4,4,4,4,4,3,4,4,4,3,3,5,2,3,4,5,5,3,3,1,10,1,10,1,4,5,4,2,5,5,4,4,4,1,2,2,5,2,1,1,5,2,3,3,3,1,4,5,4,5,4,4,5,5,5,5,5,5,37000,99,3,4,1,4,4,4,4,1,3,4,4,4,4,1,1,4,4,4,4,1,3,1,6,5,6,6,5,NA,NA,NA,NA,NA,NA,NA,NA,NA,NA,NA,NA,NA,NA,NA,NA,NA,NA,NA,NA,NA,NA,NA,NA,NA,NA,NA,237197170583564,213,1,1274,4,4,3.6666666666666665,3.3333333333333335,2.8,5,3.75,4,4,"Higher education (e.g., university degree or higher education diploma)",Woman,29,(4),Rural,37000,10.51867319162636,"March 04, 2023"
2023-03-05 00:25:45,2023-03-05 00:37:17,0,100,692,1,2023-03-05 00:37:17,R_3376maeM991q1c0,anonymous,FR,1,0,NA,43,3,213,1,1,1,1,1,1,1,1,1,1,1,1,1,1,JE NE SAIS PAS,NA,3,4,1,4,4,5,4,4,3,4,4,2,2,2,2,3,2,4,4,3,3,4,3,3,3,3,3,3,3,3,3,3,3,1,1,1,4,2,1,3,3,4,3,4,1,6,8,6,1,3,5,3,1,2,3,3,3,4,1,3,3,4,3,3,3,3,1,3,3,3,2,4,5,4,4,4,5,4,5,5,4,4,5,9856,99,99,1,1,3,3,3,3,3,2,3,4,2,2,1,1,3,3,3,3,3,3,1,5,6,4,2,5,NA,NA,NA,NA,NA,NA,NA,NA,NA,NA,NA,NA,NA,NA,NA,NA,NA,NA,NA,NA,NA,NA,NA,NA,NA,NA,NA,237361102945366,213,1,1276,3.3333333333333335,3,3,3,2,4,3.0833333333333335,3.1666666666666665,3,"Secondary education (e.g., high school)",Woman,43,Not religious at all (1),Rural,9856,9.1958356857733,"March 05, 2023"
2023-03-05 00:59:52,2023-03-05 01:10:53,0,100,660,1,2023-03-05 01:10:53,R_3Mg0GDwdM7rKaFc,anonymous,FR,1,1,NA,49,4,213,2,5,5,7,4,4,6,4,3,5,4,3,4,2,NA,Avoir été récompensé par un brevet Articles dans magazines spécialisés,4,6,1,5,5,4,3,5,3,2,3,5,4,5,3,5,3,3,4,4,3,4,3,4,4,4,3,4,4,4,4,4,4,5,3,5,4,3,3,3,4,5,4,3,1,6,7,6,5,4,3,3,4,5,5,4,3,4,2,2,3,5,3,2,2,3,1,3,4,3,3,4,5,5,5,4,5,5,4,5,5,5,5,38855,3,3,1,1,4,5,4,3,4,4,4,4,4,4,4,4,4,4,4,5,4,4,4,4,5,4,5,7,NA,NA,NA,NA,NA,NA,NA,NA,NA,NA,NA,NA,NA,NA,NA,NA,NA,NA,NA,NA,NA,NA,NA,NA,NA,NA,NA,237457968466100,213,1,1278,4,4,3.6666666666666665,3.3333333333333335,4,3,3.75,4,4,"Higher education (e.g., university degree or higher education diploma)",Man,49,Not religious at all (1),Rural,38855,10.567592047643343,"March 05, 2023"
2023-03-05 02:54:35,2023-03-05 03:20:07,0,100,1531,1,2023-03-05 03:20:07,R_2Xbz5fBW92NpgHE,anonymous,FR,1,0,NA,23,3,213,1,5,7,5,5,4,5,4,1,6,7,4,4,1,"Je ne sais pas trop. Un peu tout le monde, je pense. Par exemple, la vaccination, tout le monde y a droit. Du moins en France. Sinon, je ne sais pas vraiment.",NA,4,4,1,5,5,5,4,4,5,2,5,5,3,4,5,5,1,5,5,4,4,4,4,4,4,4,4,4,4,4,4,4,4,3,2,2,3,3,1,2,2,3,1,1,1,10,1,10,1,4,5,5,2,5,3,3,3,5,1,1,1,5,1,1,1,5,2,3,3,3,1,2,5,4,4,1,5,3,5,5,5,3,5,28800,2,1,3,2,4,4,3,4,2,4,4,5,4,5,2,4,4,5,5,5,1,4,1,2,7,3,7,5,NA,NA,NA,NA,NA,NA,NA,NA,NA,NA,NA,NA,NA,NA,NA,NA,NA,NA,NA,NA,NA,NA,NA,NA,NA,NA,NA,237457968357525,213,1,1280,4,4,4,4,3.6,5,4,4,3,"Secondary education (e.g., high school)",Woman,23,(3),Urban,28800,10.268130666124037,"March 05, 2023"
2023-03-05 07:47:39,2023-03-05 08:01:24,0,100,824,1,2023-03-05 08:01:25,R_9mqeTyoSwnu38TD,anonymous,FR,1,0,NA,21,3,213,4,4,5,5,1,1,6,5,2,3,4,4,4,3,NA,Le fait qu’il assume ne pas avoir toute les réponses et qu’il puisse se tromper parfois.,4,6,5,4,5,2,3,2,3,4,3,2,2,5,2,5,4,3,1,2,2,2,2,3,1,2,2,2,2,2,1,3,2,3,3,3,4,2,3,4,2,3,3,3,1,2,10,1,6,3,3,3,3,3,1,1,3,3,3,2,4,2,2,3,2,4,1,2,1,2,1,3,3,3,3,3,3,3,3,3,3,3,3,6000,3,5,1,2,3,3,4,2,3,1,3,3,4,2,3,3,3,4,5,2,3,1,2,5,5,5,2,5,NA,NA,NA,NA,NA,NA,NA,NA,NA,NA,NA,NA,NA,NA,NA,NA,NA,NA,NA,NA,NA,NA,NA,NA,NA,NA,NA,237298315264056,213,1,1282,2,2.3333333333333335,1.6666666666666667,1.6666666666666667,3,3,1.9166666666666667,2.1666666666666665,3,"Secondary education (e.g., high school)",Woman,21,Not religious at all (1),Urban,6000,8.699514748210191,"March 05, 2023"
2023-03-05 07:48:33,2023-03-05 08:16:39,0,100,1685,1,2023-03-05 08:16:39,R_2WA2eZKw1tgF1sw,anonymous,FR,1,1,NA,68,3,213,2,2,3,2,4,1,1,1,2,4,1,1,1,1,Les riches pour nous exploiter,NA,2,6,1,5,4,3,2,3,3,2,5,2,4,1,3,4,5,4,3,4,4,4,3,4,4,5,4,4,4,3,3,3,4,3,3,4,3,3,1,3,3,4,3,2,1,5,7,5,1,4,4,2,2,4,2,4,1,2,3,1,1,5,2,1,1,5,3,3,2,3,1,4,3,3,4,3,4,3,4,3,3,3,4,21000,2,2,1,1,4,4,3,4,2,4,4,3,3,4,3,3,4,3,3,4,3,3,2,5,8,5,5,4,NA,NA,NA,NA,NA,NA,NA,NA,NA,NA,NA,NA,NA,NA,NA,NA,NA,NA,NA,NA,NA,NA,NA,NA,NA,NA,NA,237457967302753,213,1,1284,4,4,4,3.3333333333333335,3,4,3.8333333333333335,4,3,"Secondary education (e.g., high school)",Man,68,Not religious at all (1),Rural,21000,9.95227771670556,"March 05, 2023"
2023-03-05 08:03:27,2023-03-05 08:25:13,0,100,1305,1,2023-03-05 08:25:13,R_2YMpCMjva7B2pzD,anonymous,FR,1,1,NA,58,4,213,3,3,3,3,3,3,3,1,1,1,4,1,1,1,NA,Aucune idée,3,4,1,5,4,5,2,3,4,2,3,4,5,2,5,4,4,4,3,4,4,2,3,4,4,4,2,3,3,4,3,3,3,3,3,3,3,3,3,3,3,3,3,3,1,5,7,6,2,4,4,3,3,4,3,1,3,3,1,2,3,3,3,3,3,3,1,3,3,3,4,4,5,5,5,5,5,5,5,5,5,5,5,80000,2,5,3,1,4,4,4,4,3,2,4,3,3,4,3,3,4,3,3,2,3,2,2,3,5,1,4,6,NA,NA,NA,NA,NA,NA,NA,NA,NA,NA,NA,NA,NA,NA,NA,NA,NA,NA,NA,NA,NA,NA,NA,NA,NA,NA,NA,237457968499733,213,1,1286,3.3333333333333335,3.6666666666666665,3.6666666666666665,2.6666666666666665,4,3,3.3333333333333335,3.5,4,"Higher education (e.g., university degree or higher education diploma)",Man,58,(3),Rural,80000,11.289781913656018,"March 05, 2023"
2023-03-03 11:24:39,2023-03-05 08:31:33,0,100,162413,1,2023-03-05 08:31:34,R_3Rll6zouuPWHz79,anonymous,FR,1,1,NA,31,3,213,1,1,1,1,1,1,1,1,1,1,1,1,1,1,Tout le monde,NA,5,6,1,5,5,3,2,5,4,1,2,5,4,2,4,5,5,5,1,4,4,4,2,4,4,4,4,4,4,4,4,4,4,5,5,5,2,1,4,3,1,1,4,2,1,9,1,10,2,4,1,1,1,1,1,1,1,3,5,4,2,2,4,4,4,3,2,3,2,3,1,5,5,5,5,5,5,5,5,5,5,5,5,16800,1,1,1,2,5,5,5,5,5,5,4,4,4,4,4,4,4,4,3,4,4,4,1,1,1,1,1,5,NA,NA,NA,NA,NA,NA,NA,NA,NA,NA,NA,NA,NA,NA,NA,NA,NA,NA,NA,NA,NA,NA,NA,NA,NA,NA,NA,237123007928473,213,1,1287,4,4,4,3.3333333333333335,4,1,3.8333333333333335,4,3,"Secondary education (e.g., high school)",Man,31,Not religious at all (1),Urban,16800,9.72913416539135,"March 03, 2023"
2023-03-05 08:54:45,2023-03-05 08:59:12,0,100,266,1,2023-03-05 08:59:12,R_0uflxb91sPYlU1H,anonymous,FR,1,0,NA,29,4,213,1,3,2,1,2,3,NA,5,4,3,1,3,2,3,Vjkkk,NA,2,4,4,2,4,3,2,3,4,4,3,3,3,4,2,5,4,3,1,2,5,NA,2,4,2,2,5,3,2,5,4,2,4,4,4,4,2,2,5,3,3,2,4,1,1,1,4,3,2,3,3,4,2,4,3,4,2,3,3,4,3,4,4,3,2,3,4,4,1,1,4,2,4,3,4,3,3,2,3,4,4,3,2,1200,2,5,3,1,3,4,4,4,4,3,1,4,3,4,3,3,1,4,3,3,3,4,4,6,7,5,6,5,NA,NA,NA,NA,NA,NA,NA,NA,NA,NA,NA,NA,NA,NA,NA,NA,NA,NA,NA,NA,NA,NA,NA,NA,NA,NA,NA,237457967339604,213,1,1289,3.5,3,3,3.6666666666666665,3.2,4,3.272727272727273,3.2,4,"Higher education (e.g., university degree or higher education diploma)",Woman,29,(3),Rural,1200,7.090076835776092,"March 05, 2023"
2023-03-05 09:24:42,2023-03-05 09:29:20,0,100,277,1,2023-03-05 09:29:21,R_XHbfE3j7Dqt6Ghr,anonymous,FR,1,0,NA,27,3,213,5,1,2,3,1,1,3,2,6,2,3,1,5,1,NA,Preuves,4,4,1,5,3,5,2,5,3,5,5,4,4,1,3,4,5,4,5,5,3,5,5,4,5,4,4,5,5,5,5,4,5,4,3,4,3,5,5,5,5,4,2,3,1,3,8,10,6,5,5,5,5,5,1,5,5,3,5,4,5,2,4,5,4,5,4,2,3,1,3,5,3,5,3,5,5,3,5,5,3,5,5,29000,5,5,1,1,5,1,1,2,1,1,5,3,5,2,3,5,1,4,4,1,1,3,4,7,9,7,7,1,NA,NA,NA,NA,NA,NA,NA,NA,NA,NA,NA,NA,NA,NA,NA,NA,NA,NA,NA,NA,NA,NA,NA,NA,NA,NA,NA,237197170562106,213,1,1292,4.666666666666667,4.666666666666667,4.333333333333333,4.666666666666667,3.4,4,4.583333333333333,4.666666666666667,3,"Secondary education (e.g., high school)",Woman,27,Not religious at all (1),Rural,29000,10.275051108968611,"March 05, 2023"
2023-03-02 22:37:01,2023-03-05 09:40:32,0,100,212611,1,2023-03-05 09:40:33,R_2bgeTik14CSwDIt,anonymous,FR,1,0,NA,24,4,213,2,4,2,2,2,3,5,4,3,3,4,4,2,1,NA,"Ses études, le fait que d’autres puissent chercher à confirmer ses recherches",4,4,5,4,3,3,4,3,3,1,3,2,2,2,2,5,5,4,2,4,4,2,3,4,3,4,2,4,2,2,2,2,3,4,2,4,4,2,1,2,1,2,3,1,1,7,3,8,2,3,4,4,2,4,3,2,3,4,1,1,3,4,2,2,1,5,1,3,3,3,1,4,4,1,4,2,4,4,4,2,4,2,4,20000,99,99,3,1,4,4,4,4,3,4,2,3,3,3,2,2,3,3,3,3,2,3,1,5,7,4,1,6,NA,NA,NA,NA,NA,NA,NA,NA,NA,NA,NA,NA,NA,NA,NA,NA,NA,NA,NA,NA,NA,NA,NA,NA,NA,NA,NA,237298314869847,213,1,1293,2.6666666666666665,4,3,2.3333333333333335,2.6,4,3,3.3333333333333335,4,"Higher education (e.g., university degree or higher education diploma)",Woman,24,(3),Rural,20000,9.903487552536127,"March 02, 2023"
2023-03-05 09:41:02,2023-03-05 09:58:38,0,100,1056,1,2023-03-05 09:58:39,R_3eh43ZwpAjYvNVc,anonymous,FR,1,0,NA,39,4,213,3,7,3,3,3,3,6,4,3,3,6,1,1,3,Les laboratoires et personnels scientifiques du fait des lobbing,NA,4,6,1,5,5,5,1,3,3,1,4,4,5,3,4,5,5,4,4,4,3,2,2,3,1,3,1,3,3,1,1,3,3,5,4,4,1,1,4,5,5,5,4,5,1,10,1,10,1,2,5,5,1,5,2,4,4,5,1,1,1,5,1,1,1,5,2,3,3,3,1,5,5,5,5,5,5,5,5,5,5,5,5,30000,1,1,2,1,3,3,3,3,3,3,2,3,3,3,3,3,3,3,3,3,3,3,1,3,3,1,5,5,NA,NA,NA,NA,NA,NA,NA,NA,NA,NA,NA,NA,NA,NA,NA,NA,NA,NA,NA,NA,NA,NA,NA,NA,NA,NA,NA,237298314545262,213,1,1295,2,3.3333333333333335,2.3333333333333335,1.3333333333333333,4.2,3,2.25,2.6666666666666665,4,"Higher education (e.g., university degree or higher education diploma)",Woman,39,(2),Rural,30000,10.308952660644293,"March 05, 2023"
2023-03-05 09:24:50,2023-03-05 10:14:16,0,100,2965,1,2023-03-05 10:14:16,R_xFtdC9zwR8BZo65,anonymous,FR,1,1,NA,24,4,213,6,4,5,5,3,5,4,1,1,1,3,1,1,1,Les humains,NA,3,4,1,5,5,1,1,5,5,3,5,1,1,1,4,3,5,4,2,3,4,4,3,5,4,3,4,4,4,4,4,5,3,4,4,4,4,4,4,5,4,3,4,5,1,5,10,5,10,4,5,5,1,3,4,4,4,5,3,3,4,3,3,4,4,4,3,2,3,3,2,4,5,5,5,5,5,5,5,5,5,5,5,1700,5,5,1,1,3,3,3,3,3,3,3,3,3,3,3,3,3,3,3,3,3,3,1,2,9,6,4,3,NA,NA,NA,NA,NA,NA,NA,NA,NA,NA,NA,NA,NA,NA,NA,NA,NA,NA,NA,NA,NA,NA,NA,NA,NA,NA,NA,237298314740805,213,1,1297,3.6666666666666665,4,4,3.6666666666666665,2.4,3,3.8333333333333335,3.8333333333333335,4,"Higher education (e.g., university degree or higher education diploma)",Man,24,Not religious at all (1),Rural,1700,7.438383530044307,"March 05, 2023"
2023-03-05 10:04:21,2023-03-05 10:16:05,0,100,704,1,2023-03-05 10:16:06,R_2yfuwNNuTT1Vru9,anonymous,FR,1,0,NA,56,3,213,4,2,2,1,4,1,1,1,1,4,4,1,1,1,NA,ne sais pas,3,6,1,5,4,4,1,4,3,3,2,3,3,3,3,3,3,3,3,3,3,3,3,3,3,3,3,3,2,3,3,3,3,3,3,3,4,3,3,3,3,3,3,3,1,6,6,6,1,3,4,4,3,2,3,3,3,4,1,3,3,4,4,3,4,4,2,3,2,3,2,4,4,4,4,4,4,4,4,4,4,4,4,100,99,99,3,2,3,3,3,3,3,3,3,3,3,3,3,3,3,3,3,3,3,3,2,4,7,6,6,5,NA,NA,NA,NA,NA,NA,NA,NA,NA,NA,NA,NA,NA,NA,NA,NA,NA,NA,NA,NA,NA,NA,NA,NA,NA,NA,NA,237123008145588,213,1,1298,3,3,2.6666666666666665,3,3,3,2.9166666666666665,3,3,"Secondary education (e.g., high school)",Woman,56,(3),Urban,100,4.605170185988092,"March 05, 2023"
2023-03-05 10:23:19,2023-03-05 10:33:22,0,100,602,1,2023-03-05 10:33:22,R_1I5BEt6NodHIZem,anonymous,FR,1,1,NA,37,3,213,1,1,2,1,1,1,1,1,1,1,2,1,1,1,NA,NA,3,4,1,4,4,4,1,3,3,3,4,3,3,3,3,4,4,3,3,4,3,3,3,4,3,3,3,4,3,3,3,3,3,3,3,4,3,3,3,3,3,3,3,3,1,5,5,5,5,3,3,3,3,4,4,3,3,4,3,3,2,3,3,3,2,3,1,3,3,3,1,4,4,4,4,4,4,4,4,4,4,4,4,NA,99,99,2,1,3,3,3,3,3,3,3,3,3,2,3,3,3,3,3,3,3,3,3,4,7,6,4,5,NA,NA,NA,NA,NA,NA,NA,NA,NA,NA,NA,NA,NA,NA,NA,NA,NA,NA,NA,NA,NA,NA,NA,NA,NA,NA,NA,237123008150777,213,1,1301,3,4,3,3,3.2,3,3.25,3.5,3,"Secondary education (e.g., high school)",Man,37,(2),Rural,NA,NA,"March 05, 2023"
2023-03-05 10:19:18,2023-03-05 10:46:15,0,100,1616,1,2023-03-05 10:46:15,R_2Y6eds9xc4YPk7O,anonymous,FR,1,0,NA,33,4,213,2,4,3,2,2,1,2,1,2,1,4,1,2,1,NA,Ce qui rend un scientifique digne de confiance sont ses nombreuses études et recherches,4,6,1,5,4,4,3,3,3,2,4,2,1,2,3,3,4,4,4,4,4,3,3,4,2,3,3,4,3,3,4,4,3,4,3,3,4,3,2,5,4,4,5,4,1,8,6,8,1,4,3,3,4,4,2,2,3,3,1,3,2,5,2,1,1,4,2,3,3,3,1,4,4,4,5,3,4,5,5,5,5,4,5,1700,2,2,1,1,3,4,3,3,3,3,3,4,3,3,3,3,3,4,3,3,3,3,1,3,8,3,4,5,NA,NA,NA,NA,NA,NA,NA,NA,NA,NA,NA,NA,NA,NA,NA,NA,NA,NA,NA,NA,NA,NA,NA,NA,NA,NA,NA,237361103823095,213,1,1304,3,4,3,3.3333333333333335,2.4,3,3.3333333333333335,3.5,4,"Higher education (e.g., university degree or higher education diploma)",Woman,33,Not religious at all (1),Rural,1700,7.438383530044307,"March 05, 2023"
2023-03-05 10:40:15,2023-03-05 10:50:41,0,100,625,1,2023-03-05 10:50:41,R_2VlmTAag9CAqdD0,anonymous,FR,1,1,NA,27,4,213,5,3,5,2,1,3,1,1,3,4,5,2,1,1,NA,"L'indépendance scientifique et la qualité de l'étude, la reconnaissance de ce scientifique par ses pairs et les instituts de recherche.",5,6,1,5,5,5,1,5,2,1,4,5,5,4,4,5,4,4,2,3,4,3,2,4,2,4,4,4,2,3,2,5,4,1,1,2,5,2,2,2,1,3,1,1,1,1,1,10,1,5,5,5,1,5,4,4,5,5,1,2,1,5,1,1,1,5,3,3,3,3,1,5,5,5,5,5,5,5,5,5,5,5,5,71350,1,2,1,2,5,5,5,5,2,5,5,2,5,4,2,2,5,3,5,4,1,4,1,1,6,7,7,6,NA,NA,NA,NA,NA,NA,NA,NA,NA,NA,NA,NA,NA,NA,NA,NA,NA,NA,NA,NA,NA,NA,NA,NA,NA,NA,NA,236850617193637,213,1,1305,3.3333333333333335,3.6666666666666665,2.6666666666666665,2.6666666666666665,4.4,3,3.0833333333333335,3.5,4,"Higher education (e.g., university degree or higher education diploma)",Man,27,Not religious at all (1),Urban,71350,11.175352622904983,"March 05, 2023"
2023-03-05 11:04:32,2023-03-05 11:23:11,0,100,1118,1,2023-03-05 11:23:11,R_pry0EwxWtkUUNhv,anonymous,FR,1,0,NA,24,4,213,1,6,6,3,4,5,6,2,2,5,5,5,2,1,NA,La qualité de ces articles publiés Savoir dire qu'elle ne sait pas Se baser sur les études dans ses propos,5,4,1,5,5,5,4,5,4,3,4,5,4,4,5,5,2,5,3,4,4,5,5,5,4,5,4,4,3,4,3,5,4,5,5,5,3,3,1,1,2,2,1,5,1,10,2,10,1,5,4,3,2,4,4,4,3,3,1,2,2,4,2,2,3,3,2,3,3,3,1,5,5,5,5,5,5,5,5,5,5,5,5,3000,2,99,3,2,5,5,5,5,5,4,5,5,5,5,4,3,4,5,5,4,4,3,1,1,2,5,4,6,NA,NA,NA,NA,NA,NA,NA,NA,NA,NA,NA,NA,NA,NA,NA,NA,NA,NA,NA,NA,NA,NA,NA,NA,NA,NA,NA,237361102935121,213,1,1307,4.666666666666667,4.333333333333333,3.6666666666666665,4,4,5,4.166666666666667,4.5,4,"Higher education (e.g., university degree or higher education diploma)",Woman,24,(3),Urban,3000,8.006367567650246,"March 05, 2023"
2023-03-05 10:30:21,2023-03-05 11:35:29,0,100,3907,1,2023-03-05 11:35:29,R_8prp6z75U0xp3zP,anonymous,FR,1,1,NA,39,4,213,3,3,3,3,1,1,1,2,2,2,1,1,1,1,NA,"Quand elle est documentée par des recherches variées, ayant fait l'objet d'un consensus international large",5,1,4,4,4,3,3,4,3,3,3,4,3,4,4,3,4,5,3,4,4,5,4,4,4,5,4,4,4,5,5,5,5,4,2,4,3,3,1,1,1,2,1,1,1,2,10,5,4,4,3,3,3,4,4,5,2,3,1,3,2,1,3,2,4,2,3,3,4,3,2,4,4,4,4,4,4,4,4,4,5,4,5,185000,4,4,4,2,5,5,5,4,4,1,3,3,3,3,2,1,4,4,4,4,3,2,1,1,1,1,6,8,NA,NA,NA,NA,NA,NA,NA,NA,NA,NA,NA,NA,NA,NA,NA,NA,NA,NA,NA,NA,NA,NA,NA,NA,NA,NA,NA,237298314486833,213,1,1309,5,4,4,4.333333333333333,3.8,5,4.333333333333333,4.5,4,"Higher education (e.g., university degree or higher education diploma)",Man,39,(4),Urban,185000,12.128111104060462,"March 05, 2023"
2023-03-04 07:36:56,2023-03-05 11:49:24,0,100,101547,1,2023-03-05 11:49:24,R_2uEt9jVDYIHzamv,anonymous,FR,1,1,NA,45,3,213,3,3,2,1,2,2,3,1,1,1,3,2,2,1,NA,quand ils sont crédibles,3,4,1,5,5,3,3,4,3,3,4,4,4,4,3,4,3,2,3,3,3,2,4,3,3,4,3,3,4,3,2,2,4,5,3,4,3,3,3,3,3,2,5,3,1,2,3,3,2,2,3,3,2,4,2,2,2,4,2,1,2,2,3,2,1,3,1,3,3,3,1,5,5,5,5,5,5,5,5,5,5,5,5,17000,99,5,1,1,2,4,3,2,4,2,3,2,3,2,4,3,2,4,4,3,2,2,1,1,5,6,6,3,NA,NA,NA,NA,NA,NA,NA,NA,NA,NA,NA,NA,NA,NA,NA,NA,NA,NA,NA,NA,NA,NA,NA,NA,NA,NA,NA,237457967372357,213,1,1312,3,3,3.3333333333333335,3,3.6,3,3.0833333333333335,3,3,"Secondary education (e.g., high school)",Man,45,Not religious at all (1),Rural,17000,9.740968623038354,"March 04, 2023"
2023-03-05 11:47:52,2023-03-05 11:55:26,0,100,453,1,2023-03-05 11:55:26,R_s6dzZd2dfwQlH8d,anonymous,FR,1,1,NA,22,4,213,4,4,3,7,7,7,7,7,7,5,5,4,5,7,NA,NA,4,4,1,4,5,5,4,4,4,5,5,5,4,5,5,5,5,5,4,4,5,4,4,5,4,5,4,5,4,4,4,4,5,3,5,4,5,5,5,5,4,4,4,5,1,9,9,9,9,5,1,1,4,1,1,1,1,1,1,5,5,1,5,5,5,5,3,3,3,4,2,5,5,5,5,4,4,4,5,5,5,4,4,27500,99,99,1,2,4,4,4,4,4,4,5,5,4,4,4,5,4,5,5,4,4,4,6,6,6,1,7,5,NA,NA,NA,NA,NA,NA,NA,NA,NA,NA,NA,NA,NA,NA,NA,NA,NA,NA,NA,NA,NA,NA,NA,NA,NA,NA,NA,237298315259112,213,1,1314,4.333333333333333,4.666666666666667,4.333333333333333,4,4.8,4,4.333333333333333,4.5,4,"Higher education (e.g., university degree or higher education diploma)",Man,22,Not religious at all (1),Urban,27500,10.221941283654663,"March 05, 2023"
2023-03-05 12:01:34,2023-03-05 12:17:34,0,100,959,1,2023-03-05 12:17:34,R_3lrCuTESMAs9g6k,anonymous,FR,1,1,NA,49,4,213,5,6,6,6,5,5,5,5,4,5,7,6,6,1,NA,le niveau d'étude,5,4,1,5,5,5,3,3,3,2,5,3,5,3,3,5,3,5,5,4,4,4,3,4,4,4,3,4,4,4,4,4,4,5,5,5,4,3,1,3,3,4,3,3,1,8,10,10,5,4,3,5,2,5,4,4,2,5,5,3,2,2,2,2,2,4,3,3,3,3,2,5,5,4,5,4,5,5,5,5,5,5,5,4500,3,3,2,2,2,2,3,4,4,3,2,2,3,3,3,3,2,2,2,3,3,2,1,1,2,7,4,7,NA,NA,NA,NA,NA,NA,NA,NA,NA,NA,NA,NA,NA,NA,NA,NA,NA,NA,NA,NA,NA,NA,NA,NA,NA,NA,NA,236850617524228,213,1,1316,4,4,4,3.3333333333333335,3.4,5,3.8333333333333335,4,4,"Higher education (e.g., university degree or higher education diploma)",Man,49,(2),Urban,4500,8.411832675758411,"March 05, 2023"
2023-03-05 12:21:29,2023-03-05 12:28:27,0,100,417,1,2023-03-05 12:28:28,R_3O7i0m6z40QsoUW,anonymous,FR,1,0,NA,23,4,213,2,2,2,2,2,2,2,2,2,2,2,1,1,1,NA,Les recherches autour,3,4,1,4,4,4,4,4,4,4,4,3,3,3,3,3,3,3,3,4,3,3,3,3,3,3,3,4,3,3,3,3,3,1,1,1,3,3,3,3,3,3,3,3,1,5,5,8,3,3,3,3,3,2,2,2,3,3,2,3,3,3,3,3,3,3,2,2,2,3,2,3,3,3,3,3,3,4,4,4,4,4,4,6000,99,99,3,1,3,3,3,3,3,3,3,3,3,3,3,3,3,3,3,3,3,3,4,4,5,4,4,6,NA,NA,NA,NA,NA,NA,NA,NA,NA,NA,NA,NA,NA,NA,NA,NA,NA,NA,NA,NA,NA,NA,NA,NA,NA,NA,NA,237361108006961,213,1,1318,3,3.6666666666666665,3,3,3,3,3.1666666666666665,3.3333333333333335,4,"Higher education (e.g., university degree or higher education diploma)",Woman,23,(3),Rural,6000,8.699514748210191,"March 05, 2023"
2023-03-05 12:56:27,2023-03-05 13:06:50,0,100,622,1,2023-03-05 13:06:51,R_2b3tGi11Taxvnpc,anonymous,FR,1,0,NA,26,4,213,2,5,5,4,5,3,5,5,2,5,5,4,1,1,NA,"Sa renommée, ses recherches, ses découvertes",5,4,1,4,5,4,2,4,4,2,4,3,3,3,4,4,4,5,2,4,4,4,3,4,3,4,4,4,4,4,4,4,4,4,4,4,4,3,1,2,3,3,2,1,1,9,2,10,1,5,5,5,1,5,2,4,5,5,1,1,1,5,1,1,1,5,2,3,3,3,2,5,5,5,5,2,5,5,5,5,5,5,5,70000,1,1,1,2,5,5,5,5,5,4,5,5,5,5,4,4,4,5,5,4,4,3,1,1,1,3,2,8,NA,NA,NA,NA,NA,NA,NA,NA,NA,NA,NA,NA,NA,NA,NA,NA,NA,NA,NA,NA,NA,NA,NA,NA,NA,NA,NA,237123008146624,213,1,1319,4,4,3.6666666666666665,3.6666666666666665,3.4,5,3.8333333333333335,4,4,"Higher education (e.g., university degree or higher education diploma)",Woman,26,Not religious at all (1),Urban,70000,11.156250521031495,"March 05, 2023"
2023-03-05 13:03:12,2023-03-05 13:21:17,0,100,1084,1,2023-03-05 13:21:18,R_2D0sW3ytc5Jvivs,anonymous,FR,1,0,NA,52,4,213,1,2,2,3,2,1,2,1,1,1,2,1,1,1,"On profite tous de la science à travers les nouveautés technologiques, medicales",NA,5,6,1,5,5,3,1,3,3,1,5,4,1,3,3,5,5,5,4,3,4,3,3,4,3,4,2,4,2,3,2,4,3,4,4,3,2,3,3,3,4,4,3,3,1,10,3,9,1,2,3,2,4,2,2,1,1,2,1,3,2,4,3,2,3,4,2,3,3,3,3,2,2,2,2,2,2,3,4,3,2,3,3,20000,1,3,4,2,3,3,3,2,2,3,3,4,4,3,3,4,2,3,3,4,4,3,1,3,7,4,4,5,NA,NA,NA,NA,NA,NA,NA,NA,NA,NA,NA,NA,NA,NA,NA,NA,NA,NA,NA,NA,NA,NA,NA,NA,NA,NA,NA,237457967401203,213,1,1320,3.3333333333333335,3.6666666666666665,3,2.3333333333333335,3.2,4,3.0833333333333335,3.5,4,"Higher education (e.g., university degree or higher education diploma)",Woman,52,(4),Urban,20000,9.903487552536127,"March 05, 2023"
2023-03-05 14:08:00,2023-03-05 14:24:44,0,100,1003,1,2023-03-05 14:24:44,R_3j8qcagQk1SAVzF,anonymous,FR,1,0,NA,36,4,213,3,3,3,1,3,1,3,1,2,1,3,1,2,1,NA,Qu’elle soit délivrée par des vrais scientifiques  Que l idée soit reconnue et reprise par tous les scientifiques Que dès tests concluants prouvent que ses idées sont bonnes,3,4,1,2,4,5,2,2,2,1,4,1,1,3,1,4,5,4,3,3,3,2,2,4,3,3,2,4,2,2,2,4,2,5,4,5,2,2,4,5,3,5,4,3,1,8,9,6,2,3,5,3,1,2,3,4,1,2,1,2,1,4,3,1,1,4,3,2,3,3,2,5,5,5,5,4,5,5,5,5,5,5,5,4000,3,4,1,2,3,3,3,4,1,2,3,3,3,4,1,2,3,4,3,4,1,1,1,6,7,7,6,6,NA,NA,NA,NA,NA,NA,NA,NA,NA,NA,NA,NA,NA,NA,NA,NA,NA,NA,NA,NA,NA,NA,NA,NA,NA,NA,NA,237361106214082,213,1,1322,2.3333333333333335,3.6666666666666665,2.6666666666666665,2,2.2,3,2.6666666666666665,3,4,"Higher education (e.g., university degree or higher education diploma)",Woman,36,Not religious at all (1),Urban,4000,8.294049640102028,"March 05, 2023"
2023-03-05 14:47:41,2023-03-05 15:00:11,0,100,749,1,2023-03-05 15:00:11,R_3ltOFfDnQEyWsj7,anonymous,FR,1,0,NA,65,4,213,3,4,3,3,1,4,4,3,3,5,5,5,5,3,NA,"son indépendance vis à vis des laboratoires ""marchands"" et des gouvernements",3,6,1,5,5,5,1,3,3,2,4,1,3,1,2,5,5,5,5,4,4,3,3,4,4,4,4,4,4,4,3,3,4,5,5,5,4,4,2,3,2,4,2,3,1,10,1,10,1,4,3,4,2,5,3,4,4,4,1,1,1,5,1,1,1,5,3,3,3,3,3,5,5,5,5,5,5,5,5,5,5,5,5,17400,1,2,1,1,4,4,4,4,4,4,4,4,4,2,2,2,4,4,4,3,3,3,1,4,3,5,2,4,NA,NA,NA,NA,NA,NA,NA,NA,NA,NA,NA,NA,NA,NA,NA,NA,NA,NA,NA,NA,NA,NA,NA,NA,NA,NA,NA,237361107846341,213,1,1326,3.6666666666666665,4,4,3.3333333333333335,2.4,5,3.75,3.8333333333333335,4,"Higher education (e.g., university degree or higher education diploma)",Woman,65,Not religious at all (1),Rural,17400,9.764225485202621,"March 05, 2023"
2023-03-05 15:07:13,2023-03-05 15:16:06,0,100,533,1,2023-03-05 15:16:06,R_27EAtNbfX5le3TA,anonymous,FR,1,0,NA,23,4,213,5,5,5,4,6,5,6,5,5,4,4,4,5,2,NA,"Fiabilité, transparence, pas de dépendance d une entreprise",2,6,5,5,5,5,3,2,2,2,3,4,4,3,4,5,3,4,3,2,3,3,3,3,3,2,2,3,3,3,2,4,2,3,2,3,4,2,3,4,4,3,2,3,1,7,8,7,4,1,4,4,2,5,2,4,4,4,2,1,1,4,1,1,1,4,1,2,3,4,3,4,5,5,5,5,5,5,5,5,5,5,5,15000,4,3,4,1,3,3,2,4,2,2,3,3,4,5,1,3,4,4,4,4,3,3,2,5,6,5,7,5,NA,NA,NA,NA,NA,NA,NA,NA,NA,NA,NA,NA,NA,NA,NA,NA,NA,NA,NA,NA,NA,NA,NA,NA,NA,NA,NA,237123008153653,213,1,1328,2.6666666666666665,2.6666666666666665,3,2.3333333333333335,3.6,4,2.6666666666666665,2.6666666666666665,4,"Higher education (e.g., university degree or higher education diploma)",Woman,23,(4),Rural,15000,9.615805480084347,"March 05, 2023"
2023-03-05 15:28:01,2023-03-05 15:37:53,0,100,592,1,2023-03-05 15:37:54,R_3g1OkLKhTPfWduT,anonymous,FR,1,1,NA,23,4,213,1,1,3,3,1,1,1,1,1,1,3,1,1,1,NA,s'il suit des procédures claires et qu'il fait preuve d'objectivité et de rigueur tout en prouvant ses informations,4,4,1,4,5,1,2,4,5,2,3,1,1,3,1,4,5,3,3,4,3,3,3,4,3,3,2,3,3,3,2,4,3,3,3,3,1,1,4,1,2,2,3,3,1,5,4,5,4,4,3,1,1,2,1,1,1,4,3,2,2,5,1,3,1,5,1,2,3,2,1,3,4,3,4,2,4,3,4,3,4,2,4,47000,99,4,1,1,4,4,5,4,3,3,2,4,5,4,3,3,4,4,5,3,3,3,1,1,2,5,5,5,NA,NA,NA,NA,NA,NA,NA,NA,NA,NA,NA,NA,NA,NA,NA,NA,NA,NA,NA,NA,NA,NA,NA,NA,NA,NA,NA,237361107985440,213,1,1330,3,3.6666666666666665,3,2.3333333333333335,2.2,4,3,3.3333333333333335,4,"Higher education (e.g., university degree or higher education diploma)",Man,23,Not religious at all (1),Rural,47000,10.757902880692196,"March 05, 2023"
2023-03-05 15:26:59,2023-03-05 15:48:22,0,100,1282,1,2023-03-05 15:48:23,R_32IRd9HrxIJoqB9,anonymous,FR,1,1,NA,46,3,213,1,3,3,3,4,2,1,1,2,4,3,1,1,1,"La science peut bénéficier à tous, puisqu'elle fait partie de notre quotidien.",NA,4,6,1,5,4,3,3,4,3,2,5,2,3,2,4,5,4,4,2,4,3,3,3,3,2,3,2,4,3,3,3,4,3,4,4,4,2,3,4,4,2,4,3,3,1,6,6,4,3,3,3,2,2,2,3,2,2,4,2,2,2,3,2,2,1,5,1,2,3,3,1,4,4,4,4,4,4,4,4,4,4,4,4,26000,3,3,2,2,4,4,4,4,2,2,4,4,4,4,3,3,4,4,4,4,2,3,2,3,2,4,3,5,NA,NA,NA,NA,NA,NA,NA,NA,NA,NA,NA,NA,NA,NA,NA,NA,NA,NA,NA,NA,NA,NA,NA,NA,NA,NA,NA,237361108076657,213,1,1332,3,3.6666666666666665,2.6666666666666665,2.6666666666666665,3,4,3,3.3333333333333335,3,"Secondary education (e.g., high school)",Man,46,(2),Urban,26000,10.165851817003619,"March 05, 2023"
2023-03-05 15:56:02,2023-03-05 16:10:27,0,100,864,1,2023-03-05 16:10:28,R_9sNJZZRMhvhnIBz,anonymous,FR,1,0,NA,82,4,213,1,3,1,1,1,2,1,1,1,1,3,1,2,1,NA,ses publications scientifiques dans des revues spécialisées. La reconnaissance de ses pairs,4,1,3,4,5,4,3,4,4,4,4,5,3,4,5,4,5,5,4,4,4,4,4,4,4,3,4,4,4,4,4,5,4,4,3,3,3,3,1,1,2,1,1,2,1,8,7,10,1,5,3,3,4,5,3,2,2,4,1,2,2,2,3,2,2,2,3,3,3,3,2,5,5,5,5,5,5,5,5,5,5,5,5,24000,2,2,1,1,4,4,4,4,4,4,4,4,4,4,4,4,4,4,4,4,4,4,1,1,1,1,1,6,NA,NA,NA,NA,NA,NA,NA,NA,NA,NA,NA,NA,NA,NA,NA,NA,NA,NA,NA,NA,NA,NA,NA,NA,NA,NA,NA,237457967323355,213,1,1333,3.6666666666666665,4,4,4,4.4,4,3.9166666666666665,3.8333333333333335,4,"Higher education (e.g., university degree or higher education diploma)",Woman,82,Not religious at all (1),Rural,24000,10.085809109330082,"March 05, 2023"
2023-03-05 15:57:22,2023-03-05 16:48:01,0,100,3039,1,2023-03-05 16:48:02,R_1dLmdEafeWERTXP,anonymous,FR,1,1,NA,66,4,213,1,1,5,3,2,2,2,1,1,2,3,1,1,2,"La médecine par la recherche notamment au travers d'associations car les laboratoires pharmaceutiques visent d'abord la rentabilité et non des traitements qui ne concernerait que peu d'individus. Le public qui peut s'appuyer sur les rapports du GIEC, des  océanographes... pour se mobiliser et avoir des arguments. Cela peut concerner l'écologie, le changement climatique, les mouvements sociaux..... L'industrie qui profite des technologies dérivées des recherches fondamentales.",NA,4,6,1,5,4,5,2,3,3,2,3,3,4,5,3,5,5,5,4,4,4,4,3,4,2,4,3,4,4,3,3,5,4,3,4,4,5,2,3,3,2,4,3,2,1,9,2,9,1,5,2,2,1,4,2,2,2,5,1,1,1,1,1,1,1,4,3,3,3,3,3,3,5,3,5,4,5,5,5,5,5,5,5,26492,1,1,1,2,4,2,5,4,3,5,4,5,5,4,3,4,4,4,4,4,2,5,1,1,6,3,4,3,NA,NA,NA,NA,NA,NA,NA,NA,NA,NA,NA,NA,NA,NA,NA,NA,NA,NA,NA,NA,NA,NA,NA,NA,NA,NA,NA,237298315353166,213,1,1336,3.6666666666666665,4,3.3333333333333335,3,4,4,3.5,3.8333333333333335,4,"Higher education (e.g., university degree or higher education diploma)",Man,66,Not religious at all (1),Urban,26492,10.18459807960487,"March 05, 2023"
2023-03-05 17:28:10,2023-03-05 17:35:28,0,100,438,1,2023-03-05 17:35:29,R_2QsuUmD9m9irMcF,anonymous,FR,1,0,NA,22,4,213,5,2,4,1,4,5,5,2,5,5,5,3,5,1,NA,"qui n'est pas biaisé par des marques qui leur font dire des choses non vraies, il faut qu'il soit indépendant",4,6,2,5,5,5,1,5,3,3,4,4,4,5,4,4,5,5,4,4,2,4,4,4,2,4,4,5,4,4,4,5,3,4,3,4,2,4,3,2,4,5,2,2,1,9,3,10,1,4,4,5,2,2,3,2,4,4,1,4,2,3,4,2,4,2,3,3,3,3,3,5,5,3,5,5,5,5,5,5,5,5,5,24000,2,3,1,2,4,4,4,5,4,4,5,2,4,5,4,3,3,4,4,5,4,2,1,1,1,3,4,6,NA,NA,NA,NA,NA,NA,NA,NA,NA,NA,NA,NA,NA,NA,NA,NA,NA,NA,NA,NA,NA,NA,NA,NA,NA,NA,NA,237123007803444,213,1,1338,4,4.333333333333333,2.6666666666666665,4,4.4,4,3.75,4.166666666666667,4,"Higher education (e.g., university degree or higher education diploma)",Woman,22,Not religious at all (1),Urban,24000,10.085809109330082,"March 05, 2023"
2023-03-05 17:35:11,2023-03-05 17:58:36,0,100,1404,1,2023-03-05 17:58:36,R_1BQ3s7ojNAHOurY,anonymous,FR,1,1,NA,64,3,213,3,3,2,1,1,1,1,1,1,1,3,2,1,1,"Ce sont les étudiants et le corps enseignant car ils ont outre une évidente motivation, d'une part le temps ""professionnel"" de s'y consacrer et d'autre part un accès facilité et gratuit à ces informations.",NA,3,6,2,4,5,5,5,2,4,1,5,5,1,1,1,5,5,5,5,3,4,4,2,4,3,4,2,5,4,2,3,5,3,5,5,5,5,3,5,1,1,1,2,1,1,10,1,10,1,5,5,3,2,4,1,3,2,4,1,1,1,4,3,1,3,4,1,3,3,3,4,3,4,5,5,5,5,4,5,5,5,5,5,36345,2,4,1,1,4,4,4,4,3,4,4,5,4,3,3,5,4,5,4,3,3,3,1,1,2,1,2,5,NA,NA,NA,NA,NA,NA,NA,NA,NA,NA,NA,NA,NA,NA,NA,NA,NA,NA,NA,NA,NA,NA,NA,NA,NA,NA,NA,237123007741008,213,1,1340,3.3333333333333335,4,3.6666666666666665,2.3333333333333335,2.6,3,3.3333333333333335,3.6666666666666665,3,"Secondary education (e.g., high school)",Man,64,Not religious at all (1),Rural,36345,10.500811921918736,"March 05, 2023"
2023-03-05 17:47:05,2023-03-05 18:01:27,0,100,861,1,2023-03-05 18:01:27,R_1kG0OrJyCIpTa2a,anonymous,FR,1,0,NA,41,3,213,2,2,1,1,2,3,3,2,1,2,3,4,3,1,NA,Quand son invention prouve son efficacité,4,4,1,5,5,5,4,3,4,2,2,1,4,2,4,5,4,4,4,4,3,4,3,4,4,4,3,3,4,4,4,3,4,3,2,3,4,2,3,2,3,4,4,3,1,8,5,6,7,3,4,2,2,1,3,4,3,4,2,2,2,4,4,3,1,5,2,3,3,3,4,5,5,5,5,4,5,2,5,3,4,2,5,35000,99,99,1,1,3,4,3,4,2,2,3,3,3,2,4,1,3,2,3,2,2,2,1,1,4,4,5,6,NA,NA,NA,NA,NA,NA,NA,NA,NA,NA,NA,NA,NA,NA,NA,NA,NA,NA,NA,NA,NA,NA,NA,NA,NA,NA,NA,236923091540020,213,1,1341,4,3.6666666666666665,3.6666666666666665,3.3333333333333335,3,3,3.6666666666666665,3.8333333333333335,3,"Secondary education (e.g., high school)",Woman,41,Not religious at all (1),Rural,35000,10.46310334047155,"March 05, 2023"
2023-03-05 18:05:12,2023-03-05 18:28:49,0,100,1416,1,2023-03-05 18:28:49,R_ZjYJbffsa2I3Ikh,anonymous,FR,1,0,NA,43,3,213,2,3,1,1,3,1,1,1,2,1,3,2,3,1,NA,Bonne question je ne sais pas du tout. Pas facile de faire confiance !,3,4,1,5,5,5,3,3,3,2,4,2,2,2,2,4,5,5,3,3,3,2,3,3,3,3,2,3,2,2,2,3,2,4,3,3,5,3,4,5,4,4,3,3,1,4,8,8,1,3,3,4,4,4,3,3,3,3,1,5,2,5,1,1,1,1,1,2,2,2,1,5,5,5,5,5,5,5,5,5,5,5,5,NA,99,3,2,1,2,2,2,2,2,2,2,2,2,2,2,2,2,2,2,2,2,2,2,2,2,2,2,3,NA,NA,NA,NA,NA,NA,NA,NA,NA,NA,NA,NA,NA,NA,NA,NA,NA,NA,NA,NA,NA,NA,NA,NA,NA,NA,NA,236923091619001,213,1,1343,2.3333333333333335,3,2.6666666666666665,2.3333333333333335,2.6,3,2.5833333333333335,2.6666666666666665,3,"Secondary education (e.g., high school)",Woman,43,(2),Rural,NA,NA,"March 05, 2023"
2023-03-05 18:20:37,2023-03-05 18:50:33,0,100,1796,1,2023-03-05 18:50:34,R_2yqOVsYaojlxAk4,anonymous,FR,1,0,NA,55,3,213,2,5,5,2,1,1,3,1,1,3,3,1,1,1,Je pense que ce sont d abord des professions spécifiques avant que cela ne profite au commun des mortels,NA,4,2,1,4,5,4,3,4,4,2,3,3,2,3,2,4,5,4,3,4,4,4,3,4,4,4,2,4,4,4,3,3,4,5,4,4,4,4,2,2,2,2,3,3,1,6,3,10,2,4,3,2,4,4,3,4,2,2,2,3,2,4,2,2,2,3,2,3,2,3,1,3,4,4,4,4,4,2,2,2,2,2,2,2500,2,3,1,2,3,3,4,3,4,3,3,3,3,3,3,3,4,4,4,4,4,4,2,4,7,3,4,3,NA,NA,NA,NA,NA,NA,NA,NA,NA,NA,NA,NA,NA,NA,NA,NA,NA,NA,NA,NA,NA,NA,NA,NA,NA,NA,NA,237457967456391,213,1,1346,4,4,4,2.6666666666666665,3,4,3.6666666666666665,4,3,"Secondary education (e.g., high school)",Woman,55,Not religious at all (1),Urban,2500,7.824046010856292,"March 05, 2023"
2023-03-05 19:29:25,2023-03-05 19:40:27,0,100,661,1,2023-03-05 19:40:28,R_1ltwHEeTNBDUVJK,anonymous,FR,1,1,NA,56,4,213,5,5,5,6,6,6,5,3,3,3,4,4,4,4,Les humains,NA,4,4,1,4,5,2,3,3,3,2,3,2,3,3,3,3,3,3,3,4,4,4,3,4,3,3,4,4,4,3,3,4,4,3,4,3,4,3,2,2,3,2,3,3,1,4,4,6,5,4,3,3,4,3,3,2,2,2,1,3,3,2,4,4,3,2,2,2,3,3,2,3,3,4,3,3,3,3,4,3,2,2,4,2400,99,99,3,2,4,4,4,3,3,4,3,4,4,3,3,4,4,4,4,3,3,4,2,4,2,4,4,7,NA,NA,NA,NA,NA,NA,NA,NA,NA,NA,NA,NA,NA,NA,NA,NA,NA,NA,NA,NA,NA,NA,NA,NA,NA,NA,NA,236850617488501,213,1,1347,3.3333333333333335,4,3.6666666666666665,3.3333333333333335,2.8,4,3.5833333333333335,3.6666666666666665,4,"Higher education (e.g., university degree or higher education diploma)",Man,56,(3),Urban,2400,7.783224016336037,"March 05, 2023"
2023-03-05 19:36:54,2023-03-05 19:49:35,0,100,761,1,2023-03-05 19:49:36,R_aafE880PlzauwAV,anonymous,FR,1,0,NA,54,3,213,4,4,4,4,5,5,5,2,2,2,2,1,1,1,NA,le faite qu'il ne cache rien de ses activités,3,4,1,4,4,5,2,3,3,2,4,3,3,3,3,3,3,4,4,3,3,4,3,4,3,4,3,3,3,3,3,4,3,3,3,3,4,3,3,2,4,3,3,3,1,5,6,6,1,3,1,1,3,3,1,3,1,1,1,2,3,4,2,2,2,4,2,3,3,3,2,3,3,3,3,3,3,3,3,3,3,3,3,24000,99,99,1,1,3,3,2,2,2,3,3,3,3,3,3,3,3,3,3,3,3,3,4,4,6,4,4,6,NA,NA,NA,NA,NA,NA,NA,NA,NA,NA,NA,NA,NA,NA,NA,NA,NA,NA,NA,NA,NA,NA,NA,NA,NA,NA,NA,237457967792380,213,1,1349,3.6666666666666665,3.3333333333333335,3,3,3,4,3.25,3.5,3,"Secondary education (e.g., high school)",Woman,54,Not religious at all (1),Rural,24000,10.085809109330082,"March 05, 2023"
2023-03-05 20:37:23,2023-03-05 20:48:01,0,100,637,1,2023-03-05 20:48:01,R_1KqMdL8o7VXG3P7,anonymous,FR,1,0,NA,34,4,213,4,3,4,4,2,3,2,2,2,4,4,2,3,1,NA,Sa déontologie et son parcours,3,6,3,5,5,4,2,4,4,4,4,4,4,5,4,4,4,4,4,3,3,3,4,3,3,4,4,4,4,3,3,5,4,4,4,4,1,2,3,1,1,2,2,1,1,10,2,10,1,3,4,4,2,4,4,4,4,4,2,2,2,2,3,3,2,4,3,3,3,3,4,5,5,5,5,5,5,5,5,5,5,5,5,35000,1,1,1,2,4,4,4,4,3,3,4,4,4,3,2,2,4,4,4,4,3,3,1,2,4,1,2,5,NA,NA,NA,NA,NA,NA,NA,NA,NA,NA,NA,NA,NA,NA,NA,NA,NA,NA,NA,NA,NA,NA,NA,NA,NA,NA,NA,237298315259104,213,1,1351,3.3333333333333335,3.3333333333333335,3.3333333333333335,3.6666666666666665,4.2,4,3.4166666666666665,3.3333333333333335,4,"Higher education (e.g., university degree or higher education diploma)",Woman,34,Not religious at all (1),Urban,35000,10.46310334047155,"March 05, 2023"
2023-03-05 20:39:46,2023-03-05 20:49:55,0,100,609,1,2023-03-05 20:49:56,R_Tn2iDFptxfTU9s5,anonymous,FR,1,1,NA,23,4,213,6,5,3,5,6,6,6,6,6,6,6,5,5,5,"La science bénéficie à l'ensemble de l'humanité, mais de manière inégale. Les avantages de la science sont souvent liés à la richesse et à l'accès aux ressources.  Dans les pays développés, les personnes ayant accès à une éducation et à des soins de santé de qualité bénéficient directement des avancées scientifiques. La science a permis de prolonger l'espérance de vie, de prévenir et de traiter de nombreuses maladies, d'améliorer la qualité de l'eau et de l'air, de développer des technologies de communication et d'information, etc.  Cependant, dans les pays en développement et les populations défavorisées, les avantages de la science sont souvent limités. Les ressources pour la recherche et le développement sont souvent insuffisantes, et les besoins de base tels que la nourriture, l'eau potable et les soins de santé primaires ne sont pas toujours satisfaits.  Il est donc important de promouvoir l'accès équitable à la science et à ses bénéfices pour tous, indépendamment de leur lieu de résidence, de leur statut socio-économique ou de leur origine ethnique. Cela nécessite des investissements dans la recherche et le développement, ainsi que des politiques visant à réduire les inégalités sociales et économiques",NA,5,4,2,4,4,4,4,4,4,4,4,3,3,2,3,3,4,1,3,5,4,3,3,4,4,4,4,4,4,3,3,4,4,4,4,3,4,3,4,3,3,3,4,4,1,10,3,10,1,3,5,4,3,5,1,3,5,3,3,1,1,4,3,1,2,5,3,3,3,3,2,5,5,5,5,5,5,5,5,5,5,5,5,1234,3,2,1,2,4,4,4,4,4,4,3,3,3,5,3,3,4,4,3,4,3,3,4,5,7,4,4,7,NA,NA,NA,NA,NA,NA,NA,NA,NA,NA,NA,NA,NA,NA,NA,NA,NA,NA,NA,NA,NA,NA,NA,NA,NA,NA,NA,237457968428070,213,1,1352,3.3333333333333335,4.333333333333333,4,3.3333333333333335,3,3,3.75,3.8333333333333335,4,"Higher education (e.g., university degree or higher education diploma)",Man,23,Not religious at all (1),Urban,1234,7.1180162044653335,"March 05, 2023"
2023-03-05 20:48:44,2023-03-05 21:11:29,0,100,1365,1,2023-03-05 21:11:30,R_1Lin3DqcCib3HI7,anonymous,FR,1,0,NA,36,4,213,3,3,3,3,3,3,3,3,3,3,4,2,2,1,..,NA,2,2,1,3,4,4,4,3,3,3,3,3,4,3,3,4,4,4,4,4,3,4,3,4,3,4,3,4,3,4,4,4,3,3,3,3,3,3,3,3,3,4,3,2,1,8,7,8,4,4,4,3,3,3,2,2,3,3,3,2,2,4,3,3,3,4,1,3,3,3,1,4,4,4,2,4,4,4,4,4,3,4,4,17000,99,99,1,2,3,3,3,3,3,3,3,3,3,3,3,3,4,4,4,4,4,4,1,4,8,7,6,1,NA,NA,NA,NA,NA,NA,NA,NA,NA,NA,NA,NA,NA,NA,NA,NA,NA,NA,NA,NA,NA,NA,NA,NA,NA,NA,NA,237361108064355,213,1,1356,4,4,3,3.3333333333333335,3.4,4,3.5833333333333335,4,4,"Higher education (e.g., university degree or higher education diploma)",Woman,36,Not religious at all (1),Urban,17000,9.740968623038354,"March 05, 2023"
2023-03-05 21:14:28,2023-03-05 21:26:21,0,100,713,1,2023-03-05 21:26:22,R_4J7OL85MA1AKURr,anonymous,FR,1,0,NA,28,3,213,4,4,4,2,2,4,5,3,3,1,5,4,4,2,"La médecine, par les évolutions scientifiques, les recherches, les avancés ont été énormes !",NA,4,4,1,5,5,2,3,5,4,2,3,1,4,4,3,5,5,5,4,4,4,4,3,5,3,4,4,5,4,4,3,4,4,5,5,5,4,3,2,5,3,3,2,2,1,3,5,8,1,4,5,4,2,4,3,4,4,5,1,1,1,5,2,2,3,5,2,3,3,3,2,4,4,3,5,4,5,4,5,5,5,5,5,40000,2,2,4,2,4,4,4,4,3,4,4,4,4,4,4,4,4,4,4,4,4,3,1,5,6,7,5,5,NA,NA,NA,NA,NA,NA,NA,NA,NA,NA,NA,NA,NA,NA,NA,NA,NA,NA,NA,NA,NA,NA,NA,NA,NA,NA,NA,237298314517577,213,1,1358,4,4.666666666666667,3.6666666666666665,3.3333333333333335,3.4,4,3.9166666666666665,4.333333333333333,3,"Secondary education (e.g., high school)",Woman,28,(4),Urban,40000,10.596634733096073,"March 05, 2023"
2023-03-05 21:37:00,2023-03-05 22:06:49,0,100,1788,1,2023-03-05 22:06:49,R_1jwhdQkn27tKd6I,anonymous,FR,1,0,NA,23,4,213,4,4,5,4,6,6,6,6,6,7,7,4,4,1,Je ne sais pas,NA,5,4,1,4,5,5,3,5,5,5,5,2,3,4,5,5,3,4,3,4,3,4,3,4,2,4,4,4,4,4,3,3,3,4,3,4,3,3,2,2,3,5,3,3,1,10,5,10,2,4,2,4,2,4,4,4,4,4,1,2,1,2,2,2,2,3,2,2,3,3,1,5,5,5,5,5,5,5,5,5,5,5,5,NA,99,3,3,1,4,4,4,4,4,4,4,4,4,4,4,4,4,4,4,4,3,3,1,1,4,4,3,8,NA,NA,NA,NA,NA,NA,NA,NA,NA,NA,NA,NA,NA,NA,NA,NA,NA,NA,NA,NA,NA,NA,NA,NA,NA,NA,NA,237298315255985,213,1,1360,4,4,3,3.3333333333333335,3.4,4,3.5833333333333335,4,4,"Higher education (e.g., university degree or higher education diploma)",Woman,23,(3),Rural,NA,NA,"March 05, 2023"
2023-03-05 21:56:27,2023-03-05 22:17:08,0,100,1240,1,2023-03-05 22:17:08,R_A7osOUVuop2EoXn,anonymous,FR,1,0,NA,25,4,213,1,5,4,5,2,1,6,6,5,7,6,6,5,1,"Si l'on défini ce bénéfice comme une valeur pécuniaire, ce serait certainement une aubaine pour certains comme Elon Musk ou les grands patrons de multinationales qui utilise leurs connaissances commerciales pour faire de la science un produit consommable (notamment la technologie). Elle est probablement bénéfique pour divers milieux comme la médecine, les médias, l'ingénierie (spatial, automobile...). L'écologie devrait en bénéficier au même titre que tout ceci, mais il est à craindre que l'humain recule dans ce domaine au lieu de progresser avec la ""science"" des récolte et des culture qui se perd peu à peu. La recherche peut aussi être bénéfique pour le domaine de l'éducation, les étudiants, doctorants, professeurs s’intéressent tous à des question de connaissances dans divers milieux scientifiques, leurs enrichissement personnel peut par conséquent être perçu comme un bénéfice.",NA,4,6,2,5,4,3,1,4,2,1,4,2,1,1,1,5,5,2,3,4,4,3,5,5,4,4,3,4,4,3,2,3,2,4,3,4,5,1,1,3,2,2,3,1,1,6,3,6,1,5,2,2,1,5,1,2,3,4,1,4,3,2,3,3,2,2,2,3,3,3,2,5,5,4,3,2,5,5,5,5,3,3,5,0,99,99,2,1,4,5,4,5,5,1,3,3,3,3,3,3,3,4,3,4,5,1,1,2,5,4,7,4,NA,NA,NA,NA,NA,NA,NA,NA,NA,NA,NA,NA,NA,NA,NA,NA,NA,NA,NA,NA,NA,NA,NA,NA,NA,NA,NA,237298315386060,213,1,1362,3.3333333333333335,4.333333333333333,4,3.3333333333333335,2,4,3.75,3.8333333333333335,4,"Higher education (e.g., university degree or higher education diploma)",Woman,25,(2),Rural,0,-Inf,"March 05, 2023"
2023-03-05 22:23:32,2023-03-05 22:35:33,0,100,721,1,2023-03-05 22:35:34,R_21ifr3wYpiDoRhC,anonymous,FR,1,1,NA,24,3,213,1,1,1,1,1,1,1,1,1,1,3,1,1,1,NA,La logique des données,3,6,1,5,5,5,4,5,5,5,4,2,2,5,1,4,5,4,3,4,3,3,4,5,3,2,3,4,3,3,3,4,2,1,1,1,4,3,4,1,2,4,3,4,1,10,10,10,4,3,4,1,1,4,3,3,3,5,2,2,4,4,3,4,3,2,1,3,3,3,1,4,5,3,5,3,5,5,5,2,4,2,5,26000,99,99,1,1,1,1,1,1,1,1,2,4,4,4,4,2,4,5,4,2,3,3,3,4,7,7,5,5,NA,NA,NA,NA,NA,NA,NA,NA,NA,NA,NA,NA,NA,NA,NA,NA,NA,NA,NA,NA,NA,NA,NA,NA,NA,NA,NA,237457967870103,213,1,1363,2.6666666666666665,4.333333333333333,3,3.3333333333333335,3,4,3.3333333333333335,3.5,3,"Secondary education (e.g., high school)",Man,24,Not religious at all (1),Rural,26000,10.165851817003619,"March 05, 2023"
2023-03-05 22:20:15,2023-03-05 23:02:14,0,100,2519,1,2023-03-05 23:02:15,R_2CUgYdE548VBLC0,anonymous,FR,1,1,NA,45,4,213,4,4,4,2,3,3,2,3,3,4,4,4,1,1,NA,SON EVALUATION PAR DES PAIRS,5,6,1,4,4,3,2,4,4,2,3,3,4,4,4,4,5,4,4,4,4,4,4,4,4,4,4,4,4,4,3,4,4,4,4,4,4,4,1,2,3,3,2,2,1,8,4,8,3,4,2,3,2,4,2,2,3,4,2,2,2,4,2,2,3,3,3,3,3,3,2,4,4,3,4,3,4,4,4,4,4,4,4,85000,2,2,2,2,4,4,4,4,4,4,4,4,4,4,4,4,4,4,5,4,3,3,1,1,3,3,4,7,NA,NA,NA,NA,NA,NA,NA,NA,NA,NA,NA,NA,NA,NA,NA,NA,NA,NA,NA,NA,NA,NA,NA,NA,NA,NA,NA,237361107894514,213,1,1366,4,4,4,3.6666666666666665,4,4,3.9166666666666665,4,4,"Higher education (e.g., university degree or higher education diploma)",Man,45,(2),Urban,85000,11.350406535472453,"March 05, 2023"
2023-03-05 22:46:47,2023-03-05 23:06:21,0,100,1174,1,2023-03-05 23:06:22,R_3CUkpkPGclEfwa8,anonymous,FR,1,0,NA,35,4,213,2,3,3,3,3,3,3,3,3,3,3,3,2,1,NA,Les expériences réalisées au cours de ses recherches,4,4,1,4,5,5,3,4,4,1,5,4,4,4,4,4,3,4,1,4,3,4,3,5,4,4,4,5,4,4,3,5,4,4,4,4,3,2,2,3,1,1,1,4,1,6,6,8,5,4,5,4,1,5,5,5,5,5,1,2,1,4,2,2,1,4,2,3,3,3,1,4,5,4,4,4,4,5,5,5,5,5,5,3200,3,4,3,2,4,3,4,4,2,3,3,4,4,4,2,3,3,4,4,4,2,3,1,4,5,5,5,3,NA,NA,NA,NA,NA,NA,NA,NA,NA,NA,NA,NA,NA,NA,NA,NA,NA,NA,NA,NA,NA,NA,NA,NA,NA,NA,NA,237361104013426,213,1,1368,4,4.666666666666667,3.6666666666666665,3.3333333333333335,3.8,3,3.9166666666666665,4.333333333333333,4,"Higher education (e.g., university degree or higher education diploma)",Woman,35,(3),Urban,3200,8.070906088787819,"March 05, 2023"
2023-03-06 01:53:24,2023-03-06 02:17:09,0,100,1424,1,2023-03-06 02:17:09,R_24eq0CnbsK3vrQ6,anonymous,FR,1,1,NA,36,4,213,6,4,5,3,3,1,4,2,1,4,4,2,3,1,"L'humain, la recherche est centrée sur l'Homme. Même les questions sur le climats son ramenées à l'Homme car un changement rapide serait deletaire pour lui !",NA,4,4,1,5,5,3,2,4,4,3,4,5,3,4,5,5,2,5,4,4,4,3,3,5,3,4,2,4,4,3,1,4,4,5,5,5,4,1,2,3,3,4,2,3,1,4,7,5,2,4,5,1,2,4,2,2,1,5,3,2,1,4,2,2,2,5,2,3,3,3,1,4,5,5,5,3,4,5,5,5,5,5,5,48000,4,4,1,1,4,4,5,3,2,2,4,4,2,2,3,2,3,4,5,3,4,3,1,2,2,5,1,6,NA,NA,NA,NA,NA,NA,NA,NA,NA,NA,NA,NA,NA,NA,NA,NA,NA,NA,NA,NA,NA,NA,NA,NA,NA,NA,NA,237457968336941,213,1,1369,3.3333333333333335,4.333333333333333,3.6666666666666665,2,3.8,4,3.3333333333333335,3.8333333333333335,4,"Higher education (e.g., university degree or higher education diploma)",Man,36,Not religious at all (1),Rural,48000,10.778956289890028,"March 06, 2023"
2023-03-06 04:45:14,2023-03-06 05:13:12,0,100,1678,1,2023-03-06 05:13:13,R_1CscZydCsYbIHbu,anonymous,FR,1,0,NA,62,4,213,3,2,2,2,2,2,1,1,2,2,4,1,2,1,A grande échelle tout le monde bénéficie de la science dans sa vie,NA,5,6,6,4,4,3,2,5,4,3,5,4,3,4,3,5,2,5,4,4,4,4,3,4,3,4,4,4,4,4,3,5,5,4,3,4,2,2,3,2,3,3,3,3,1,1,3,2,1,3,2,3,3,3,4,3,3,3,4,2,2,2,2,3,2,4,1,3,2,3,1,4,4,4,4,4,5,5,5,5,4,4,4,33000,3,4,3,2,4,5,5,4,4,4,4,4,4,3,3,4,4,5,5,4,4,3,2,2,7,5,4,6,NA,NA,NA,NA,NA,NA,NA,NA,NA,NA,NA,NA,NA,NA,NA,NA,NA,NA,NA,NA,NA,NA,NA,NA,NA,NA,NA,237457968347365,213,1,1371,4,4,3.6666666666666665,3.3333333333333335,3.2,5,3.75,4,4,"Higher education (e.g., university degree or higher education diploma)",Woman,62,(3),Urban,33000,10.404262840448617,"March 06, 2023"
2023-03-06 06:24:21,2023-03-06 06:38:50,0,100,869,1,2023-03-06 06:38:51,R_rpBe62KKTytsrvz,anonymous,FR,1,1,NA,20,3,213,3,4,3,5,4,4,5,1,3,4,4,1,1,1,"Tout le monde, on l'utilise tous d'une certaine manière au quotidien.",NA,5,2,1,4,5,4,3,5,5,4,4,5,1,5,3,5,4,4,4,4,4,4,3,4,4,4,4,4,4,4,3,4,4,5,1,3,4,3,2,1,2,2,2,2,1,10,10,10,1,5,3,4,4,3,4,1,4,3,1,4,3,1,4,5,5,1,2,3,3,3,2,3,5,4,5,3,5,4,5,5,5,4,5,2990,3,3,2,1,4,5,5,5,4,3,5,4,5,5,4,3,4,5,5,5,4,3,1,1,1,2,6,5,NA,NA,NA,NA,NA,NA,NA,NA,NA,NA,NA,NA,NA,NA,NA,NA,NA,NA,NA,NA,NA,NA,NA,NA,NA,NA,NA,237298314817601,213,1,1373,4,4,4,3.3333333333333335,3.6,4,3.8333333333333335,4,3,"Secondary education (e.g., high school)",Man,20,(2),Rural,2990,8.003028666384733,"March 06, 2023"
2023-03-06 08:57:51,2023-03-06 09:12:27,0,100,876,1,2023-03-06 09:12:28,R_2OIxr1Cq06nYfdX,anonymous,FR,1,0,NA,43,3,213,3,2,3,3,4,2,3,2,1,2,3,2,1,1,NA,Avec de l expérience bien sur,3,6,1,1,1,2,3,3,3,3,3,4,4,4,4,4,4,4,4,3,3,3,3,3,3,4,3,4,3,3,3,4,3,3,3,3,3,2,3,3,3,4,3,3,1,7,5,7,2,3,3,4,3,4,1,2,4,3,1,3,2,4,2,2,2,3,1,3,3,3,1,3,4,3,3,3,4,3,5,3,3,3,4,2999,99,99,5,2,3,3,3,4,4,3,3,3,3,3,3,3,3,4,3,4,3,3,1,5,5,4,5,5,NA,NA,NA,NA,NA,NA,NA,NA,NA,NA,NA,NA,NA,NA,NA,NA,NA,NA,NA,NA,NA,NA,NA,NA,NA,NA,NA,237298314497185,213,1,1376,3.3333333333333335,3.3333333333333335,3,3,4,4,3.1666666666666665,3.3333333333333335,3,"Secondary education (e.g., high school)",Woman,43,Very strongly religious (5),Urban,2999,8.00603417874901,"March 06, 2023"
2023-03-06 08:54:57,2023-03-06 09:13:07,0,100,1090,1,2023-03-06 09:13:08,R_1ig0QPpjEDUnIj5,anonymous,FR,1,0,NA,60,3,213,3,2,5,1,2,1,1,1,4,2,3,5,1,1,Je ne sais pas,NA,2,4,1,3,2,3,2,2,3,2,3,3,4,2,3,4,2,3,2,3,3,3,4,3,3,3,2,4,4,3,2,3,2,3,3,3,2,2,4,2,2,3,2,4,1,8,5,5,3,2,4,3,2,2,3,3,1,2,1,2,2,3,3,1,3,3,2,3,2,3,3,4,4,4,4,5,4,3,3,3,3,4,4,35000,99,3,2,2,3,3,4,3,4,3,3,3,4,2,3,3,5,5,3,2,4,3,1,4,1,1,2,3,NA,NA,NA,NA,NA,NA,NA,NA,NA,NA,NA,NA,NA,NA,NA,NA,NA,NA,NA,NA,NA,NA,NA,NA,NA,NA,NA,237718971827382,213,1,1378,3,3.3333333333333335,3.3333333333333335,2.6666666666666665,2.8,3,3.0833333333333335,3.1666666666666665,3,"Secondary education (e.g., high school)",Woman,60,(2),Urban,35000,10.46310334047155,"March 06, 2023"
2023-03-06 09:03:55,2023-03-06 09:13:53,0,100,597,1,2023-03-06 09:13:54,R_21sNS8EskLu5y6S,anonymous,FR,1,1,NA,27,4,213,4,4,5,5,4,4,6,4,4,4,4,4,4,2,Les grandes entreprises qui grâce à leur gros investissement peuvent développer de nouveaux produits,NA,3,6,1,5,5,5,3,4,4,3,4,4,3,4,3,5,3,4,3,4,4,4,4,5,4,4,4,5,4,4,4,4,4,4,3,3,4,4,3,3,3,3,3,3,1,8,3,8,1,4,3,3,3,3,3,3,2,3,1,4,3,3,3,3,3,3,3,3,3,3,2,5,5,5,5,5,5,5,5,5,5,5,5,15000,99,99,3,2,4,4,4,4,4,4,4,4,3,2,3,3,4,4,4,3,3,3,2,3,5,4,4,6,NA,NA,NA,NA,NA,NA,NA,NA,NA,NA,NA,NA,NA,NA,NA,NA,NA,NA,NA,NA,NA,NA,NA,NA,NA,NA,NA,237718975282418,213,1,1379,4,4.666666666666667,4,4,3.4,4,4.166666666666667,4.333333333333333,4,"Higher education (e.g., university degree or higher education diploma)",Man,27,(3),Urban,15000,9.615805480084347,"March 06, 2023"
2023-03-06 09:01:13,2023-03-06 09:14:34,0,100,801,1,2023-03-06 09:14:35,R_1IAehhFLM4dCAir,anonymous,FR,1,1,NA,63,4,213,1,3,3,1,4,1,3,1,1,4,3,1,1,1,l'humanité pour  son évolution,NA,4,6,1,5,5,2,3,4,4,1,3,3,3,3,5,4,3,5,3,4,4,4,4,5,4,4,4,4,4,4,3,4,4,5,2,4,4,2,2,3,1,1,2,3,1,8,2,1,1,3,4,2,3,2,2,1,1,3,3,3,3,5,3,3,1,4,1,3,3,3,1,4,2,4,2,2,3,4,3,4,2,2,4,90000,3,4,3,1,4,4,4,2,3,1,4,4,4,3,2,2,3,4,3,2,2,2,1,1,1,1,1,6,NA,NA,NA,NA,NA,NA,NA,NA,NA,NA,NA,NA,NA,NA,NA,NA,NA,NA,NA,NA,NA,NA,NA,NA,NA,NA,NA,237718975274084,213,1,1381,4,4.333333333333333,4,3.6666666666666665,3.4,4,4,4.166666666666667,4,"Higher education (e.g., university degree or higher education diploma)",Man,63,(3),Rural,90000,11.407564949312402,"March 06, 2023"
2023-03-06 09:04:50,2023-03-06 09:17:29,0,100,758,1,2023-03-06 09:17:29,R_22E1le1brVXcdJS,anonymous,FR,1,1,NA,43,4,213,5,5,5,1,3,3,4,2,1,3,4,3,3,3,NA,"ses publications, vérifiées par ses pairs et validées sur la méthode utilisée",5,4,1,5,5,3,1,5,5,2,1,4,4,4,3,4,4,5,4,4,5,4,4,5,4,4,4,5,5,5,4,5,4,5,5,5,3,3,2,1,1,2,1,1,1,6,1,8,1,4,4,5,1,4,3,3,5,5,1,1,1,5,1,1,1,5,2,4,4,4,4,5,5,5,5,5,5,5,5,5,5,5,5,96000,1,1,1,2,5,5,5,5,3,5,4,4,4,4,2,3,5,5,5,5,2,4,1,1,1,5,3,7,NA,NA,NA,NA,NA,NA,NA,NA,NA,NA,NA,NA,NA,NA,NA,NA,NA,NA,NA,NA,NA,NA,NA,NA,NA,NA,NA,237718975269910,213,1,1382,4.333333333333333,4.666666666666667,4.666666666666667,4,3.8,4,4.416666666666667,4.5,4,"Higher education (e.g., university degree or higher education diploma)",Man,43,Not religious at all (1),Urban,96000,11.472103470449973,"March 06, 2023"
2023-03-06 09:07:25,2023-03-06 09:18:34,0,100,668,1,2023-03-06 09:18:34,R_10CuwKpFRWF2lET,anonymous,FR,1,0,NA,62,3,213,1,6,5,5,4,1,5,4,1,5,5,5,1,1,NA,Les commentaires et les explications,5,5,1,5,5,2,4,4,4,2,3,5,5,5,5,5,3,3,3,4,4,4,3,4,4,4,4,4,4,4,3,5,4,4,4,4,4,2,4,4,4,4,2,4,1,7,8,7,8,4,3,2,3,3,2,1,1,3,1,4,4,1,4,4,4,4,3,3,3,2,2,5,5,5,5,5,5,5,5,5,5,5,5,17772,99,99,2,2,4,4,3,3,3,3,4,4,4,4,4,4,4,4,4,4,4,4,7,7,8,3,4,8,NA,NA,NA,NA,NA,NA,NA,NA,NA,NA,NA,NA,NA,NA,NA,NA,NA,NA,NA,NA,NA,NA,NA,NA,NA,NA,NA,237718975284240,213,1,1384,4,4,4,3.3333333333333335,4.6,3,3.8333333333333335,4,3,"Secondary education (e.g., high school)",Woman,62,(2),Urban,17772,9.785379464055799,"March 06, 2023"
2023-03-06 09:07:26,2023-03-06 09:21:56,0,100,869,1,2023-03-06 09:21:57,R_1rugSuHWko4wxkY,anonymous,FR,1,1,NA,51,4,213,5,1,7,7,5,3,7,1,3,5,5,4,1,1,"Selon moi, les entreprises sont les premières à bénéficier des évolutions scientifiques, puis, par répercussion, les citoyens (consommateurs, usagers) au travers des évolutions technologiques et pharmaceutiques (par exemple !).",NA,5,6,1,5,5,4,3,5,5,4,5,5,5,5,5,5,1,5,5,4,3,4,3,5,4,5,3,5,4,4,3,5,4,4,4,3,4,1,1,3,1,1,1,1,1,10,3,10,6,5,3,3,3,3,3,3,3,3,3,1,1,5,3,3,1,5,2,3,2,3,2,5,5,5,5,5,5,5,5,5,5,5,5,30000,2,2,1,2,5,5,5,3,3,5,3,4,4,3,3,4,4,4,4,3,3,4,1,1,2,6,6,3,NA,NA,NA,NA,NA,NA,NA,NA,NA,NA,NA,NA,NA,NA,NA,NA,NA,NA,NA,NA,NA,NA,NA,NA,NA,NA,NA,237718975488173,213,1,1388,4.333333333333333,4.666666666666667,3.6666666666666665,3,4.2,5,3.9166666666666665,4.5,4,"Higher education (e.g., university degree or higher education diploma)",Man,51,Not religious at all (1),Urban,30000,10.308952660644293,"March 06, 2023"
2023-03-06 09:09:19,2023-03-06 09:22:20,0,100,780,1,2023-03-06 09:22:21,R_eajlzZK7tPmHRy9,anonymous,FR,1,1,NA,45,4,213,6,6,5,4,3,3,7,6,6,6,5,5,5,6,NA,"Sa formation, le contrôle exercé sur ses idées ou ses publications par ses pairs, la critique possible de celles-ci, la méthodologie à laquelle il doit s'astreindre, les techniques d'échantillonnage",5,2,1,5,5,3,3,5,5,4,4,5,5,5,5,5,1,5,3,4,4,4,4,4,4,4,4,4,4,4,3,3,4,5,5,5,3,3,2,2,3,3,2,2,1,9,6,5,7,4,3,4,2,4,3,3,4,4,2,3,3,2,3,3,3,2,3,3,3,3,2,4,4,4,4,4,4,4,4,4,4,4,4,100000,3,3,4,2,4,4,4,4,4,4,4,4,4,4,4,4,4,4,4,4,4,4,1,2,5,4,4,8,NA,NA,NA,NA,NA,NA,NA,NA,NA,NA,NA,NA,NA,NA,NA,NA,NA,NA,NA,NA,NA,NA,NA,NA,NA,NA,NA,237718975531076,213,1,1389,4,4,4,3.6666666666666665,4.2,5,3.9166666666666665,4,4,"Higher education (e.g., university degree or higher education diploma)",Man,45,(4),Urban,100000,11.512925464970229,"March 06, 2023"
2023-03-06 09:06:15,2023-03-06 09:22:25,0,100,969,1,2023-03-06 09:22:25,R_4GZgQmtnBEEXeAF,anonymous,FR,1,0,NA,57,4,213,5,7,6,6,7,6,6,2,4,6,7,7,2,2,NA,Ne pas nous raconter des mensonges,3,4,1,5,5,5,3,3,4,4,3,4,3,4,4,4,3,2,2,3,3,2,3,3,3,2,2,4,3,3,2,5,2,1,1,1,3,2,3,3,3,3,3,3,1,4,3,3,2,2,5,1,2,4,1,1,1,4,2,1,3,4,3,1,2,3,2,2,2,2,2,5,5,5,3,4,5,5,5,5,3,5,5,18000,3,4,1,2,3,3,3,3,4,3,3,3,3,3,3,3,3,3,3,3,3,3,4,1,8,1,3,3,NA,NA,NA,NA,NA,NA,NA,NA,NA,NA,NA,NA,NA,NA,NA,NA,NA,NA,NA,NA,NA,NA,NA,NA,NA,NA,NA,237718972755968,213,1,1390,2.3333333333333335,3.3333333333333335,3,2.3333333333333335,3.6,2,2.75,2.8333333333333335,4,"Higher education (e.g., university degree or higher education diploma)",Woman,57,Not religious at all (1),Urban,18000,9.798127036878302,"March 06, 2023"
2023-03-06 09:06:48,2023-03-06 09:22:50,0,100,962,1,2023-03-06 09:22:51,R_1LkGet8AXQHxFUM,anonymous,FR,1,1,NA,65,4,213,6,5,5,4,1,1,1,4,1,4,4,4,2,1,NA,Que cette ou ceux scientifique travaille dans des Instituts de Recherches reconnus mondialement et que leurs publications soient dans les grands organes scientifiques,5,4,1,5,5,5,1,4,3,3,1,3,5,5,4,5,5,5,5,4,4,5,4,4,4,4,4,5,4,4,4,5,4,5,5,5,3,3,3,3,3,4,4,3,1,10,10,10,1,4,3,4,2,5,3,1,3,5,1,1,1,5,1,1,1,5,3,3,3,3,3,5,5,5,5,5,5,5,5,5,5,5,5,17000,3,2,2,1,4,4,4,4,4,4,4,4,4,4,4,4,5,5,3,4,5,4,1,1,1,3,3,2,NA,NA,NA,NA,NA,NA,NA,NA,NA,NA,NA,NA,NA,NA,NA,NA,NA,NA,NA,NA,NA,NA,NA,NA,NA,NA,NA,237718975275120,213,1,1391,4.333333333333333,4.333333333333333,4,4,4.4,5,4.166666666666667,4.333333333333333,4,"Higher education (e.g., university degree or higher education diploma)",Man,65,(2),Rural,17000,9.740968623038354,"March 06, 2023"
2023-03-06 09:13:14,2023-03-06 09:23:33,0,100,618,1,2023-03-06 09:23:33,R_9WxtTDk11soY56p,anonymous,FR,1,0,NA,38,4,213,2,3,3,4,5,5,4,4,4,4,4,4,4,3,les industries pharmaceutiques,NA,3,2,1,5,5,4,3,4,4,4,5,4,3,4,4,4,4,5,4,3,4,4,3,4,3,4,3,4,3,4,4,3,4,3,3,4,3,2,4,4,4,4,3,4,1,3,4,3,7,4,4,4,2,4,4,4,4,4,2,3,2,2,3,3,2,4,2,3,3,3,2,4,4,4,4,4,4,4,4,4,4,4,4,80000,5,5,3,2,4,4,4,4,3,4,4,4,4,4,4,4,4,4,3,4,4,4,3,4,8,4,5,6,NA,NA,NA,NA,NA,NA,NA,NA,NA,NA,NA,NA,NA,NA,NA,NA,NA,NA,NA,NA,NA,NA,NA,NA,NA,NA,NA,237718973109252,213,1,1393,4,3.6666666666666665,3.3333333333333335,3.3333333333333335,3.8,4,3.5833333333333335,3.8333333333333335,4,"Higher education (e.g., university degree or higher education diploma)",Woman,38,(3),Urban,80000,11.289781913656018,"March 06, 2023"
2023-03-06 09:07:36,2023-03-06 09:25:29,0,100,1073,1,2023-03-06 09:25:30,R_dpAh76UKdHrWHxn,anonymous,FR,1,1,NA,49,4,213,6,6,4,1,2,3,1,1,1,3,4,1,4,1,La population résultat de recherche,NA,5,6,1,4,4,2,3,5,5,1,4,5,2,1,4,4,5,5,2,3,4,4,2,4,4,3,1,4,4,4,2,4,4,4,2,5,4,4,1,1,1,2,2,1,1,9,1,9,1,2,4,2,2,3,3,1,1,3,1,2,1,4,2,2,1,4,2,3,3,3,1,5,5,4,3,4,3,4,4,3,5,3,3,160000,3,4,4,2,4,4,4,4,3,3,4,4,5,4,4,4,4,4,2,3,3,5,1,1,2,1,6,7,NA,NA,NA,NA,NA,NA,NA,NA,NA,NA,NA,NA,NA,NA,NA,NA,NA,NA,NA,NA,NA,NA,NA,NA,NA,NA,NA,237718971685939,213,1,1397,3.6666666666666665,3.6666666666666665,4,1.6666666666666667,3.4,4,3.25,3.6666666666666665,4,"Higher education (e.g., university degree or higher education diploma)",Man,49,(4),Urban,160000,11.982929094215963,"March 06, 2023"
2023-03-06 08:59:28,2023-03-06 09:26:34,0,100,1626,1,2023-03-06 09:26:35,R_1QuUnDIhmspdIoA,anonymous,FR,1,1,NA,39,4,213,3,4,4,5,4,3,5,3,3,3,4,3,4,1,NA,"Un scientifique qui communique , connait son sujet , prend les précautions nécessaire et sait quand c'est au dessus de ses capacités",3,6,1,5,5,3,1,3,3,2,3,4,2,3,4,5,2,5,4,4,3,2,2,3,3,3,2,3,3,2,1,3,3,4,4,4,4,2,3,2,4,4,3,3,1,9,3,8,1,3,3,3,1,4,3,3,4,4,1,2,1,4,1,1,1,4,2,3,3,3,1,5,5,5,5,3,5,5,5,5,5,3,5,35000,3,3,1,2,4,5,3,3,3,3,3,5,3,2,4,2,4,4,3,3,4,4,1,3,5,1,5,4,NA,NA,NA,NA,NA,NA,NA,NA,NA,NA,NA,NA,NA,NA,NA,NA,NA,NA,NA,NA,NA,NA,NA,NA,NA,NA,NA,237718975270950,213,1,1400,2.3333333333333335,3.3333333333333335,3,1.6666666666666667,3,4,2.5833333333333335,2.8333333333333335,4,"Higher education (e.g., university degree or higher education diploma)",Man,39,Not religious at all (1),Urban,35000,10.46310334047155,"March 06, 2023"
2023-03-06 09:21:40,2023-03-06 09:28:03,0,100,383,1,2023-03-06 09:28:04,R_u7AbnJvtZoF3Hrj,anonymous,FR,1,1,NA,24,4,213,1,4,4,1,1,1,1,1,1,4,1,1,4,4,NA,connaissance,4,4,1,5,4,3,2,5,4,3,2,2,2,3,3,3,2,4,4,4,3,4,4,4,4,4,4,4,4,4,4,5,5,4,4,3,3,4,4,4,3,3,3,4,1,7,8,7,8,5,2,4,1,4,2,2,4,2,1,4,3,4,3,4,3,4,3,2,3,3,3,4,3,4,3,4,3,4,3,4,4,3,4,25000,2,2,3,2,4,3,4,4,3,4,4,3,4,3,3,4,4,4,4,4,3,3,5,5,3,5,5,7,NA,NA,NA,NA,NA,NA,NA,NA,NA,NA,NA,NA,NA,NA,NA,NA,NA,NA,NA,NA,NA,NA,NA,NA,NA,NA,NA,237718975277196,213,1,1401,4,4,3.6666666666666665,4,2.4,4,3.9166666666666665,4,4,"Higher education (e.g., university degree or higher education diploma)",Man,24,(3),Urban,25000,10.126631103850338,"March 06, 2023"
2023-03-06 09:10:22,2023-03-06 09:29:59,0,100,1177,1,2023-03-06 09:29:59,R_1r0OtHEuzvFgq18,anonymous,FR,1,1,NA,38,3,213,1,5,1,1,1,1,6,1,1,1,5,1,1,1,organismes corrompus,NA,2,2,4,5,2,2,2,1,4,1,4,3,3,3,3,3,3,3,3,2,1,1,3,3,1,1,1,3,1,1,1,1,1,3,3,3,3,3,3,3,3,3,3,3,1,6,6,6,6,1,3,3,3,3,1,3,3,3,5,3,5,3,1,1,1,5,4,4,4,4,4,3,3,3,3,3,3,3,3,3,3,3,3,34500,99,99,5,2,3,3,3,1,1,3,3,3,3,1,3,3,3,3,3,1,2,3,7,7,9,5,5,2,NA,NA,NA,NA,NA,NA,NA,NA,NA,NA,NA,NA,NA,NA,NA,NA,NA,NA,NA,NA,NA,NA,NA,NA,NA,NA,NA,237718975320289,213,1,1403,1,2.6666666666666665,1,1.6666666666666667,3,3,1.5833333333333333,1.8333333333333333,3,"Secondary education (e.g., high school)",Man,38,Very strongly religious (5),Urban,34500,10.448714603019452,"March 06, 2023"
2023-03-06 09:19:06,2023-03-06 09:31:00,0,100,714,1,2023-03-06 09:31:01,R_xFw7EGruGPOsow1,anonymous,FR,1,1,NA,65,4,213,4,5,5,3,2,2,4,3,2,4,5,1,1,1,les classes sociales aisées,NA,4,6,1,4,5,4,2,4,4,2,4,4,4,5,5,5,4,4,3,4,4,4,4,4,3,4,3,4,4,3,3,3,3,5,4,4,3,2,4,3,4,3,4,2,1,9,5,5,1,3,2,4,2,4,3,3,2,4,2,2,4,4,3,2,2,3,2,3,3,3,3,5,5,5,5,5,5,5,5,5,5,5,5,4000,3,3,3,1,3,3,3,2,2,3,3,4,4,2,2,3,3,3,4,2,2,3,2,4,6,4,4,5,NA,NA,NA,NA,NA,NA,NA,NA,NA,NA,NA,NA,NA,NA,NA,NA,NA,NA,NA,NA,NA,NA,NA,NA,NA,NA,NA,237718972155085,213,1,1404,3.6666666666666665,4,3.6666666666666665,3.3333333333333335,4.4,4,3.6666666666666665,3.8333333333333335,4,"Higher education (e.g., university degree or higher education diploma)",Man,65,(3),Rural,4000,8.294049640102028,"March 06, 2023"
2023-03-06 09:21:09,2023-03-06 09:32:06,0,100,656,1,2023-03-06 09:32:06,R_1ND2L0fg5o69TQB,anonymous,FR,1,0,NA,56,4,213,5,5,6,5,7,7,6,4,3,3,5,4,5,4,NA,"Son impatialité vis à vis des industries pharmaceutiques, agrolalimentaires ou pétrolières entre autre.",2,6,5,5,4,4,1,2,2,1,4,3,5,5,2,5,5,3,2,4,4,3,3,3,4,4,3,4,4,4,4,3,3,4,4,4,4,4,3,3,4,5,3,3,1,9,8,9,1,3,4,5,1,5,2,3,4,5,1,1,1,4,2,1,5,4,2,3,3,3,2,5,5,5,5,5,5,5,5,5,5,5,5,27500,2,1,4,1,3,4,5,3,4,3,3,3,3,3,3,3,3,4,4,3,2,2,1,3,5,7,6,3,NA,NA,NA,NA,NA,NA,NA,NA,NA,NA,NA,NA,NA,NA,NA,NA,NA,NA,NA,NA,NA,NA,NA,NA,NA,NA,NA,237718975287330,213,1,1408,3.6666666666666665,3.6666666666666665,4,3.3333333333333335,4,3,3.6666666666666665,3.6666666666666665,4,"Higher education (e.g., university degree or higher education diploma)",Woman,56,(4),Rural,27500,10.221941283654663,"March 06, 2023"
2023-03-06 09:22:09,2023-03-06 09:34:17,0,100,727,1,2023-03-06 09:34:17,R_2XjJqS6Zuqn6xxJ,anonymous,FR,1,0,NA,34,3,213,1,1,1,1,1,1,1,1,1,1,2,1,1,1,Les riches,NA,1,4,1,5,5,5,3,5,4,1,1,5,3,5,5,5,4,5,4,3,4,3,2,4,3,3,3,3,4,2,2,3,3,1,1,1,5,2,5,4,5,3,2,2,1,10,7,10,1,4,5,4,1,3,2,1,2,4,1,1,1,5,2,1,1,5,3,3,3,3,1,4,5,4,5,2,5,4,5,3,5,1,5,1500,99,99,1,1,3,3,3,4,1,3,3,3,3,4,3,3,3,3,3,4,3,3,1,7,9,1,4,3,NA,NA,NA,NA,NA,NA,NA,NA,NA,NA,NA,NA,NA,NA,NA,NA,NA,NA,NA,NA,NA,NA,NA,NA,NA,NA,NA,237718972279876,213,1,1410,2.6666666666666665,3.3333333333333335,3.6666666666666665,2.3333333333333335,4.4,3,3,3,3,"Secondary education (e.g., high school)",Woman,34,Not religious at all (1),Rural,1500,7.313220387090301,"March 06, 2023"
2023-03-06 08:56:30,2023-03-06 09:34:17,0,100,2266,1,2023-03-06 09:34:18,R_1rB5bzbZAEd06ZK,anonymous,FR,1,0,NA,63,3,213,3,3,3,3,3,3,3,3,3,3,3,3,3,1,"La médecine avec de nouveaux médicaments plus ciblés sur des maladies rares (myopathie, sida..) La radiologie (irm ,scanner ..) La chirurgie avec des matériaux plus précis et des instruments plus fiables",NA,5,4,5,5,3,5,3,3,3,3,4,5,4,5,3,5,3,3,3,3,4,4,4,4,4,4,4,4,4,4,3,4,4,3,3,3,2,2,2,2,2,4,2,2,1,8,5,5,3,4,3,1,3,1,1,1,1,3,1,3,3,3,3,3,3,3,1,3,3,3,1,3,3,3,3,3,3,3,3,3,3,3,3,10000,99,99,3,2,4,4,4,3,3,3,3,4,4,3,3,3,3,4,4,3,3,3,1,1,4,1,4,6,NA,NA,NA,NA,NA,NA,NA,NA,NA,NA,NA,NA,NA,NA,NA,NA,NA,NA,NA,NA,NA,NA,NA,NA,NA,NA,NA,237298315370695,213,1,1411,4,3.6666666666666665,4,3.6666666666666665,4,4,3.8333333333333335,3.8333333333333335,3,"Secondary education (e.g., high school)",Woman,63,(3),Urban,10000,9.210340371976184,"March 06, 2023"
2023-03-06 09:19:27,2023-03-06 09:34:39,0,100,912,1,2023-03-06 09:34:40,R_2xQrLzRCGhDkM29,anonymous,FR,1,1,NA,46,4,213,2,2,1,1,1,1,2,1,1,1,2,1,1,1,La science peut profiter au plus grand nombre avec des avancées dans des domaines tels que la médecine. Elle peut aussi permettre de répondre à des problématiques majeures comme le changement climatique. Malheureusement elle peut aussi profiter à des groupes pour des fins financières.,NA,3,6,1,4,5,4,1,2,1,1,4,3,3,3,3,4,4,4,4,4,3,4,3,4,4,4,3,5,5,4,3,4,4,4,3,4,3,2,2,3,3,4,3,3,1,7,7,7,7,1,5,4,1,4,4,4,4,5,1,1,1,5,1,1,1,4,3,3,3,3,2,5,5,5,3,5,5,5,5,5,5,5,5,35000,3,4,1,2,4,4,4,4,3,3,4,4,4,3,3,3,4,4,4,4,3,3,1,2,2,5,5,5,NA,NA,NA,NA,NA,NA,NA,NA,NA,NA,NA,NA,NA,NA,NA,NA,NA,NA,NA,NA,NA,NA,NA,NA,NA,NA,NA,237718971361290,213,1,1413,4,4.333333333333333,4,3,3.2,4,3.8333333333333335,4.166666666666667,4,"Higher education (e.g., university degree or higher education diploma)",Man,46,Not religious at all (1),Urban,35000,10.46310334047155,"March 06, 2023"
2023-03-06 09:23:36,2023-03-06 09:39:43,0,100,967,1,2023-03-06 09:39:44,R_2dtEMXWVnL6bVtz,anonymous,FR,1,1,NA,63,4,213,4,4,4,1,1,1,1,1,1,1,5,1,1,1,NA,Son parcours professionnel et ses références acquises,5,6,1,4,5,5,5,3,4,2,2,5,5,5,5,4,5,5,5,4,4,3,3,4,3,4,4,4,4,4,3,4,4,2,2,2,4,4,3,2,2,3,2,2,1,7,5,9,2,5,5,3,2,2,3,2,3,4,1,3,2,3,2,2,3,4,3,3,3,4,4,4,4,4,4,4,4,4,4,4,4,4,4,40000,3,3,1,2,4,4,4,4,4,4,5,4,4,4,3,3,4,4,4,4,4,3,1,3,2,2,2,6,NA,NA,NA,NA,NA,NA,NA,NA,NA,NA,NA,NA,NA,NA,NA,NA,NA,NA,NA,NA,NA,NA,NA,NA,NA,NA,NA,237718975363127,213,1,1416,3.6666666666666665,4,3.6666666666666665,3.3333333333333335,5,5,3.6666666666666665,3.8333333333333335,4,"Higher education (e.g., university degree or higher education diploma)",Man,63,Not religious at all (1),Urban,40000,10.596634733096073,"March 06, 2023"
2023-03-06 09:14:37,2023-03-06 09:39:47,0,100,1510,1,2023-03-06 09:39:48,R_2wbCOrCZ9cPoBgn,anonymous,FR,1,1,NA,64,3,213,2,5,4,1,3,3,1,1,3,4,4,1,1,2,Tout le monde profite des avancées scientiques,NA,4,6,1,4,5,2,2,4,4,1,5,3,1,2,4,5,2,4,3,4,4,4,3,4,3,4,3,5,4,3,2,4,4,5,3,5,4,2,2,3,1,1,3,3,1,8,5,5,1,3,3,2,2,4,1,2,2,2,1,3,2,2,2,2,2,3,1,3,3,3,1,3,4,4,3,4,5,4,5,4,4,4,5,42000,3,99,1,1,4,4,5,4,2,3,4,4,4,4,3,2,4,4,4,3,2,2,1,2,6,5,6,5,NA,NA,NA,NA,NA,NA,NA,NA,NA,NA,NA,NA,NA,NA,NA,NA,NA,NA,NA,NA,NA,NA,NA,NA,NA,NA,NA,237718971666466,213,1,1417,3.6666666666666665,4.333333333333333,3.6666666666666665,2.6666666666666665,2.4,3,3.5833333333333335,4,3,"Secondary education (e.g., high school)",Man,64,Not religious at all (1),Rural,42000,10.645424897265505,"March 06, 2023"
2023-03-06 09:24:14,2023-03-06 09:40:33,0,100,978,1,2023-03-06 09:40:34,R_2cztgB6czQjI9Ut,anonymous,FR,1,0,NA,56,3,213,2,2,3,2,3,1,3,1,1,1,3,2,2,1,NA,Un scientifique doit faire des recherches approfondies surtout actuellement sur le climat,2,4,1,5,5,3,1,2,2,1,1,3,3,5,5,5,3,5,5,4,4,3,3,4,3,4,5,4,4,3,4,2,3,5,1,3,5,2,3,3,3,3,3,5,1,5,5,5,1,3,5,1,3,5,1,1,1,3,1,2,1,5,3,1,3,5,1,3,3,3,1,5,5,5,5,5,5,5,5,5,5,5,5,27000,99,99,2,2,4,5,3,3,1,4,3,3,3,3,3,3,3,3,1,3,1,3,1,4,9,7,7,5,NA,NA,NA,NA,NA,NA,NA,NA,NA,NA,NA,NA,NA,NA,NA,NA,NA,NA,NA,NA,NA,NA,NA,NA,NA,NA,NA,237718974105743,213,1,1419,3.3333333333333335,4,3.6666666666666665,4,3.8,4,3.75,3.6666666666666665,3,"Secondary education (e.g., high school)",Woman,56,(2),Urban,27000,10.203592144986466,"March 06, 2023"
2023-03-06 09:18:55,2023-03-06 09:40:35,0,100,1300,1,2023-03-06 09:40:35,R_2s6LzJhEZIOiFMI,anonymous,FR,1,0,NA,68,3,213,3,3,3,3,3,1,3,1,1,2,3,1,1,1,NA,Son savoir sil est pédagogue et quil le rend audible à tous....,4,2,4,3,2,3,2,4,2,2,2,4,3,3,4,4,5,3,3,3,4,3,2,4,3,4,2,4,4,4,3,2,3,2,1,2,5,1,4,3,4,5,4,4,1,3,3,2,5,2,5,2,4,2,2,1,2,3,4,2,2,4,2,2,2,4,2,3,3,3,2,2,2,2,3,2,3,3,3,3,3,3,3,NA,3,4,2,2,2,2,3,2,2,2,2,2,3,2,2,1,3,3,3,2,2,2,3,2,7,2,2,5,NA,NA,NA,NA,NA,NA,NA,NA,NA,NA,NA,NA,NA,NA,NA,NA,NA,NA,NA,NA,NA,NA,NA,NA,NA,NA,NA,237718971610342,213,1,1420,3.6666666666666665,3.6666666666666665,3.6666666666666665,2.3333333333333335,3.8,3,3.3333333333333335,3.6666666666666665,3,"Secondary education (e.g., high school)",Woman,68,(2),Urban,NA,NA,"March 06, 2023"
2023-03-06 09:13:21,2023-03-06 09:43:45,0,100,1824,1,2023-03-06 09:43:46,R_3iImZTZORYIsSzN,anonymous,FR,1,1,NA,26,3,213,5,5,6,3,1,2,3,2,2,2,5,2,2,1,Tout le monde bénéficie de la science mais surtout les moins riches car leurs moyens leur permettent moins le confort,NA,4,6,5,5,5,4,3,5,4,2,4,5,4,5,4,5,3,4,3,5,4,5,5,5,4,5,4,5,5,5,5,5,5,5,5,5,5,4,2,2,5,4,2,2,1,7,8,6,1,5,4,4,5,4,3,2,1,4,1,4,4,2,4,4,4,2,2,3,3,3,1,2,5,3,5,4,5,4,5,5,5,5,5,11500,2,2,1,2,5,5,5,4,3,2,4,5,5,4,2,4,4,4,5,4,4,3,1,1,5,5,5,6,NA,NA,NA,NA,NA,NA,NA,NA,NA,NA,NA,NA,NA,NA,NA,NA,NA,NA,NA,NA,NA,NA,NA,NA,NA,NA,NA,237718975314090,213,1,1423,5,5,4.333333333333333,4.666666666666667,4.2,5,4.75,5,3,"Secondary education (e.g., high school)",Man,26,Not religious at all (1),Urban,11500,9.350102314351341,"March 06, 2023"
2023-03-06 09:29:04,2023-03-06 09:44:11,0,100,906,1,2023-03-06 09:44:11,R_R5pj3daGyvUXt3b,anonymous,FR,1,1,NA,24,3,213,3,3,1,1,1,3,2,1,1,3,3,1,1,1,Tout le monde bénéficie de la science. Lorsque l'on découvre des nouveaux traitements ou soins on en bénéficie tous,NA,4,4,1,5,5,3,4,5,5,3,4,5,4,4,5,4,4,5,4,5,5,4,3,5,4,4,4,5,4,4,3,3,5,4,1,5,4,1,1,1,1,4,1,2,1,9,5,4,1,5,1,5,1,5,1,1,5,5,5,4,4,3,3,3,4,4,2,3,3,3,3,5,5,5,5,5,5,4,4,4,4,4,4,9000,3,3,1,2,5,5,5,5,5,5,4,4,4,4,4,4,4,4,4,4,4,4,1,1,1,1,7,1,NA,NA,NA,NA,NA,NA,NA,NA,NA,NA,NA,NA,NA,NA,NA,NA,NA,NA,NA,NA,NA,NA,NA,NA,NA,NA,NA,237718975285270,213,1,1425,4,5,4.333333333333333,3.3333333333333335,4.4,5,4.166666666666667,4.5,3,"Secondary education (e.g., high school)",Man,24,Not religious at all (1),Urban,9000,9.104979856318357,"March 06, 2023"
2023-03-06 09:32:27,2023-03-06 09:45:40,0,100,793,1,2023-03-06 09:45:40,R_1ozLyKxQLylszrJ,anonymous,FR,1,0,NA,38,3,213,2,3,3,1,1,1,3,1,1,2,4,1,1,1,NA,Pour moi il est digne de confiance si ses travaux sont vérifiés et approuvés par d autres scientifique,3,4,1,4,4,5,3,3,3,2,4,4,3,4,4,4,2,4,4,3,4,4,3,4,4,4,3,4,4,3,3,4,4,3,4,4,4,2,2,2,3,3,3,3,1,6,6,6,1,4,2,3,3,3,3,2,2,3,2,2,2,4,3,3,2,3,2,3,3,3,1,3,3,4,2,2,3,4,4,4,4,4,4,34000,2,2,1,2,4,4,4,4,4,4,4,4,3,3,3,3,4,4,4,4,4,4,3,5,6,5,4,5,NA,NA,NA,NA,NA,NA,NA,NA,NA,NA,NA,NA,NA,NA,NA,NA,NA,NA,NA,NA,NA,NA,NA,NA,NA,NA,NA,237718975567989,213,1,1426,3.6666666666666665,3.6666666666666665,4,3,3.4,4,3.5833333333333335,3.6666666666666665,3,"Secondary education (e.g., high school)",Woman,38,Not religious at all (1),Urban,34000,10.4341158035983,"March 06, 2023"
2023-03-06 09:26:15,2023-03-06 09:47:51,0,100,1296,1,2023-03-06 09:47:52,R_2EHw7UJt959gogd,anonymous,FR,1,0,NA,34,4,213,2,3,3,1,3,2,4,3,2,2,7,3,2,1,NA,"Un scientifique est digne de confiance s'il cherche à expliquer les phénomène et non imposer ses idées. Il est digne de confiance s'il a respecté les critères de validité des expériences qu'il a menées. S'il cherche a se rapprocher de la ""vérité"" et non s'il cherche a prouver ses propres théories. Il est digne de confiance s'il est transparent sur les données qu'il a et qu'il ne cherche pas à la modifier ou présenté selon ce qui l'arrange le plus.",5,4,1,5,5,5,3,3,3,2,5,5,3,5,5,5,5,5,4,4,4,3,2,4,3,3,3,4,4,4,3,2,3,3,3,4,5,2,3,3,2,4,3,3,1,10,8,10,2,5,3,3,3,4,4,4,3,4,1,1,1,5,2,1,5,5,3,2,2,4,3,5,5,5,5,5,5,5,5,5,5,5,5,42000,2,2,2,2,4,4,5,5,2,3,3,3,3,3,3,3,4,4,4,4,3,3,1,2,3,3,3,6,NA,NA,NA,NA,NA,NA,NA,NA,NA,NA,NA,NA,NA,NA,NA,NA,NA,NA,NA,NA,NA,NA,NA,NA,NA,NA,NA,237718975592461,213,1,1429,3.3333333333333335,4,3.6666666666666665,2.6666666666666665,4.6,5,3.4166666666666665,3.6666666666666665,4,"Higher education (e.g., university degree or higher education diploma)",Woman,34,(2),Urban,42000,10.645424897265505,"March 06, 2023"
2023-03-06 09:37:24,2023-03-06 09:51:52,0,100,867,1,2023-03-06 09:51:52,R_1hE8tRiK4D9q0rZ,anonymous,FR,1,0,NA,31,4,213,2,4,1,2,2,1,6,5,2,4,3,3,2,1,je ne sais pas,NA,3,4,1,4,3,3,3,4,3,4,4,4,3,4,3,3,3,3,2,4,3,4,3,4,3,4,3,4,4,4,3,4,3,4,4,3,4,3,3,2,3,3,4,4,1,9,3,10,2,2,5,1,4,3,3,1,2,1,3,2,2,4,4,3,3,4,1,3,3,3,1,4,5,3,5,2,4,4,5,4,5,5,5,40000,99,99,3,2,3,4,2,4,3,4,4,3,3,4,4,3,4,3,3,3,4,2,2,5,7,5,7,4,NA,NA,NA,NA,NA,NA,NA,NA,NA,NA,NA,NA,NA,NA,NA,NA,NA,NA,NA,NA,NA,NA,NA,NA,NA,NA,NA,237718975515733,213,1,1431,4,4,3.3333333333333335,3,3.4,4,3.5833333333333335,4,4,"Higher education (e.g., university degree or higher education diploma)",Woman,31,(3),Urban,40000,10.596634733096073,"March 06, 2023"
2023-03-06 09:35:23,2023-03-06 09:51:53,0,100,989,1,2023-03-06 09:51:53,R_307etGkqAVKZv9s,anonymous,FR,1,0,NA,21,4,213,2,3,5,4,4,3,5,3,3,3,4,3,1,3,NA,Sa renommée (par exemple un prix nobel est très digne de confiance)  Le laboratoire pour lequel il travaille  Quand les infos données sont étayées par des données issues d’expériences et d’analyses,5,4,1,4,5,5,2,3,4,1,5,2,4,2,3,5,5,5,3,4,4,2,1,4,3,2,3,4,4,2,2,4,3,4,1,2,4,1,4,3,2,4,1,1,1,10,4,7,1,2,5,5,1,5,4,4,5,5,1,1,1,5,1,1,1,4,3,3,3,3,3,4,5,5,5,4,5,4,5,5,5,4,5,50000,2,1,1,2,4,4,4,2,2,5,5,5,4,3,2,2,4,5,4,4,3,2,1,1,1,5,3,5,NA,NA,NA,NA,NA,NA,NA,NA,NA,NA,NA,NA,NA,NA,NA,NA,NA,NA,NA,NA,NA,NA,NA,NA,NA,NA,NA,237123007917135,213,1,1432,2,4,3.6666666666666665,2,3.2,4,2.9166666666666665,3,4,"Higher education (e.g., university degree or higher education diploma)",Woman,21,Not religious at all (1),Urban,50000,10.819778284410283,"March 06, 2023"
2023-03-06 09:27:29,2023-03-06 09:53:31,0,100,1562,1,2023-03-06 09:53:32,R_2EvmjWvO8vMSz2L,anonymous,FR,1,1,NA,69,4,213,6,6,2,1,4,2,1,1,1,1,1,1,1,1,NA,Son niveau d’étude. Sa formation,4,6,1,1,2,2,4,5,5,4,2,3,3,3,2,4,4,4,3,4,4,4,4,4,4,4,4,4,4,4,3,4,5,4,2,3,3,3,1,1,4,3,2,3,1,2,7,7,1,4,2,2,3,3,3,2,2,2,1,2,2,2,3,3,2,2,1,3,3,3,2,4,4,4,4,4,4,5,5,5,5,5,5,49900,3,3,1,2,4,4,4,4,4,3,4,4,4,4,4,3,3,3,3,3,3,2,1,2,2,2,2,5,NA,NA,NA,NA,NA,NA,NA,NA,NA,NA,NA,NA,NA,NA,NA,NA,NA,NA,NA,NA,NA,NA,NA,NA,NA,NA,NA,237718975275128,213,1,1436,4,4,4,3.6666666666666665,3,4,3.9166666666666665,4,4,"Higher education (e.g., university degree or higher education diploma)",Man,69,Not religious at all (1),Urban,49900,10.81777628173961,"March 06, 2023"
2023-03-06 09:27:18,2023-03-06 09:53:41,0,100,1583,1,2023-03-06 09:53:42,R_1hGtPQKcqPkUrB8,anonymous,FR,1,1,NA,25,3,213,1,3,3,1,4,1,3,1,1,3,5,1,1,1,Les industries pharmaceutiques et les fortunes du monde  Ce sont eux qui profitent le plus des des avancées scientifiques grâce à l’argent et les connaissances que pour moi les autres n’ont pas,NA,2,4,1,5,5,5,1,3,3,3,3,2,1,4,2,5,4,4,3,3,3,3,3,4,3,3,3,4,3,3,3,4,3,5,5,5,4,3,3,2,4,3,3,3,1,10,6,8,1,2,4,4,1,3,3,4,2,4,3,1,1,5,1,1,1,3,3,3,3,3,2,5,5,5,4,5,5,5,5,5,5,5,5,NA,2,99,1,1,4,4,4,4,4,4,4,4,4,4,4,4,4,4,4,3,3,4,1,3,8,5,5,5,NA,NA,NA,NA,NA,NA,NA,NA,NA,NA,NA,NA,NA,NA,NA,NA,NA,NA,NA,NA,NA,NA,NA,NA,NA,NA,NA,237718975615152,213,1,1437,3,3.6666666666666665,3,3,2.6,3,3.1666666666666665,3.3333333333333335,3,"Secondary education (e.g., high school)",Man,25,Not religious at all (1),Rural,NA,NA,"March 06, 2023"
2023-03-06 09:45:54,2023-03-06 09:54:00,0,100,486,1,2023-03-06 09:54:01,R_z6jhhywrcLSEG8F,anonymous,FR,1,0,NA,35,4,213,3,3,2,1,2,1,3,3,2,4,4,3,2,1,Les pays émerges en bénéficient le plus car on est plus eduques,NA,5,4,1,5,5,3,1,5,5,4,3,5,5,5,5,5,1,5,5,4,4,5,4,5,4,5,5,5,5,5,5,5,5,5,5,5,3,1,1,4,2,4,2,2,1,4,6,4,8,5,5,3,1,5,5,5,3,5,1,1,1,5,1,1,1,4,2,3,4,3,3,5,5,5,5,5,5,5,5,5,5,5,5,5000,4,4,3,2,5,5,5,5,3,4,5,4,5,2,2,2,5,5,5,4,2,3,1,4,3,2,3,8,NA,NA,NA,NA,NA,NA,NA,NA,NA,NA,NA,NA,NA,NA,NA,NA,NA,NA,NA,NA,NA,NA,NA,NA,NA,NA,NA,237718972792871,213,1,1439,5,4.666666666666667,4.333333333333333,4.666666666666667,4.2,5,4.666666666666667,4.833333333333333,4,"Higher education (e.g., university degree or higher education diploma)",Woman,35,(3),Urban,5000,8.517193191416238,"March 06, 2023"
2023-03-06 09:41:05,2023-03-06 09:54:06,0,100,781,1,2023-03-06 09:54:06,R_248lsjk5z1pTyby,anonymous,FR,1,1,NA,69,4,213,4,5,5,2,1,1,1,1,1,3,3,1,1,1,NA,la condition essentielle est de se référencer d'études fiables et sérieusement menées et publiées,4,4,1,3,5,2,3,3,2,1,3,3,3,2,3,4,2,4,3,3,4,4,2,4,4,4,4,4,4,4,3,3,4,4,3,4,4,4,1,2,3,4,3,2,1,9,5,7,3,3,4,4,4,3,2,2,1,3,1,3,2,2,3,3,2,4,2,3,3,4,2,3,3,4,4,3,3,3,3,3,3,3,3,45000,4,4,3,2,4,4,4,1,2,3,4,4,3,1,2,2,3,4,4,1,2,2,4,3,5,5,4,5,NA,NA,NA,NA,NA,NA,NA,NA,NA,NA,NA,NA,NA,NA,NA,NA,NA,NA,NA,NA,NA,NA,NA,NA,NA,NA,NA,237718975278244,213,1,1440,4,3.6666666666666665,4,3,2.6,3,3.6666666666666665,3.8333333333333335,4,"Higher education (e.g., university degree or higher education diploma)",Man,69,(3),Urban,45000,10.714417768752456,"March 06, 2023"
2023-03-06 09:32:18,2023-03-06 09:55:14,0,100,1375,1,2023-03-06 09:55:14,R_2VjD12asf8Rpe1i,anonymous,FR,1,1,NA,72,3,213,2,3,3,2,2,1,3,3,1,3,4,2,1,1,NA,"Sa formation Son sens éthique  La facilité de contact, de dialogue",4,6,5,5,3,4,2,5,3,2,3,4,3,2,3,5,3,4,4,4,4,3,2,4,4,3,2,4,4,4,3,4,3,3,4,3,3,3,3,3,2,2,2,1,1,4,9,2,2,3,3,2,3,2,1,1,1,4,3,3,3,4,3,3,2,3,1,3,2,2,1,4,4,4,4,4,4,4,4,4,4,4,4,35000,4,4,2,1,4,4,4,3,3,2,3,4,4,3,2,3,4,4,4,3,3,3,1,1,7,4,4,7,NA,NA,NA,NA,NA,NA,NA,NA,NA,NA,NA,NA,NA,NA,NA,NA,NA,NA,NA,NA,NA,NA,NA,NA,NA,NA,NA,237718971734112,213,1,1442,3.3333333333333335,4,4,2.3333333333333335,3,4,3.4166666666666665,3.6666666666666665,3,"Secondary education (e.g., high school)",Man,72,(2),Rural,35000,10.46310334047155,"March 06, 2023"
2023-03-06 09:41:22,2023-03-06 09:55:41,0,100,858,1,2023-03-06 09:55:42,R_3R3ZylUgA8z9xGE,anonymous,FR,1,1,NA,36,4,213,2,3,6,3,3,1,6,3,3,3,3,3,2,1,Tout le monde,NA,4,4,1,4,4,3,3,4,4,3,4,4,3,4,4,3,3,5,4,4,4,3,4,4,4,4,4,4,4,3,3,4,4,4,4,4,3,2,2,2,2,3,2,3,1,10,2,10,9,4,4,4,2,4,4,3,4,4,3,4,4,2,4,4,3,3,1,3,3,3,1,3,4,3,3,3,4,4,4,4,4,4,4,0,99,99,1,2,4,4,4,4,4,4,4,4,4,4,4,4,4,4,4,4,4,4,1,1,1,5,4,5,NA,NA,NA,NA,NA,NA,NA,NA,NA,NA,NA,NA,NA,NA,NA,NA,NA,NA,NA,NA,NA,NA,NA,NA,NA,NA,NA,237718971594963,213,1,1444,3.3333333333333335,4,4,3.6666666666666665,3.6,4,3.75,3.6666666666666665,4,"Higher education (e.g., university degree or higher education diploma)",Man,36,Not religious at all (1),Urban,0,-Inf,"March 06, 2023"
2023-03-06 09:26:39,2023-03-06 09:56:05,0,100,1766,1,2023-03-06 09:56:05,R_1PdBUN7Vca05y8n,anonymous,FR,1,1,NA,35,3,213,1,2,2,1,4,4,2,2,1,3,4,1,1,1,NA,Les résultats qu'il trouve et son honnêteté,3,6,1,5,5,4,4,4,4,2,4,3,1,5,4,4,4,5,3,4,4,4,4,4,3,4,4,4,4,4,3,4,4,3,3,3,4,3,2,2,3,4,3,2,1,10,1,10,1,3,4,4,2,3,2,3,4,5,1,1,1,5,2,2,2,4,3,3,2,3,2,5,5,5,5,5,5,5,5,5,5,5,5,34500,3,5,1,1,4,4,4,3,3,4,4,4,4,4,4,4,3,3,3,3,3,3,1,5,6,7,7,5,NA,NA,NA,NA,NA,NA,NA,NA,NA,NA,NA,NA,NA,NA,NA,NA,NA,NA,NA,NA,NA,NA,NA,NA,NA,NA,NA,237718972086420,213,1,1448,4,4,3.6666666666666665,3.6666666666666665,3.4,3,3.8333333333333335,4,3,"Secondary education (e.g., high school)",Man,35,Not religious at all (1),Rural,34500,10.448714603019452,"March 06, 2023"
2023-03-06 09:32:30,2023-03-06 09:58:03,0,100,1532,1,2023-03-06 09:58:04,R_eJTwSAkEUD8DB6h,anonymous,FR,1,0,NA,65,4,213,2,3,6,4,2,2,4,2,1,2,4,2,2,1,NA,la véracité de ses propos,3,5,1,5,5,5,4,5,5,4,5,4,3,4,3,5,4,4,3,4,3,3,3,4,3,2,2,3,2,2,2,4,3,4,4,4,3,2,3,3,4,4,2,3,1,8,5,5,4,3,3,3,3,3,3,1,3,2,1,2,3,3,3,3,2,3,2,3,3,3,1,3,4,3,4,4,3,4,4,4,4,4,4,4000,4,4,4,1,3,4,3,3,3,3,3,3,3,3,3,3,3,4,3,2,3,3,1,3,7,3,3,7,NA,NA,NA,NA,NA,NA,NA,NA,NA,NA,NA,NA,NA,NA,NA,NA,NA,NA,NA,NA,NA,NA,NA,NA,NA,NA,NA,237718972006483,213,1,1449,2.3333333333333335,3.6666666666666665,2.6666666666666665,2.3333333333333335,3.6,4,2.75,3,4,"Higher education (e.g., university degree or higher education diploma)",Woman,65,(4),Rural,4000,8.294049640102028,"March 06, 2023"
2023-03-06 09:37:58,2023-03-06 09:58:29,0,100,1231,1,2023-03-06 09:58:30,R_9ZXyfb3Ts78VTdD,anonymous,FR,1,0,NA,39,4,213,2,5,5,5,6,6,6,4,3,5,5,4,3,1,L'ensemble de la population bénéficie des progrès de la science,NA,5,6,1,4,5,4,2,4,4,2,5,1,1,3,1,5,5,5,4,4,5,4,4,5,3,5,4,4,4,4,4,5,5,5,3,5,5,3,1,1,3,1,1,1,1,10,1,10,1,4,4,4,2,4,1,1,4,4,1,2,1,4,2,2,2,4,1,2,3,3,1,4,5,5,5,5,5,5,5,5,5,5,5,41390,2,99,3,2,5,5,5,5,5,5,3,3,4,3,3,3,4,4,4,4,2,2,1,1,6,4,6,3,NA,NA,NA,NA,NA,NA,NA,NA,NA,NA,NA,NA,NA,NA,NA,NA,NA,NA,NA,NA,NA,NA,NA,NA,NA,NA,NA,237718975381535,213,1,1450,4.333333333333333,4.333333333333333,4,4,2.2,4,4.166666666666667,4.333333333333333,4,"Higher education (e.g., university degree or higher education diploma)",Woman,39,(3),Urban,41390,10.630794584742778,"March 06, 2023"
2023-03-06 09:44:46,2023-03-06 10:00:42,0,100,956,1,2023-03-06 10:00:43,R_12ndSLCQOVoAdjF,anonymous,FR,1,0,NA,47,4,213,2,4,3,1,3,1,2,1,1,2,3,2,2,1,NA,"Son niveau de compétence dans le domaine, la facilité à faire comprendre les choses aux autres personnes",3,4,1,4,4,4,2,4,3,2,3,2,3,4,4,4,3,4,4,4,4,3,3,4,4,4,4,4,4,4,3,4,3,4,3,4,4,4,4,4,4,3,4,3,1,7,3,8,3,2,5,4,1,2,1,2,2,3,3,2,2,4,3,2,2,4,3,3,3,3,1,5,5,5,5,5,5,5,5,5,5,5,5,45000,3,4,1,2,3,4,2,1,3,2,4,4,3,4,3,3,3,4,2,1,3,2,3,2,4,6,6,5,NA,NA,NA,NA,NA,NA,NA,NA,NA,NA,NA,NA,NA,NA,NA,NA,NA,NA,NA,NA,NA,NA,NA,NA,NA,NA,NA,237718973734077,213,1,1452,3.6666666666666665,4,4,3.3333333333333335,3.2,4,3.75,3.8333333333333335,4,"Higher education (e.g., university degree or higher education diploma)",Woman,47,Not religious at all (1),Urban,45000,10.714417768752456,"March 06, 2023"
2023-03-06 09:53:40,2023-03-06 10:00:45,0,100,425,1,2023-03-06 10:00:46,R_1guxbVxUio3Nj81,anonymous,FR,1,1,NA,30,4,213,4,5,4,5,5,1,5,5,1,4,5,4,1,1,NA,"La reconnaissance de ses pairs, ses diplômes et le certificat de ses recherches",4,4,3,5,4,3,4,5,4,2,3,4,2,2,4,5,5,5,4,4,4,5,3,5,4,4,4,5,4,4,3,4,4,5,5,5,5,2,2,4,2,4,3,4,1,8,3,5,3,4,4,3,2,4,1,2,2,4,3,4,3,5,4,3,2,4,3,3,4,3,2,5,4,4,3,4,4,4,4,4,4,4,5,21000,5,5,2,1,4,4,4,4,4,5,3,4,4,4,4,3,4,5,4,4,3,5,3,4,6,5,6,3,NA,NA,NA,NA,NA,NA,NA,NA,NA,NA,NA,NA,NA,NA,NA,NA,NA,NA,NA,NA,NA,NA,NA,NA,NA,NA,NA,237718975386709,213,1,1453,4.333333333333333,4.666666666666667,4,3.3333333333333335,3.4,5,4.083333333333333,4.5,4,"Higher education (e.g., university degree or higher education diploma)",Man,30,(2),Rural,21000,9.95227771670556,"March 06, 2023"
2023-03-06 09:40:07,2023-03-06 10:07:32,0,100,1645,1,2023-03-06 10:07:33,R_aaBKZ1uQiD2t9v3,anonymous,FR,1,1,NA,29,3,213,5,4,4,5,4,4,5,5,5,6,5,5,6,3,Ceux qui bénéficient le plus de la science c'est la recherche et donc c'est la médecine donc les citoyens à plus long terme.,NA,3,2,1,3,4,4,1,3,4,5,1,3,3,5,3,5,4,4,3,2,1,2,1,3,1,3,2,4,1,2,1,3,2,4,5,5,5,5,5,3,5,4,4,3,1,8,8,10,1,1,5,4,1,5,1,3,5,1,1,1,1,5,1,1,1,5,1,3,3,3,1,5,5,4,4,3,5,5,5,5,5,5,5,26000,99,1,5,2,3,3,4,1,1,3,1,1,1,1,1,1,3,2,1,1,1,3,1,7,5,1,4,5,NA,NA,NA,NA,NA,NA,NA,NA,NA,NA,NA,NA,NA,NA,NA,NA,NA,NA,NA,NA,NA,NA,NA,NA,NA,NA,NA,237718975279282,213,1,1457,2.3333333333333335,3,1,1.3333333333333333,3.6,3,1.9166666666666667,2.6666666666666665,3,"Secondary education (e.g., high school)",Man,29,Very strongly religious (5),Urban,26000,10.165851817003619,"March 06, 2023"
2023-03-06 10:01:00,2023-03-06 10:09:43,0,100,522,1,2023-03-06 10:09:44,R_1ImcnznhMUVfFcn,anonymous,FR,1,0,NA,40,3,213,2,3,2,1,3,1,2,1,1,2,4,4,2,1,Nous tous grâce à la science  ont evolu sur beaucoup de choses,NA,4,4,1,5,4,5,3,4,4,1,2,3,3,4,2,4,4,4,4,4,4,4,3,4,4,4,3,4,4,4,4,4,4,4,3,3,2,2,3,3,3,3,2,2,1,6,7,5,2,4,3,4,3,4,2,3,2,4,1,4,4,4,3,3,2,3,3,3,3,3,1,3,4,2,4,3,4,3,4,4,4,4,4,16000,3,4,1,2,4,4,2,3,2,2,3,3,3,3,4,2,4,3,3,3,3,3,3,5,6,6,6,2,NA,NA,NA,NA,NA,NA,NA,NA,NA,NA,NA,NA,NA,NA,NA,NA,NA,NA,NA,NA,NA,NA,NA,NA,NA,NA,NA,237718975292489,213,1,1460,4,4,4,3.3333333333333335,3.2,3,3.8333333333333335,4,3,"Secondary education (e.g., high school)",Woman,40,Not religious at all (1),Urban,16000,9.680344001221918,"March 06, 2023"
2023-03-06 09:52:07,2023-03-06 10:10:11,0,100,1084,1,2023-03-06 10:10:12,R_2YRLTZX73UjPoDu,anonymous,FR,1,1,NA,37,4,213,5,4,5,4,5,2,4,1,1,1,6,3,3,1,A tout le monde Car elle est utile dans tout les domaines,NA,4,6,1,5,4,4,2,4,5,1,4,1,4,3,2,5,5,5,3,4,3,4,3,4,4,5,2,4,4,3,2,5,4,5,4,5,4,2,3,4,4,4,3,3,1,7,8,7,1,3,3,4,1,3,2,1,1,4,2,4,1,5,3,3,1,4,1,3,3,3,1,4,4,4,4,3,4,5,5,4,5,4,4,43000,99,5,4,1,5,5,4,4,2,3,5,4,5,3,2,3,4,5,4,4,2,3,2,5,7,5,1,8,NA,NA,NA,NA,NA,NA,NA,NA,NA,NA,NA,NA,NA,NA,NA,NA,NA,NA,NA,NA,NA,NA,NA,NA,NA,NA,NA,237718975372436,213,1,1461,4,4,3.6666666666666665,2.3333333333333335,3,4,3.5,4,4,"Higher education (e.g., university degree or higher education diploma)",Man,37,(4),Rural,43000,10.668955394675699,"March 06, 2023"
2023-03-06 09:00:22,2023-03-06 10:14:41,0,100,4459,1,2023-03-06 10:14:42,R_1lgYh6dAXfC5mRT,anonymous,FR,1,1,NA,52,3,213,1,3,2,1,2,1,1,1,1,2,3,1,1,1,NA,"Je pense que s'il arrive à faire quelque chose de concret, de réel et qui prouve que cela marche, il serait digne de confiance",3,4,1,4,5,4,3,3,3,3,3,1,1,3,3,5,5,4,4,4,4,4,3,4,4,4,4,4,3,4,3,4,4,1,1,1,3,3,3,3,3,4,3,3,1,10,5,8,1,3,5,5,1,4,4,3,3,4,1,2,2,1,2,2,1,5,3,3,4,4,3,5,5,5,5,5,5,5,5,5,5,5,5,29000,4,99,2,1,4,4,4,4,3,4,3,3,3,3,3,3,3,3,3,3,3,3,1,2,9,7,7,4,NA,NA,NA,NA,NA,NA,NA,NA,NA,NA,NA,NA,NA,NA,NA,NA,NA,NA,NA,NA,NA,NA,NA,NA,NA,NA,NA,237718975270960,213,1,1463,4,4,3.6666666666666665,3.3333333333333335,2.6,4,3.75,4,3,"Secondary education (e.g., high school)",Man,52,(2),Rural,29000,10.275051108968611,"March 06, 2023"
2023-03-06 10:02:39,2023-03-06 10:16:10,0,100,811,1,2023-03-06 10:16:11,R_1rqbMu0LGwK1Rd6,anonymous,FR,1,1,NA,67,3,213,6,5,5,1,6,1,5,1,1,5,5,2,3,1,J'espère la médecine grâce aux nouvelles technologies et aussi au progrès de la médecine,NA,5,6,1,5,5,5,4,4,3,2,3,5,5,5,5,5,5,3,3,5,4,4,4,5,4,5,5,4,4,4,3,5,4,5,5,5,3,3,2,2,3,3,2,3,1,5,7,7,7,3,3,3,2,3,1,1,3,4,1,2,2,4,2,2,1,1,1,3,1,3,1,5,5,5,5,5,5,5,5,5,5,5,5,50000,5,5,1,2,5,5,5,5,5,5,5,5,4,5,4,5,4,5,5,5,5,5,1,3,9,4,7,4,NA,NA,NA,NA,NA,NA,NA,NA,NA,NA,NA,NA,NA,NA,NA,NA,NA,NA,NA,NA,NA,NA,NA,NA,NA,NA,NA,237718971332829,213,1,1465,4.333333333333333,4.666666666666667,4,4,5,5,4.25,4.5,3,"Secondary education (e.g., high school)",Man,67,Not religious at all (1),Urban,50000,10.819778284410283,"March 06, 2023"
2023-03-06 09:42:07,2023-03-06 10:16:50,0,100,2082,1,2023-03-06 10:16:51,R_1QrTi44gUqtgka4,anonymous,FR,1,1,NA,37,4,213,2,2,5,4,3,3,4,4,3,4,4,3,2,1,NA,"Son expérience, ses diplômes et ses réalisations dans le monde scientifique.",3,1,4,5,5,5,1,1,1,1,5,2,4,5,3,4,4,5,3,3,3,3,3,3,3,3,3,4,4,4,4,4,4,1,1,1,3,3,2,2,2,4,3,3,1,1,10,1,1,5,5,1,3,1,1,1,1,3,2,1,1,5,1,1,1,5,1,3,3,3,1,1,5,5,1,1,5,1,5,5,1,1,5,35000,3,3,5,1,5,5,5,5,2,1,3,5,5,3,1,1,5,5,5,4,1,1,1,4,5,1,1,5,NA,NA,NA,NA,NA,NA,NA,NA,NA,NA,NA,NA,NA,NA,NA,NA,NA,NA,NA,NA,NA,NA,NA,NA,NA,NA,NA,237457967327475,213,1,1466,3.3333333333333335,3.3333333333333335,3.3333333333333335,3.3333333333333335,3.6,5,3.3333333333333335,3.3333333333333335,4,"Higher education (e.g., university degree or higher education diploma)",Man,37,Very strongly religious (5),Rural,35000,10.46310334047155,"March 06, 2023"
2023-03-06 09:39:26,2023-03-06 10:20:20,0,100,2454,1,2023-03-06 10:20:21,R_2uxpvcIS2vEXSWM,anonymous,FR,1,0,NA,41,4,213,6,6,1,1,6,6,1,1,6,6,6,1,1,1,NA,"Ma confiance vers un scientifique s'orientera vers un scientifique ayant reçu un enseignement dans de grandes écoles ou qui aura participé à des recherches humainement importantes, qui aura publié des recherches, qui soit cartésien et qui montre un réel intérêt pour la science et non le profit. Il devra également pouvoir défendre ses théories sans être déstabilisé. Avoir l'appui de grandes sociétés / organisations, favorisera l'intérêt que je lui porterais.",5,6,1,4,5,5,2,4,2,3,5,4,2,4,4,4,2,5,5,5,4,4,3,5,4,4,2,5,4,4,2,4,4,4,2,4,4,2,2,2,1,1,2,2,1,10,3,10,1,4,2,5,2,4,4,4,2,5,1,4,2,2,4,4,4,2,3,3,3,3,1,5,5,5,4,5,5,5,5,5,5,5,5,52300,2,2,2,2,3,5,3,3,5,5,4,3,4,2,3,5,3,4,4,4,5,5,1,3,1,7,7,6,NA,NA,NA,NA,NA,NA,NA,NA,NA,NA,NA,NA,NA,NA,NA,NA,NA,NA,NA,NA,NA,NA,NA,NA,NA,NA,NA,237718974871572,213,1,1469,4,5,4,2.3333333333333335,3.2,5,3.8333333333333335,4.5,4,"Higher education (e.g., university degree or higher education diploma)",Woman,41,(2),Urban,52300,10.864751650053014,"March 06, 2023"
2023-03-06 09:54:11,2023-03-06 10:20:22,0,100,1570,1,2023-03-06 10:20:23,R_3qa0L90wCOYUZBh,anonymous,FR,1,1,NA,24,4,213,1,1,1,1,2,1,1,1,1,1,1,1,1,2,NA,je sais pas,4,4,5,5,5,5,5,5,5,5,5,4,4,4,4,4,4,4,3,4,4,3,4,4,4,4,4,3,3,4,4,4,4,3,3,4,4,4,4,3,4,3,3,3,1,7,7,8,8,3,4,4,3,3,4,3,4,3,4,3,3,4,3,3,3,4,3,3,2,3,3,4,3,3,4,4,4,3,3,4,4,4,3,54000,4,4,1,2,4,4,3,4,4,3,3,3,3,4,3,4,4,4,4,4,4,4,5,4,6,5,5,7,NA,NA,NA,NA,NA,NA,NA,NA,NA,NA,NA,NA,NA,NA,NA,NA,NA,NA,NA,NA,NA,NA,NA,NA,NA,NA,NA,237718972099744,213,1,1471,3.6666666666666665,3.6666666666666665,3.6666666666666665,4,4,4,3.75,3.6666666666666665,4,"Higher education (e.g., university degree or higher education diploma)",Man,24,Not religious at all (1),Urban,54000,10.896739325546411,"March 06, 2023"
2023-03-06 10:12:16,2023-03-06 10:22:58,0,100,641,1,2023-03-06 10:22:59,R_1C3WWqwT8bYzdj8,anonymous,FR,1,1,NA,37,4,213,4,4,5,1,1,1,4,4,2,2,3,1,1,1,la médecine,NA,4,6,1,4,5,5,3,4,4,4,4,3,3,3,4,3,3,3,3,4,4,4,4,4,3,4,4,4,5,4,4,4,4,3,3,4,3,3,3,3,3,2,2,3,1,8,8,7,7,4,2,4,2,4,3,3,4,4,1,3,3,3,3,3,3,4,3,3,3,3,3,4,4,4,4,4,4,4,4,4,4,4,4,54200,5,5,2,2,4,4,4,4,4,4,3,3,3,3,3,3,3,3,3,3,3,3,2,6,7,2,4,5,NA,NA,NA,NA,NA,NA,NA,NA,NA,NA,NA,NA,NA,NA,NA,NA,NA,NA,NA,NA,NA,NA,NA,NA,NA,NA,NA,237718972427471,213,1,1472,4,4,4,4,3.2,3,4,4,4,"Higher education (e.g., university degree or higher education diploma)",Man,37,(2),Urban,54200,10.900436187427738,"March 06, 2023"
2023-03-06 09:47:09,2023-03-06 10:23:29,0,100,2179,1,2023-03-06 10:23:30,R_3oQKfXte169x4CF,anonymous,FR,1,0,NA,40,4,213,1,2,1,1,2,2,2,1,1,1,3,2,1,1,NA,Son degrés d'Ethique et le fait de pouvoir prouver sa découverte,4,6,1,3,5,2,3,2,3,1,5,3,3,4,3,4,4,4,2,4,3,2,3,5,3,3,3,3,3,3,2,4,3,4,3,4,3,2,2,4,3,3,2,2,1,6,5,7,3,3,5,4,2,3,3,3,3,3,1,2,1,2,1,2,2,3,2,2,3,3,4,5,4,4,4,4,4,5,5,5,5,5,5,68000,99,99,2,1,3,3,3,4,3,3,3,3,3,3,3,3,3,3,3,3,3,3,2,3,5,3,2,4,NA,NA,NA,NA,NA,NA,NA,NA,NA,NA,NA,NA,NA,NA,NA,NA,NA,NA,NA,NA,NA,NA,NA,NA,NA,NA,NA,237718974281947,213,1,1473,2.6666666666666665,4,3,2.6666666666666665,3.4,4,3.0833333333333335,3.3333333333333335,4,"Higher education (e.g., university degree or higher education diploma)",Woman,40,(2),Rural,68000,11.127262984158243,"March 06, 2023"
2023-03-06 10:12:50,2023-03-06 10:24:12,0,100,682,1,2023-03-06 10:24:13,R_1Ol8qidCMrxgJ8l,anonymous,FR,1,1,NA,66,2,213,4,5,5,5,5,5,5,5,5,5,6,5,3,2,NA,je ne sais pas,2,4,1,5,4,4,4,3,2,1,3,1,2,1,4,4,1,5,5,4,4,2,4,4,3,3,2,4,1,1,1,5,2,3,3,3,5,5,5,5,4,3,2,5,1,5,5,5,5,2,5,1,2,3,1,3,1,5,1,1,2,5,2,1,1,1,1,3,3,3,4,4,5,1,2,4,5,5,5,4,2,3,4,3000,4,3,1,1,2,2,2,2,2,2,3,3,2,1,2,3,3,3,3,2,3,3,1,7,7,6,1,5,NA,NA,NA,NA,NA,NA,NA,NA,NA,NA,NA,NA,NA,NA,NA,NA,NA,NA,NA,NA,NA,NA,NA,NA,NA,NA,NA,237718971316420,213,1,1475,2,4,2.6666666666666665,2.3333333333333335,1.8,3,2.75,3,2,Primary education,Man,66,Not religious at all (1),Rural,3000,8.006367567650246,"March 06, 2023"
2023-03-06 10:14:14,2023-03-06 10:24:30,0,100,616,1,2023-03-06 10:24:30,R_29mHmd84QBV3b85,anonymous,FR,1,1,NA,35,3,213,5,6,6,5,5,1,6,6,1,5,5,5,5,1,NA,La véracité de ses sources et de ses propos,5,4,1,5,5,5,4,3,4,2,3,4,4,4,3,4,4,5,4,4,4,4,2,5,4,4,2,5,4,4,3,4,4,4,4,4,3,3,2,2,3,2,2,3,1,10,1,10,1,4,5,5,1,4,4,4,4,5,1,2,1,4,2,2,2,4,3,3,3,3,2,5,5,5,5,5,5,5,5,5,5,5,5,35000,99,99,4,2,4,4,4,4,4,4,4,4,4,3,4,4,4,4,4,4,4,4,1,2,5,6,5,6,NA,NA,NA,NA,NA,NA,NA,NA,NA,NA,NA,NA,NA,NA,NA,NA,NA,NA,NA,NA,NA,NA,NA,NA,NA,NA,NA,237718975442959,213,1,1476,4,4.666666666666667,4,2.3333333333333335,3.8,5,3.75,4.333333333333333,3,"Secondary education (e.g., high school)",Man,35,(4),Urban,35000,10.46310334047155,"March 06, 2023"
2023-03-06 10:10:05,2023-03-06 10:24:52,0,100,887,1,2023-03-06 10:24:53,R_3pa0FzVliomfGSQ,anonymous,FR,1,1,NA,58,3,213,1,2,1,1,1,1,1,1,1,1,2,1,1,1,je ne sais pas !,NA,1,4,1,3,1,3,1,3,1,1,3,3,3,3,3,3,3,3,3,3,3,2,3,3,3,3,1,3,2,1,1,3,1,1,1,1,3,1,5,3,3,3,3,3,1,5,5,5,5,1,3,1,1,1,1,1,1,1,5,3,5,3,3,3,1,5,1,1,1,2,1,1,1,1,1,1,1,1,1,1,1,1,1,11000,3,3,1,2,1,1,1,1,1,1,3,3,3,1,3,3,2,3,3,1,3,3,7,1,9,4,4,1,NA,NA,NA,NA,NA,NA,NA,NA,NA,NA,NA,NA,NA,NA,NA,NA,NA,NA,NA,NA,NA,NA,NA,NA,NA,NA,NA,237718975270958,213,1,1477,2,3,2.6666666666666665,1.6666666666666667,3,3,2.3333333333333335,2.5,3,"Secondary education (e.g., high school)",Man,58,Not religious at all (1),Urban,11000,9.305650551780507,"March 06, 2023"
2023-03-06 09:06:25,2023-03-06 10:28:02,0,100,4897,1,2023-03-06 10:28:03,R_3JLdFPHVbijY605,anonymous,FR,1,0,NA,61,3,213,2,5,2,1,2,2,1,1,1,4,6,5,1,1,"La population en général, avec l'avancée et la ""vulgarisation"" des connaissances",NA,4,4,6,4,5,5,3,3,4,2,4,5,5,4,4,5,5,5,4,4,4,3,2,4,5,4,3,5,4,3,3,4,3,3,4,4,5,1,2,3,4,4,4,2,1,10,2,9,1,5,5,5,1,5,4,4,4,5,1,2,2,4,1,1,1,4,1,4,4,4,1,5,5,5,5,5,5,5,5,5,5,5,5,24000,3,99,4,1,5,5,4,4,2,3,3,4,4,4,2,2,4,4,4,5,4,3,1,1,7,6,5,5,NA,NA,NA,NA,NA,NA,NA,NA,NA,NA,NA,NA,NA,NA,NA,NA,NA,NA,NA,NA,NA,NA,NA,NA,NA,NA,NA,237718974173356,213,1,1481,3.3333333333333335,4.333333333333333,4.333333333333333,2.6666666666666665,4.6,5,3.6666666666666665,3.8333333333333335,3,"Secondary education (e.g., high school)",Woman,61,(4),Rural,24000,10.085809109330082,"March 06, 2023"
2023-03-06 10:06:47,2023-03-06 10:28:39,0,100,1312,1,2023-03-06 10:28:40,R_3vEn0YUxo1NeFAB,anonymous,FR,1,1,NA,67,4,213,3,3,1,1,2,1,2,1,1,2,5,1,1,1,NA,"Sa régularité,sa notoriété,",3,6,1,5,5,5,5,4,3,3,4,4,4,4,5,4,1,5,5,4,4,5,3,5,5,5,4,4,5,5,5,4,5,5,5,5,5,3,1,4,4,4,3,3,1,7,7,9,1,4,4,4,4,3,3,4,3,3,1,3,3,4,4,4,3,3,2,3,3,3,2,4,4,4,4,4,4,4,4,4,4,4,4,38000,99,99,3,1,4,4,4,3,4,4,4,4,4,3,4,4,4,4,4,3,4,4,4,4,5,4,4,7,NA,NA,NA,NA,NA,NA,NA,NA,NA,NA,NA,NA,NA,NA,NA,NA,NA,NA,NA,NA,NA,NA,NA,NA,NA,NA,NA,237718975280322,213,1,1485,5,4.333333333333333,4.666666666666667,4,3.6,5,4.5,4.666666666666667,4,"Higher education (e.g., university degree or higher education diploma)",Man,67,(3),Rural,38000,10.545341438708522,"March 06, 2023"
2023-03-06 10:11:03,2023-03-06 10:31:20,0,100,1216,1,2023-03-06 10:31:21,R_3D7rRHPHctS8nKe,anonymous,FR,1,0,NA,57,4,213,2,3,1,1,2,1,1,2,2,1,2,1,1,1,"tout le monde peut bénéficier de la science mais les gens ne s'en rende pas compte. dans tous les domaines il y a des évolutions grâce à la science. au niveau santé, technologie, climat, alimentation, etc....",NA,4,4,1,4,5,5,2,3,4,2,4,4,3,3,4,4,4,4,3,4,3,3,3,4,2,3,2,3,3,2,2,3,2,3,2,2,4,2,3,3,3,4,3,2,1,7,5,7,2,3,2,3,2,3,3,4,2,3,2,2,2,3,3,2,3,3,2,3,3,3,1,4,4,4,4,4,4,4,4,4,4,4,4,38000,3,3,4,2,3,4,4,4,3,3,3,4,4,2,2,3,3,4,4,2,2,2,1,2,3,4,4,6,NA,NA,NA,NA,NA,NA,NA,NA,NA,NA,NA,NA,NA,NA,NA,NA,NA,NA,NA,NA,NA,NA,NA,NA,NA,NA,NA,237718971610343,213,1,1486,2.6666666666666665,3.6666666666666665,2.6666666666666665,2.3333333333333335,3.6,4,2.8333333333333335,3.1666666666666665,4,"Higher education (e.g., university degree or higher education diploma)",Woman,57,(4),Urban,38000,10.545341438708522,"March 06, 2023"
2023-03-06 09:40:12,2023-03-06 10:35:32,0,100,3319,1,2023-03-06 10:35:33,R_06eCLpFyAXSkQKJ,anonymous,FR,1,0,NA,39,4,213,1,4,5,2,3,3,5,2,2,3,4,4,1,1,les malades actuels profitent des progrès de la sience les générations futures en profiteront aussi,NA,4,6,1,5,5,1,1,3,2,1,4,5,3,5,4,5,2,5,4,4,4,4,4,5,4,4,4,4,4,4,4,4,3,4,4,4,2,1,3,2,1,3,2,2,1,6,7,7,8,4,5,5,1,5,3,5,5,5,1,2,2,4,2,1,2,3,2,3,3,3,1,3,5,5,5,3,5,5,5,5,5,5,5,5000,2,3,1,2,5,5,5,4,4,5,5,5,5,4,2,4,5,5,5,4,4,4,1,1,5,7,5,7,NA,NA,NA,NA,NA,NA,NA,NA,NA,NA,NA,NA,NA,NA,NA,NA,NA,NA,NA,NA,NA,NA,NA,NA,NA,NA,NA,237718975398132,213,1,1488,4,4.333333333333333,4,4,3.8,4,4.083333333333333,4.166666666666667,4,"Higher education (e.g., university degree or higher education diploma)",Woman,39,Not religious at all (1),Urban,5000,8.517193191416238,"March 06, 2023"
2023-03-06 10:22:40,2023-03-06 10:35:48,0,100,788,1,2023-03-06 10:35:49,R_2qkNeNiVLl3WK7Z,anonymous,FR,1,1,NA,61,3,213,3,3,3,3,3,3,1,1,3,3,2,1,1,1,notre génération et la futur,NA,3,6,1,3,3,3,3,4,4,3,4,1,1,1,5,4,5,3,3,4,3,3,3,4,3,4,3,4,3,3,4,3,3,3,2,3,2,1,3,3,2,3,3,2,1,5,5,1,1,3,4,3,3,4,3,3,3,3,3,1,1,1,1,1,1,5,4,3,3,3,1,3,3,3,3,3,3,3,3,3,3,3,3,2300,99,99,1,1,3,3,3,3,3,3,3,3,3,3,3,3,3,3,3,3,3,3,4,7,9,4,4,5,NA,NA,NA,NA,NA,NA,NA,NA,NA,NA,NA,NA,NA,NA,NA,NA,NA,NA,NA,NA,NA,NA,NA,NA,NA,NA,NA,237718971766910,213,1,1489,3.3333333333333335,4,3,3.3333333333333335,2.6,3,3.4166666666666665,3.6666666666666665,3,"Secondary education (e.g., high school)",Man,61,Not religious at all (1),Rural,2300,7.7406644019172415,"March 06, 2023"
2023-03-06 10:22:44,2023-03-06 10:40:59,0,100,1095,1,2023-03-06 10:41:00,R_325z6wnzRVRrmNn,anonymous,FR,1,0,NA,60,4,213,3,3,1,1,2,1,1,2,3,2,3,2,1,1,NA,s il a prouve ses decouvertes,4,4,1,4,5,3,3,4,4,2,3,2,2,2,3,2,4,4,2,4,4,3,3,4,4,4,4,4,4,3,4,4,4,4,2,3,2,3,2,1,1,1,2,2,1,4,5,7,1,4,4,2,2,4,2,3,3,3,1,3,3,2,3,3,4,3,4,2,3,3,4,3,5,3,2,2,4,2,4,2,2,2,4,35000,3,3,2,1,5,5,5,5,5,5,4,4,4,3,4,3,4,4,4,4,4,4,1,1,1,3,3,6,NA,NA,NA,NA,NA,NA,NA,NA,NA,NA,NA,NA,NA,NA,NA,NA,NA,NA,NA,NA,NA,NA,NA,NA,NA,NA,NA,237718975270955,213,1,1493,3.3333333333333335,4,4,3.6666666666666665,2.6,3,3.75,3.6666666666666665,4,"Higher education (e.g., university degree or higher education diploma)",Woman,60,(2),Rural,35000,10.46310334047155,"March 06, 2023"
2023-03-06 10:01:47,2023-03-06 10:41:03,0,100,2356,1,2023-03-06 10:41:04,R_xy29jkM9fclpKqR,anonymous,FR,1,1,NA,63,3,213,2,1,6,6,1,2,6,2,2,2,3,3,3,1,"tout le monde, pour l'évolution pour le meilleurs et le pire.",NA,4,6,1,4,4,4,3,4,3,3,5,4,4,4,4,5,1,4,3,3,4,2,2,3,3,4,4,4,3,2,2,4,4,4,4,4,4,4,3,3,2,4,3,3,1,8,8,8,5,1,3,1,3,3,1,1,1,3,4,3,2,3,1,2,1,1,1,3,3,3,1,4,4,4,4,4,4,4,4,4,4,4,4,1100,1,1,1,1,4,4,4,4,4,4,3,3,3,3,3,3,4,4,4,4,4,4,1,7,8,1,7,5,NA,NA,NA,NA,NA,NA,NA,NA,NA,NA,NA,NA,NA,NA,NA,NA,NA,NA,NA,NA,NA,NA,NA,NA,NA,NA,NA,237718972074120,213,1,1494,2.6666666666666665,3.3333333333333335,3.3333333333333335,2.6666666666666665,3.4,4,3,3,3,"Secondary education (e.g., high school)",Man,63,Not religious at all (1),Rural,1100,7.003065458786462,"March 06, 2023"
2023-03-06 10:20:25,2023-03-06 10:41:22,0,100,1257,1,2023-03-06 10:41:23,R_1ItUcx3PGTiXKNc,anonymous,FR,1,0,NA,65,4,213,1,4,5,1,4,1,5,1,1,1,3,1,1,1,NA,"La prudence en ce qui concerne son travail, ne pas affirmer ou publier tout et n'importe quoi quitte à se rétracter après.",4,4,1,5,4,5,3,4,3,2,4,4,3,4,3,3,3,4,3,4,4,4,2,4,3,4,2,4,3,4,3,4,4,2,1,4,4,2,2,2,3,3,3,4,1,10,6,6,6,3,3,2,3,2,2,2,3,3,3,3,3,2,4,4,3,2,2,3,2,3,2,4,4,4,4,4,4,4,4,4,4,4,4,40000,2,5,4,2,3,3,3,3,3,3,3,3,3,3,3,3,3,3,3,3,3,3,1,1,5,5,4,6,NA,NA,NA,NA,NA,NA,NA,NA,NA,NA,NA,NA,NA,NA,NA,NA,NA,NA,NA,NA,NA,NA,NA,NA,NA,NA,NA,237718971629819,213,1,1495,4,4,3.3333333333333335,2.3333333333333335,3.4,3,3.4166666666666665,4,4,"Higher education (e.g., university degree or higher education diploma)",Woman,65,(4),Urban,40000,10.596634733096073,"March 06, 2023"
2023-03-06 10:27:19,2023-03-06 10:42:02,0,100,883,1,2023-03-06 10:42:03,R_3ENn4hPWs0RrZEv,anonymous,FR,1,0,NA,33,4,213,1,3,1,1,3,2,2,1,3,3,4,1,1,1,NA,Qu il fasse des recherches concretes qui avancent sur un projet. Ne pas utiliser l'argent fait pour les recherches a d autres choses,3,2,1,5,4,4,2,4,3,1,3,1,1,2,1,4,5,2,1,2,2,2,1,3,2,3,1,2,3,2,1,3,1,5,2,5,5,3,3,4,2,4,3,2,1,6,8,10,1,2,5,2,1,1,1,2,1,2,3,1,1,4,3,1,1,2,2,3,2,3,1,5,5,5,5,5,5,5,5,5,5,5,5,21000,99,99,1,2,2,2,3,4,1,2,3,3,3,3,3,3,1,1,1,2,1,1,1,5,2,4,3,7,NA,NA,NA,NA,NA,NA,NA,NA,NA,NA,NA,NA,NA,NA,NA,NA,NA,NA,NA,NA,NA,NA,NA,NA,NA,NA,NA,237718975296606,213,1,1496,2.3333333333333335,2.3333333333333335,2.3333333333333335,1,2,2,2,2.3333333333333335,4,"Higher education (e.g., university degree or higher education diploma)",Woman,33,Not religious at all (1),Urban,21000,9.95227771670556,"March 06, 2023"
2023-03-06 10:06:49,2023-03-06 10:43:04,0,100,2174,1,2023-03-06 10:43:05,R_3n7TdSm8vRzwAMu,anonymous,FR,1,1,NA,18,3,213,5,5,4,1,5,4,6,1,1,4,4,4,1,1,Je pense que tout le monde bénéficie de la science à des échelles différentes. Mais à mon avis les scientifiques en bénéficient le plus.,NA,4,2,1,5,5,5,5,5,5,5,5,2,2,5,2,5,5,2,2,4,2,3,2,4,3,4,2,4,3,3,3,2,2,5,5,5,5,3,3,5,5,5,5,5,1,10,4,8,1,2,3,3,3,3,3,3,1,3,4,3,4,1,4,4,2,5,1,3,3,3,1,3,4,2,5,3,4,3,5,3,5,3,5,0,5,5,2,1,3,3,3,3,3,3,3,3,3,3,3,3,4,4,4,4,4,4,2,7,9,6,5,6,NA,NA,NA,NA,NA,NA,NA,NA,NA,NA,NA,NA,NA,NA,NA,NA,NA,NA,NA,NA,NA,NA,NA,NA,NA,NA,NA,237718975616190,213,1,1497,3.3333333333333335,4,2.6666666666666665,2.3333333333333335,3.2,2,3.0833333333333335,3.6666666666666665,3,"Secondary education (e.g., high school)",Man,18,(2),Rural,0,-Inf,"March 06, 2023"
2023-03-06 10:33:05,2023-03-06 10:44:18,0,100,672,1,2023-03-06 10:44:19,R_sbVtSHO2sv9fRLj,anonymous,FR,1,1,NA,19,4,213,3,5,7,7,5,2,7,6,3,7,7,6,2,1,Le monde entier car la science est l’essence même de l’avancée et de l’humanité. Sans la science rien ne serait comprit et donc rien ne serait possible,NA,5,4,1,5,5,3,4,4,4,1,3,5,2,1,1,5,5,5,5,3,4,3,2,4,4,2,4,4,4,2,2,5,5,5,2,5,5,1,1,5,1,2,1,1,1,8,3,5,1,5,4,4,3,3,3,1,1,5,1,1,1,5,1,1,1,5,3,3,1,1,1,3,4,1,5,1,4,5,5,5,5,5,5,12000,4,4,1,2,5,5,5,5,1,1,5,5,5,5,3,1,5,5,5,5,1,1,1,1,1,1,1,6,NA,NA,NA,NA,NA,NA,NA,NA,NA,NA,NA,NA,NA,NA,NA,NA,NA,NA,NA,NA,NA,NA,NA,NA,NA,NA,NA,237718975614094,213,1,1499,2.3333333333333335,3.6666666666666665,4,2.6666666666666665,2.8,3,3.1666666666666665,3,4,"Higher education (e.g., university degree or higher education diploma)",Man,19,Not religious at all (1),Urban,12000,9.392661928770137,"March 06, 2023"
2023-03-06 10:35:32,2023-03-06 10:47:08,0,100,696,1,2023-03-06 10:47:09,R_1oHjJCTKKZ0Rs6n,anonymous,FR,1,1,NA,36,4,213,4,1,5,5,4,5,5,2,3,3,6,7,2,1,NA,ses publications dans des revues scientifiques verifiées,5,4,1,5,5,5,3,5,5,3,5,5,5,5,5,5,3,5,5,4,4,4,4,4,4,4,3,4,4,4,3,5,5,5,5,5,1,2,2,1,1,1,2,1,1,10,1,10,1,5,4,3,1,3,1,3,4,4,3,1,1,5,1,1,1,5,3,3,3,3,3,5,5,5,5,5,5,5,5,5,5,5,5,38000,2,3,1,2,4,4,4,4,3,4,3,4,5,4,4,3,4,4,4,4,4,4,1,1,2,3,3,6,NA,NA,NA,NA,NA,NA,NA,NA,NA,NA,NA,NA,NA,NA,NA,NA,NA,NA,NA,NA,NA,NA,NA,NA,NA,NA,NA,237457967683721,213,1,1502,4,4,4,3.3333333333333335,4.6,5,3.8333333333333335,4,4,"Higher education (e.g., university degree or higher education diploma)",Man,36,Not religious at all (1),Urban,38000,10.545341438708522,"March 06, 2023"
2023-03-06 10:01:30,2023-03-06 10:47:25,0,100,2754,1,2023-03-06 10:47:26,R_1Ej9qh30XByNGJT,anonymous,FR,1,1,NA,45,4,213,4,5,3,1,3,1,1,1,3,3,3,1,1,1,NA,"Son niveau d’expérience et le nombre d’année d’études qu’il a fait. Évidemment la façon dont il parle , sa passion.",2,6,1,4,5,3,1,2,4,3,2,4,3,3,3,3,3,2,3,4,3,3,2,4,3,3,4,4,4,3,3,4,3,4,3,3,3,2,4,4,4,3,3,3,1,6,6,7,2,3,3,3,3,4,2,3,2,3,1,2,3,3,2,3,3,2,3,3,3,2,3,3,3,4,3,3,4,5,4,4,4,4,4,40000,99,2,1,2,2,4,3,4,3,3,2,3,3,3,4,2,3,3,4,3,3,3,2,4,2,3,4,5,NA,NA,NA,NA,NA,NA,NA,NA,NA,NA,NA,NA,NA,NA,NA,NA,NA,NA,NA,NA,NA,NA,NA,NA,NA,NA,NA,237718975281362,213,1,1504,3,4,3.3333333333333335,3,3.2,3,3.3333333333333335,3.5,4,"Higher education (e.g., university degree or higher education diploma)",Man,45,Not religious at all (1),Urban,40000,10.596634733096073,"March 06, 2023"
2023-03-06 10:23:36,2023-03-06 10:47:46,0,100,1450,1,2023-03-06 10:47:47,R_Aai7pxSXz7d8qBP,anonymous,FR,1,0,NA,67,3,213,3,3,1,1,3,1,1,1,1,1,3,1,1,1,NA,ras,4,4,1,4,3,4,3,3,3,3,4,3,3,3,3,3,3,4,4,3,3,2,3,4,3,4,4,4,4,4,3,5,4,3,1,3,3,3,2,3,3,3,3,3,1,6,6,6,6,3,3,1,3,1,1,1,1,3,3,3,3,3,3,4,2,5,3,3,3,3,1,3,3,3,3,3,3,3,3,3,3,3,3,25000,99,99,1,1,3,3,3,3,3,3,3,3,3,3,3,3,3,3,3,3,3,3,5,4,9,2,2,4,NA,NA,NA,NA,NA,NA,NA,NA,NA,NA,NA,NA,NA,NA,NA,NA,NA,NA,NA,NA,NA,NA,NA,NA,NA,NA,NA,237718975313052,213,1,1505,3.3333333333333335,3.6666666666666665,3.3333333333333335,3.3333333333333335,3,4,3.4166666666666665,3.5,3,"Secondary education (e.g., high school)",Woman,67,Not religious at all (1),Rural,25000,10.126631103850338,"March 06, 2023"
2023-03-06 10:29:12,2023-03-06 10:50:29,0,100,1277,1,2023-03-06 10:50:30,R_2TS1xbTPKZCeLfi,anonymous,FR,1,1,NA,45,3,213,6,6,6,3,5,3,3,2,2,4,5,1,1,1,"les fruits du travail scientifique bénéficient à toute l'humanité : développer les connaissances de l'Homme lui permettent de mieux comprendre son univers, de trouver des solutions à des problèmes.",NA,4,6,5,5,5,3,2,5,4,3,3,3,3,4,3,5,4,4,3,3,4,4,4,4,3,4,3,4,3,3,3,5,4,4,4,4,4,4,3,2,3,2,2,2,1,6,5,6,4,4,3,4,2,4,3,3,2,4,1,2,3,2,3,3,4,3,2,3,3,3,1,3,5,3,5,3,5,3,5,4,5,3,5,38000,3,3,4,2,5,5,5,4,3,3,4,5,5,4,3,2,4,4,5,3,3,2,1,1,2,3,3,7,NA,NA,NA,NA,NA,NA,NA,NA,NA,NA,NA,NA,NA,NA,NA,NA,NA,NA,NA,NA,NA,NA,NA,NA,NA,NA,NA,237718971338983,213,1,1507,3.6666666666666665,3.6666666666666665,3.3333333333333335,3.3333333333333335,3.4,5,3.5,3.6666666666666665,3,"Secondary education (e.g., high school)",Man,45,(4),Urban,38000,10.545341438708522,"March 06, 2023"
2023-03-05 10:18:17,2023-03-06 10:51:11,0,100,88373,1,2023-03-06 10:51:12,R_3HNUq5SLCTLrJmk,anonymous,FR,1,0,NA,65,3,213,3,3,1,1,3,1,1,1,1,1,3,1,1,1,NA,"Il/elle est digne de confiance quand il/elle apporte la preuve de ce qu'il/elle avance, comme la fonte des glaciers, de la banquise, la disparition d'espèces animales...",3,1,6,5,5,5,3,5,4,2,3,4,5,3,3,5,5,5,4,4,4,4,3,4,4,4,3,4,4,3,3,4,3,4,1,3,5,3,2,4,3,1,2,3,1,10,5,10,1,5,3,4,1,5,3,1,4,5,1,3,2,4,2,3,1,5,1,3,3,3,1,5,5,3,5,5,5,5,5,5,5,5,5,16200,3,3,1,1,4,4,4,5,3,3,4,4,4,4,3,3,4,4,4,5,3,3,1,4,5,1,7,3,NA,NA,NA,NA,NA,NA,NA,NA,NA,NA,NA,NA,NA,NA,NA,NA,NA,NA,NA,NA,NA,NA,NA,NA,NA,NA,NA,237457967315115,213,1,1510,3.6666666666666665,4,4,3,4,5,3.6666666666666665,3.8333333333333335,3,"Secondary education (e.g., high school)",Woman,65,Not religious at all (1),Rural,16200,9.692766521220475,"March 05, 2023"
2023-03-06 10:12:29,2023-03-06 10:53:10,0,100,2440,1,2023-03-06 10:53:10,R_2ccMttlIrQ5CRES,anonymous,FR,1,0,NA,68,4,213,3,5,6,3,2,2,2,5,1,5,5,4,4,1,"Les personnes qui ont un niveau minimum de compréhension , un intérêt et/ou une curiosité d’esprit",NA,4,6,1,5,4,5,4,4,3,2,4,4,3,1,5,5,1,4,4,4,4,4,2,4,4,4,3,4,3,3,2,5,4,4,2,3,5,4,2,1,4,4,1,2,1,9,3,8,1,4,4,3,3,4,2,1,3,3,1,3,3,2,3,3,3,2,2,3,3,3,1,5,4,5,4,5,4,5,5,5,4,5,4,35000,2,2,2,2,4,5,4,4,4,4,3,4,4,4,4,3,4,5,5,3,4,4,1,1,1,3,1,7,NA,NA,NA,NA,NA,NA,NA,NA,NA,NA,NA,NA,NA,NA,NA,NA,NA,NA,NA,NA,NA,NA,NA,NA,NA,NA,NA,237718971645969,213,1,1513,3.6666666666666665,4,3.6666666666666665,2.3333333333333335,2.8,3,3.4166666666666665,3.8333333333333335,4,"Higher education (e.g., university degree or higher education diploma)",Woman,68,(2),Urban,35000,10.46310334047155,"March 06, 2023"
2023-03-06 10:43:04,2023-03-06 10:53:35,0,100,630,1,2023-03-06 10:53:35,R_2Y3tY0vCrXt3iIH,anonymous,FR,1,1,NA,49,4,213,4,4,4,4,2,2,3,3,4,4,4,4,4,4,NA,quand il publie des résultats officiels d'expériences sur du long terme.,5,1,3,5,4,5,2,4,3,3,3,4,4,4,4,4,4,5,3,4,4,4,4,4,4,4,4,4,4,4,4,4,4,4,4,4,3,3,2,3,2,3,4,3,1,7,7,8,8,4,3,3,2,4,4,3,3,4,2,4,3,2,3,4,4,4,2,3,3,3,2,5,5,5,5,4,5,5,5,5,5,4,5,45000,2,2,2,2,4,4,4,4,4,4,4,4,4,4,4,4,4,4,4,4,4,4,1,1,6,2,4,7,NA,NA,NA,NA,NA,NA,NA,NA,NA,NA,NA,NA,NA,NA,NA,NA,NA,NA,NA,NA,NA,NA,NA,NA,NA,NA,NA,237718975279274,213,1,1514,4,4,4,4,4,5,4,4,4,"Higher education (e.g., university degree or higher education diploma)",Man,49,(2),Urban,45000,10.714417768752456,"March 06, 2023"
2023-03-06 10:24:31,2023-03-06 10:56:25,0,100,1913,1,2023-03-06 10:56:26,R_1JXcqqGq4e9RtHR,anonymous,FR,1,1,NA,26,4,213,2,3,4,4,2,1,3,2,1,3,2,2,2,2,La population sur un niveau minimum Des personnes travaillant dans le milieu scientifique Des professionnels du secteur,NA,5,4,5,5,5,4,4,5,5,4,5,3,3,1,2,5,4,4,4,4,4,4,4,5,4,4,4,5,5,5,5,5,5,5,5,5,4,3,2,2,1,4,4,4,1,6,10,4,1,2,4,1,4,4,1,1,3,5,1,2,2,3,2,2,2,4,1,1,1,3,4,5,5,5,5,5,5,5,5,4,4,5,5,18000,1,3,1,1,5,5,4,4,4,3,4,4,4,4,4,4,5,5,5,4,4,3,2,7,8,5,3,5,NA,NA,NA,NA,NA,NA,NA,NA,NA,NA,NA,NA,NA,NA,NA,NA,NA,NA,NA,NA,NA,NA,NA,NA,NA,NA,NA,237718975584369,213,1,1517,4.333333333333333,4.666666666666667,4.333333333333333,4.333333333333333,2.6,4,4.416666666666667,4.5,4,"Higher education (e.g., university degree or higher education diploma)",Man,26,Not religious at all (1),Rural,18000,9.798127036878302,"March 06, 2023"
2023-03-06 10:40:22,2023-03-06 10:56:29,0,100,966,1,2023-03-06 10:56:30,R_2aQqG6re4ZwrqJb,anonymous,FR,1,1,NA,62,4,213,1,4,4,5,2,1,5,3,1,4,5,4,5,1,NA,"la présence de garde fou, soit légaux soit déontologiques, la nécessaire preuve de ce qu'un scientifique publie...",3,6,1,4,5,2,2,4,5,2,4,3,2,1,2,5,5,4,3,4,4,3,1,4,2,5,1,5,3,3,2,4,2,5,4,5,4,2,5,5,1,1,3,2,1,10,1,8,1,5,2,4,2,4,1,1,2,3,1,1,1,5,3,1,1,1,3,2,4,4,1,4,5,2,4,3,5,4,4,4,4,4,4,75000,3,4,4,2,4,5,4,4,1,1,3,5,4,4,2,2,4,5,4,4,2,2,1,5,6,4,3,6,NA,NA,NA,NA,NA,NA,NA,NA,NA,NA,NA,NA,NA,NA,NA,NA,NA,NA,NA,NA,NA,NA,NA,NA,NA,NA,NA,237718975268876,213,1,1518,3.6666666666666665,4.333333333333333,3,1.3333333333333333,2.6,2,3.0833333333333335,4,4,"Higher education (e.g., university degree or higher education diploma)",Man,62,(4),Urban,75000,11.225243392518447,"March 06, 2023"
2023-03-06 10:28:15,2023-03-06 10:58:21,0,100,1805,1,2023-03-06 10:58:21,R_R9Wa13ORjKXIHoR,anonymous,FR,1,0,NA,43,4,213,2,5,3,1,2,1,5,1,2,4,5,3,1,1,Ceux qui s y intéressent,NA,4,6,1,4,5,3,3,4,4,2,3,4,3,3,4,3,2,4,3,4,3,4,3,4,4,4,2,4,4,4,3,2,4,4,3,4,3,3,2,2,2,2,2,2,1,7,7,4,2,4,3,2,2,2,4,4,1,3,1,2,1,4,3,3,2,3,2,3,3,3,2,4,4,4,4,3,4,4,3,3,3,3,3,5000,3,3,4,1,4,4,4,4,4,4,3,4,4,4,4,4,4,4,4,4,4,4,2,2,2,4,2,7,NA,NA,NA,NA,NA,NA,NA,NA,NA,NA,NA,NA,NA,NA,NA,NA,NA,NA,NA,NA,NA,NA,NA,NA,NA,NA,NA,237718975490259,213,1,1520,4,4,3.6666666666666665,2.6666666666666665,3.2,3,3.5833333333333335,4,4,"Higher education (e.g., university degree or higher education diploma)",Woman,43,(4),Rural,5000,8.517193191416238,"March 06, 2023"
2023-03-06 10:42:35,2023-03-06 11:00:05,0,100,1050,1,2023-03-06 11:00:05,R_1gB0lJKEdfT795V,anonymous,FR,1,1,NA,67,4,213,2,1,4,2,1,1,3,1,2,2,4,1,3,1,les entreprises pour le développement de leurs activités en utilisant les nouveaux outils mis à leurs dispositions grâce aux nouvelles découvertes.,NA,3,4,5,4,4,4,2,4,3,3,3,3,4,4,4,5,5,5,4,4,4,4,3,4,4,4,3,4,4,3,2,4,4,4,3,4,4,3,2,2,2,3,3,2,1,8,2,8,2,4,3,3,3,3,2,1,2,3,3,3,2,3,2,2,3,4,2,3,4,4,2,3,4,3,4,3,4,4,4,4,4,4,4,51200,3,3,2,1,4,4,4,4,3,2,3,4,4,3,3,2,4,4,4,3,3,3,2,1,6,2,4,7,NA,NA,NA,NA,NA,NA,NA,NA,NA,NA,NA,NA,NA,NA,NA,NA,NA,NA,NA,NA,NA,NA,NA,NA,NA,NA,NA,237718971321546,213,1,1522,3.6666666666666665,4,4,2.6666666666666665,4,4,3.5833333333333335,3.8333333333333335,4,"Higher education (e.g., university degree or higher education diploma)",Man,67,(2),Rural,51200,10.843494811027599,"March 06, 2023"
2023-03-06 10:43:08,2023-03-06 11:01:01,0,100,1073,1,2023-03-06 11:01:03,R_2YfwEVrw2jhxRoc,anonymous,FR,1,1,NA,55,3,213,3,3,2,2,3,4,3,1,2,3,5,1,2,1,Je trouve que la science peut-être très utile mais je trouve dommage que l'argent prend le dessus,NA,3,4,1,4,4,4,3,3,3,2,3,1,3,2,3,4,5,4,4,4,2,3,3,4,3,3,3,4,3,3,3,3,3,3,3,3,2,3,3,5,3,3,2,3,1,7,6,10,1,2,3,2,3,3,2,3,2,3,1,2,2,4,2,2,2,4,1,2,1,3,1,3,3,3,3,3,3,3,3,3,3,3,3,0,99,99,3,1,3,3,3,3,3,3,3,3,3,3,3,3,3,3,3,3,3,3,4,4,6,2,4,5,NA,NA,NA,NA,NA,NA,NA,NA,NA,NA,NA,NA,NA,NA,NA,NA,NA,NA,NA,NA,NA,NA,NA,NA,NA,NA,NA,237718972963848,213,1,1524,3,4,2.6666666666666665,3,2.8,3,3.1666666666666665,3.5,3,"Secondary education (e.g., high school)",Man,55,(3),Rural,0,-Inf,"March 06, 2023"
2023-03-06 10:40:13,2023-03-06 11:01:49,0,100,1296,1,2023-03-06 11:01:50,R_3NUIDjDh0vf5rt7,anonymous,FR,1,0,NA,65,4,213,4,5,2,2,2,2,1,1,2,4,5,1,1,1,NA,Son parcours,3,4,2,5,5,5,4,4,4,3,4,4,3,5,4,5,3,4,3,4,4,4,4,4,4,4,4,4,4,4,2,4,4,4,4,4,4,2,2,2,2,4,3,3,1,10,2,10,1,4,3,2,2,3,1,1,1,4,1,3,3,2,4,3,4,2,2,3,3,3,2,5,5,5,4,5,5,5,5,5,4,5,5,24000,2,1,1,2,4,5,4,4,3,4,4,5,4,2,2,4,4,5,5,3,3,4,1,2,2,2,5,6,NA,NA,NA,NA,NA,NA,NA,NA,NA,NA,NA,NA,NA,NA,NA,NA,NA,NA,NA,NA,NA,NA,NA,NA,NA,NA,NA,237718975273046,213,1,1526,4,4,4,3.3333333333333335,3.8,4,3.8333333333333335,4,4,"Higher education (e.g., university degree or higher education diploma)",Woman,65,Not religious at all (1),Urban,24000,10.085809109330082,"March 06, 2023"
2023-03-06 10:57:26,2023-03-06 11:03:34,0,100,368,1,2023-03-06 11:03:35,R_1dB18FvLopytoRr,anonymous,FR,1,1,NA,25,4,213,5,5,6,4,5,7,5,7,5,6,5,4,5,3,NA,Son étique et ses découvertes,4,4,4,5,4,4,5,4,4,3,4,4,5,4,3,3,4,4,3,4,3,4,4,4,3,4,3,4,3,4,4,4,4,5,4,4,4,4,4,5,3,4,4,4,1,8,9,9,9,4,4,5,3,4,3,4,4,4,4,4,4,3,5,4,4,4,2,3,1,3,2,4,3,4,4,4,4,4,3,4,3,4,2,30000,5,4,4,1,4,4,5,4,3,4,4,3,3,4,5,4,4,4,4,4,4,3,6,5,8,5,7,8,NA,NA,NA,NA,NA,NA,NA,NA,NA,NA,NA,NA,NA,NA,NA,NA,NA,NA,NA,NA,NA,NA,NA,NA,NA,NA,NA,237718974446740,213,1,1528,4,4,3,3.6666666666666665,4,4,3.6666666666666665,4,4,"Higher education (e.g., university degree or higher education diploma)",Man,25,(4),Rural,30000,10.308952660644293,"March 06, 2023"
2023-03-06 10:52:31,2023-03-06 11:05:48,0,100,797,1,2023-03-06 11:05:49,R_2ZQ44nGQQb11cmw,anonymous,FR,1,1,NA,47,4,213,1,1,1,1,1,1,2,1,1,4,5,2,1,1,"les personnes malades pour connaîte leur maladie, le diagnostique, l'évolution",NA,4,4,1,5,4,4,3,5,5,1,2,4,4,4,4,3,4,5,4,4,4,4,4,5,4,4,4,5,4,4,3,5,5,4,2,4,4,2,2,2,3,3,2,3,1,6,8,6,3,5,5,4,3,4,3,4,2,4,1,4,4,2,4,4,4,4,2,3,3,3,3,4,4,4,4,4,4,5,5,5,5,5,5,2500,4,4,4,2,5,5,5,5,5,5,4,4,4,4,3,3,4,4,4,4,3,3,1,6,3,1,2,8,NA,NA,NA,NA,NA,NA,NA,NA,NA,NA,NA,NA,NA,NA,NA,NA,NA,NA,NA,NA,NA,NA,NA,NA,NA,NA,NA,237718971387959,213,1,1530,4,4.666666666666667,4,3.6666666666666665,4,4,4.083333333333333,4.333333333333333,4,"Higher education (e.g., university degree or higher education diploma)",Man,47,(4),Urban,2500,7.824046010856292,"March 06, 2023"
2023-03-06 11:02:03,2023-03-06 11:08:08,0,100,365,1,2023-03-06 11:08:09,R_1hF0AbEKHOTrdHH,anonymous,FR,1,1,NA,25,4,213,1,2,2,2,3,4,2,1,2,3,3,1,1,1,NA,Résultats d'essais,2,4,1,2,3,4,3,3,3,4,2,4,3,4,4,4,4,3,2,4,2,2,3,3,2,3,2,3,4,3,1,4,3,2,4,4,3,3,2,2,4,4,3,2,1,7,6,7,7,3,2,3,3,1,2,2,2,2,2,3,4,3,3,4,3,4,2,3,3,3,3,2,5,5,3,3,3,4,4,4,3,4,3,2000,99,2,1,1,4,4,3,3,4,4,3,4,4,4,4,3,3,3,4,4,4,4,5,5,6,5,5,4,NA,NA,NA,NA,NA,NA,NA,NA,NA,NA,NA,NA,NA,NA,NA,NA,NA,NA,NA,NA,NA,NA,NA,NA,NA,NA,NA,237457967701000,213,1,1531,2.6666666666666665,3.3333333333333335,2.6666666666666665,2,3.8,3,2.6666666666666665,3,4,"Higher education (e.g., university degree or higher education diploma)",Man,25,Not religious at all (1),Rural,2000,7.600902459542082,"March 06, 2023"
2023-03-06 10:55:16,2023-03-06 11:10:37,0,100,921,1,2023-03-06 11:10:38,R_27TjXA2WbGFWxeQ,anonymous,FR,1,1,NA,26,4,213,3,3,3,2,2,3,3,3,1,3,6,1,1,1,NA,NA,3,2,1,4,5,4,4,3,3,3,3,3,3,3,3,3,3,4,4,4,4,3,3,4,4,4,3,5,4,4,3,4,4,3,3,3,3,1,3,4,4,4,3,4,1,8,7,10,1,3,4,3,1,4,2,2,3,5,2,2,3,3,3,3,1,1,1,1,1,1,1,3,5,3,5,3,5,5,5,5,5,5,5,16500,3,3,4,1,4,4,4,4,4,4,3,3,4,3,3,3,4,4,4,4,4,4,2,3,6,7,5,5,NA,NA,NA,NA,NA,NA,NA,NA,NA,NA,NA,NA,NA,NA,NA,NA,NA,NA,NA,NA,NA,NA,NA,NA,NA,NA,NA,237718972235798,213,1,1533,3.6666666666666665,4.333333333333333,4,3,3,4,3.75,4,4,"Higher education (e.g., university degree or higher education diploma)",Man,26,(4),Rural,16500,9.711115659888671,"March 06, 2023"
2023-03-06 10:57:39,2023-03-06 11:13:02,0,100,922,1,2023-03-06 11:13:03,R_A0sKkU5suNDeNqh,anonymous,FR,1,0,NA,60,4,213,4,3,2,1,2,1,2,1,1,2,3,2,1,1,Les professeurs et professionnels afin de communiquer/développement de la recherche,NA,3,4,5,4,4,3,3,4,3,3,3,4,4,4,4,4,3,3,3,4,4,4,4,4,4,4,4,4,4,4,4,3,4,3,3,3,3,3,3,2,3,3,3,3,1,5,5,5,6,4,2,1,4,2,2,1,2,3,2,3,3,3,3,3,3,3,2,3,3,3,3,4,4,4,3,3,4,4,4,4,4,5,4,10800,4,4,4,2,3,3,3,3,3,3,3,4,4,4,3,3,4,4,4,4,4,4,5,4,6,5,5,7,NA,NA,NA,NA,NA,NA,NA,NA,NA,NA,NA,NA,NA,NA,NA,NA,NA,NA,NA,NA,NA,NA,NA,NA,NA,NA,NA,237718975280331,213,1,1536,4,4,4,4,3.8,3,4,4,4,"Higher education (e.g., university degree or higher education diploma)",Woman,60,(4),Urban,10800,9.287301413112312,"March 06, 2023"
2023-03-06 10:55:02,2023-03-06 11:14:39,0,100,1177,1,2023-03-06 11:14:40,R_3lPHkIDeO4l8Ovr,anonymous,FR,1,0,NA,53,4,213,1,4,3,1,3,3,1,3,1,3,4,1,1,1,"nous bénéficions de la science chaque jour suite aux avancées, recherches et découvertes. nous progressons dans beaucoup de domaines.",NA,4,2,1,5,5,1,1,3,2,3,3,2,1,4,4,5,5,4,4,3,3,4,3,4,4,5,3,5,4,3,3,3,3,3,5,3,4,2,3,4,2,3,3,3,1,8,5,5,1,4,5,4,3,1,1,1,3,4,3,4,4,1,2,2,3,3,3,3,3,3,2,5,5,5,5,5,5,5,5,5,5,5,5,30000,99,99,1,2,3,5,3,2,4,2,3,5,3,1,3,3,4,4,4,3,4,3,7,1,9,1,4,5,NA,NA,NA,NA,NA,NA,NA,NA,NA,NA,NA,NA,NA,NA,NA,NA,NA,NA,NA,NA,NA,NA,NA,NA,NA,NA,NA,237718972713172,213,1,1540,4,4,3.6666666666666665,3,3.2,4,3.6666666666666665,4,4,"Higher education (e.g., university degree or higher education diploma)",Woman,53,Not religious at all (1),Urban,30000,10.308952660644293,"March 06, 2023"
2023-03-06 10:32:02,2023-03-06 11:15:31,0,100,2608,1,2023-03-06 11:15:32,R_24vYPlFXVw5MU99,anonymous,FR,1,1,NA,46,3,213,1,4,2,1,3,1,1,1,2,2,2,1,2,1,tout le monde bénéficie des sciences,NA,4,4,1,5,4,4,4,4,3,2,3,4,2,4,2,4,3,4,3,4,4,5,4,4,4,4,4,4,4,3,3,3,3,3,3,2,3,3,2,2,3,3,3,2,1,8,7,8,1,4,3,2,3,2,1,1,2,3,1,4,3,4,3,3,3,3,2,3,3,3,1,4,4,4,4,3,4,4,4,4,4,3,4,48000,3,3,1,2,4,4,4,4,4,4,4,4,4,4,4,4,4,4,4,4,4,4,1,2,2,1,2,6,NA,NA,NA,NA,NA,NA,NA,NA,NA,NA,NA,NA,NA,NA,NA,NA,NA,NA,NA,NA,NA,NA,NA,NA,NA,NA,NA,237718975281373,213,1,1541,4,4,4,3.6666666666666665,3,4,3.9166666666666665,4,3,"Secondary education (e.g., high school)",Man,46,Not religious at all (1),Urban,48000,10.778956289890028,"March 06, 2023"
2023-03-06 11:04:19,2023-03-06 11:19:57,0,100,937,1,2023-03-06 11:19:57,R_3frFg9M93trotTD,anonymous,FR,1,1,NA,66,3,213,5,6,5,5,6,3,6,2,3,5,4,2,1,2,NA,les études et connaissance emmagasinées,4,6,1,4,4,2,5,5,5,2,5,3,1,4,1,5,2,4,1,3,4,3,3,4,3,4,2,4,2,3,2,5,3,4,4,4,4,3,2,2,1,2,2,3,1,9,4,9,1,4,2,1,4,1,1,1,1,1,3,2,4,2,5,4,4,3,2,2,4,3,1,2,2,2,1,2,4,2,2,2,3,2,3,36000,3,3,3,2,3,5,5,2,4,1,3,4,5,2,3,1,3,5,5,2,3,1,3,1,2,2,2,5,NA,NA,NA,NA,NA,NA,NA,NA,NA,NA,NA,NA,NA,NA,NA,NA,NA,NA,NA,NA,NA,NA,NA,NA,NA,NA,NA,237718972221448,213,1,1542,3.3333333333333335,3.6666666666666665,3,2.3333333333333335,2.2,3,3.0833333333333335,3.5,3,"Secondary education (e.g., high school)",Man,66,(3),Urban,36000,10.491274217438248,"March 06, 2023"
2023-03-06 11:04:04,2023-03-06 11:20:31,0,100,987,1,2023-03-06 11:20:32,R_2VvY0opdmwUxeL0,anonymous,FR,1,1,NA,66,4,213,5,5,4,5,3,4,5,3,4,5,5,4,4,3,NA,"Ses diplômes, son comportement, ses idées humanitaires et innovantes",4,6,1,5,5,5,3,4,3,3,4,4,4,5,4,5,2,5,4,4,4,4,4,4,4,4,4,4,4,4,4,4,4,4,4,5,3,3,3,4,4,4,2,3,1,8,7,9,1,2,2,3,4,4,2,3,1,3,1,3,2,3,3,3,3,4,2,3,3,3,2,5,5,5,5,5,5,5,5,5,5,5,5,30000,3,3,3,2,3,3,4,3,3,4,4,4,4,3,4,4,4,4,4,3,3,4,1,1,7,1,3,7,NA,NA,NA,NA,NA,NA,NA,NA,NA,NA,NA,NA,NA,NA,NA,NA,NA,NA,NA,NA,NA,NA,NA,NA,NA,NA,NA,237718975284238,213,1,1543,4,4,4,4,3.8,5,4,4,4,"Higher education (e.g., university degree or higher education diploma)",Man,66,(3),Urban,30000,10.308952660644293,"March 06, 2023"
2023-03-06 11:18:07,2023-03-06 11:22:16,0,100,249,1,2023-03-06 11:22:17,R_39mNTzIBBwSROGl,anonymous,FR,1,1,NA,34,1,213,1,1,1,1,1,1,1,1,1,1,1,1,1,1,NA,Je ne sais pas,1,4,1,1,2,1,1,1,2,1,1,1,1,1,1,1,2,1,1,1,2,1,1,1,1,2,1,1,2,1,2,1,1,2,1,1,1,1,1,2,1,2,2,2,1,1,1,1,1,1,1,1,1,1,1,1,1,1,1,1,2,2,3,1,2,2,2,1,1,1,1,2,1,2,2,1,1,1,2,2,3,2,1,2500,1,2,1,2,1,2,2,1,2,2,3,1,1,1,3,2,1,2,1,1,1,2,2,2,1,1,2,2,NA,NA,NA,NA,NA,NA,NA,NA,NA,NA,NA,NA,NA,NA,NA,NA,NA,NA,NA,NA,NA,NA,NA,NA,NA,NA,NA,237718973409399,213,1,1547,1.3333333333333333,1,1.6666666666666667,1.3333333333333333,1.2,1,1.3333333333333333,1.1666666666666667,1,Did not attend school,Man,34,Not religious at all (1),Urban,2500,7.824046010856292,"March 06, 2023"
2023-03-06 11:16:04,2023-03-06 11:27:06,0,100,662,1,2023-03-06 11:27:07,R_2eRsLcDd5avTjlx,anonymous,FR,1,1,NA,61,4,213,1,3,3,3,3,3,3,1,1,1,3,1,1,1,l'humanité,NA,3,6,6,5,5,4,3,3,4,3,3,4,3,3,4,4,5,3,3,4,4,3,3,4,3,3,2,4,3,3,2,3,3,4,3,4,4,2,3,3,3,3,3,4,1,6,4,7,5,4,1,3,3,3,3,3,3,4,1,3,2,2,2,2,2,3,1,2,3,3,1,4,5,4,4,3,5,5,5,5,5,5,5,2500,4,5,1,2,3,3,4,2,3,3,3,3,4,3,3,3,4,4,4,3,3,3,1,3,7,3,4,6,NA,NA,NA,NA,NA,NA,NA,NA,NA,NA,NA,NA,NA,NA,NA,NA,NA,NA,NA,NA,NA,NA,NA,NA,NA,NA,NA,237718975519913,213,1,1550,3,4,3.3333333333333335,2.3333333333333335,3.8,3,3.1666666666666665,3.5,4,"Higher education (e.g., university degree or higher education diploma)",Man,61,Not religious at all (1),Urban,2500,7.824046010856292,"March 06, 2023"
2023-03-06 10:38:46,2023-03-06 11:29:34,0,100,3047,1,2023-03-06 11:29:34,R_2BwBxFlnxKvS3NX,anonymous,FR,1,1,NA,74,4,213,4,4,3,3,3,4,1,2,1,5,4,1,1,1,NA,Son humilité. Sa capacité à banaliser pour un public large Sa très large ouverture d'esprit,5,2,1,3,5,4,5,4,3,3,4,3,4,4,3,4,3,4,4,4,3,3,5,4,4,4,4,4,4,4,4,5,4,5,4,4,5,4,3,4,3,3,4,4,1,8,6,10,3,4,4,3,3,3,1,1,2,3,2,3,3,3,4,4,3,3,2,2,2,3,2,5,5,5,5,5,5,5,5,5,5,5,5,70000,4,4,4,2,4,4,4,4,3,3,4,4,4,4,3,3,4,4,4,4,3,3,2,4,5,4,2,6,NA,NA,NA,NA,NA,NA,NA,NA,NA,NA,NA,NA,NA,NA,NA,NA,NA,NA,NA,NA,NA,NA,NA,NA,NA,NA,NA,237123008148702,213,1,1554,3.6666666666666665,4,3.6666666666666665,4.333333333333333,3.4,4,3.9166666666666665,3.8333333333333335,4,"Higher education (e.g., university degree or higher education diploma)",Man,74,(4),Urban,70000,11.156250521031495,"March 06, 2023"
2023-03-06 11:06:58,2023-03-06 11:30:12,0,100,1394,1,2023-03-06 11:30:13,R_1mW5DqccWHCbBrm,anonymous,FR,1,1,NA,68,3,213,6,5,6,5,6,3,6,6,4,6,6,5,5,1,NA,Dans ce monde qui change il faut toujours faire confiance aux  chercheurs du monde entier pour faire avancer la recherche.,5,4,1,5,4,5,5,5,4,4,5,5,5,5,4,5,2,5,4,5,4,5,4,5,4,5,5,5,4,4,5,5,5,4,5,5,4,5,2,2,5,3,2,3,1,9,10,10,3,5,2,3,5,3,4,1,3,2,1,5,5,2,4,5,5,1,3,3,3,3,2,5,5,4,5,4,5,4,3,4,3,4,3,32000,4,4,4,1,5,5,5,5,4,5,5,4,5,5,3,4,5,5,5,5,4,4,3,2,8,1,7,8,NA,NA,NA,NA,NA,NA,NA,NA,NA,NA,NA,NA,NA,NA,NA,NA,NA,NA,NA,NA,NA,NA,NA,NA,NA,NA,NA,237718975273048,213,1,1555,4.666666666666667,5,4,4.666666666666667,4.2,5,4.583333333333333,4.833333333333333,3,"Secondary education (e.g., high school)",Man,68,(4),Rural,32000,10.373491181781864,"March 06, 2023"
2023-03-06 10:58:30,2023-03-06 11:30:44,0,100,1934,1,2023-03-06 11:30:45,R_prVDmOkkdVcK5Nv,anonymous,FR,1,0,NA,46,4,213,4,1,4,1,1,1,1,1,1,4,4,1,1,1,NA,la cohérence de son discours tout au long de sa carrière,3,6,1,5,4,3,2,4,3,2,3,3,4,4,3,4,5,4,4,4,3,3,3,4,3,4,4,4,4,3,3,3,3,4,4,4,4,2,3,3,2,3,3,4,1,10,1,10,1,3,4,3,2,5,2,1,1,3,1,1,1,4,2,1,1,3,2,3,3,3,1,5,5,5,5,5,5,5,5,5,5,5,5,0,2,2,4,2,3,3,3,3,3,3,3,3,3,3,3,3,3,3,3,3,3,3,1,1,3,5,3,5,NA,NA,NA,NA,NA,NA,NA,NA,NA,NA,NA,NA,NA,NA,NA,NA,NA,NA,NA,NA,NA,NA,NA,NA,NA,NA,NA,237361107870942,213,1,1556,3.3333333333333335,4,3.3333333333333335,3.3333333333333335,3.8,3,3.5,3.6666666666666665,4,"Higher education (e.g., university degree or higher education diploma)",Woman,46,(4),Urban,0,-Inf,"March 06, 2023"
2023-03-06 10:37:48,2023-03-06 11:34:01,0,100,3372,1,2023-03-06 11:34:02,R_2EsH0L98m69QyEG,anonymous,FR,1,1,NA,46,4,213,5,4,4,3,2,2,6,1,2,4,2,1,1,1,Tous C’est un bien universel,NA,4,2,1,4,5,3,4,5,3,1,5,5,1,5,3,5,5,5,3,4,4,4,2,4,3,4,2,4,4,4,3,3,4,2,1,3,5,1,2,2,1,1,1,4,1,6,5,5,1,3,3,4,2,3,3,3,4,3,1,3,2,3,3,3,2,3,3,2,2,3,1,3,4,4,4,3,4,3,3,3,3,3,5,NA,4,4,3,2,4,4,4,4,2,4,3,3,3,3,3,3,3,3,3,3,3,3,1,1,1,7,4,7,NA,NA,NA,NA,NA,NA,NA,NA,NA,NA,NA,NA,NA,NA,NA,NA,NA,NA,NA,NA,NA,NA,NA,NA,NA,NA,NA,237718971304112,213,1,1558,4,4,3.6666666666666665,2.3333333333333335,3.8,5,3.5,4,4,"Higher education (e.g., university degree or higher education diploma)",Man,46,(3),Urban,NA,NA,"March 06, 2023"
2023-03-06 11:20:39,2023-03-06 11:34:29,0,100,830,1,2023-03-06 11:34:30,R_27Q2xI33tdedMy2,anonymous,FR,1,0,NA,49,3,213,3,3,3,1,3,1,2,1,1,2,4,4,1,1,NA,Ses explications claires et à la portée de tout le monde,4,4,1,5,4,5,4,4,4,3,4,3,3,3,4,5,4,4,4,3,3,3,3,3,3,3,3,4,3,3,3,4,3,4,4,4,4,2,3,4,3,4,3,3,1,8,4,8,1,2,4,1,3,2,1,1,1,1,4,2,1,5,2,1,1,5,1,2,3,3,1,1,1,1,1,1,1,1,1,1,1,1,1,28000,3,2,1,1,3,3,3,2,1,2,3,3,3,2,2,3,3,3,3,3,2,3,5,4,9,6,7,5,NA,NA,NA,NA,NA,NA,NA,NA,NA,NA,NA,NA,NA,NA,NA,NA,NA,NA,NA,NA,NA,NA,NA,NA,NA,NA,NA,237718971612393,213,1,1560,3,3.3333333333333335,3,3,3.4,4,3.0833333333333335,3.1666666666666665,3,"Secondary education (e.g., high school)",Woman,49,Not religious at all (1),Rural,28000,10.239959789157341,"March 06, 2023"
2023-03-06 11:21:39,2023-03-06 11:42:05,0,100,1225,1,2023-03-06 11:42:06,R_2XbrXOxnVB6yPMd,anonymous,FR,1,0,NA,65,3,213,4,4,4,3,3,1,4,3,2,4,4,4,4,4,La recherche médicale - pour trouver de nouveaux vaccins L'écologie Les transports,NA,3,4,1,5,5,5,4,5,5,5,4,5,5,5,5,5,1,5,5,4,4,4,4,4,4,4,4,4,4,4,4,4,4,4,4,4,2,4,2,4,3,2,3,2,1,10,1,10,1,4,5,5,1,5,1,1,5,5,1,4,2,1,3,3,4,2,1,3,3,3,1,4,5,5,5,3,4,4,4,5,4,4,5,2080,3,3,3,2,4,4,5,4,5,4,4,4,5,4,5,4,5,4,5,4,4,5,2,6,6,7,6,6,NA,NA,NA,NA,NA,NA,NA,NA,NA,NA,NA,NA,NA,NA,NA,NA,NA,NA,NA,NA,NA,NA,NA,NA,NA,NA,NA,237718972515346,213,1,1562,4,4,4,4,4.2,5,4,4,3,"Secondary education (e.g., high school)",Woman,65,(3),Urban,2080,7.640123172695364,"March 06, 2023"
2023-03-06 11:27:49,2023-03-06 11:43:34,0,100,944,1,2023-03-06 11:43:35,R_1d1gVYS1DZyt7qk,anonymous,FR,1,1,NA,24,4,213,3,3,6,5,3,3,6,4,3,4,6,4,4,1,Les plus riche car les découvertes scientifiques sont financés par les plus riches donc ce sont les plus susceptibles de les avoir en premier,NA,3,6,1,4,5,4,3,4,4,2,5,4,5,5,5,5,2,5,4,5,5,4,4,5,4,4,5,5,5,4,4,4,5,5,4,4,3,3,2,2,2,3,2,2,1,8,3,8,1,5,4,4,1,4,2,3,4,4,1,1,1,4,1,1,1,4,3,3,3,3,3,5,5,4,5,4,5,5,5,5,5,4,5,1200,2,2,1,2,5,5,5,5,1,2,2,4,4,5,1,5,4,4,4,4,2,2,1,7,6,7,3,7,NA,NA,NA,NA,NA,NA,NA,NA,NA,NA,NA,NA,NA,NA,NA,NA,NA,NA,NA,NA,NA,NA,NA,NA,NA,NA,NA,237718974856434,213,1,1563,4,5,4.666666666666667,4.333333333333333,4.2,4,4.5,4.5,4,"Higher education (e.g., university degree or higher education diploma)",Man,24,Not religious at all (1),Urban,1200,7.090076835776092,"March 06, 2023"
2023-03-06 11:38:17,2023-03-06 11:50:04,0,100,707,1,2023-03-06 11:50:05,R_1dttWN9zhyMNMk6,anonymous,FR,1,1,NA,65,4,213,4,4,4,4,4,4,2,2,3,3,4,4,1,1,Être humain,NA,4,2,1,5,4,3,3,4,3,3,3,3,3,2,3,4,5,4,3,4,4,4,4,4,4,4,4,4,4,4,4,4,4,4,4,4,3,2,2,2,3,2,2,2,1,4,5,7,3,3,3,3,4,3,2,3,2,3,2,4,4,3,3,4,4,1,2,3,1,3,1,3,3,3,3,3,3,3,3,3,3,3,3,50000,4,4,1,1,3,3,3,3,3,3,3,3,3,3,3,3,3,3,3,3,3,2,1,1,1,4,4,8,NA,NA,NA,NA,NA,NA,NA,NA,NA,NA,NA,NA,NA,NA,NA,NA,NA,NA,NA,NA,NA,NA,NA,NA,NA,NA,NA,237718975275136,213,1,1567,4,4,4,4,3.2,4,4,4,4,"Higher education (e.g., university degree or higher education diploma)",Man,65,Not religious at all (1),Rural,50000,10.819778284410283,"March 06, 2023"
2023-03-06 11:32:22,2023-03-06 11:50:43,0,100,1100,1,2023-03-06 11:50:43,R_1PaW6o9PLSKhz54,anonymous,FR,1,1,NA,57,4,213,4,4,3,1,5,4,1,1,3,1,3,1,1,1,NA,"etre rigureux.use dans ses recherches, et etre dans un travail d'équipe",4,6,1,5,5,5,2,4,3,2,4,5,5,5,5,5,5,5,3,4,4,4,4,4,3,4,3,4,4,4,3,5,4,4,4,4,4,4,2,2,2,2,2,4,1,10,5,6,1,4,3,3,3,4,2,4,3,4,1,4,3,4,3,3,3,2,2,3,3,3,2,4,4,4,4,4,4,4,4,4,4,4,4,4500,3,3,5,1,4,4,4,4,3,3,3,3,3,2,2,2,3,3,3,3,2,2,1,1,6,6,5,6,NA,NA,NA,NA,NA,NA,NA,NA,NA,NA,NA,NA,NA,NA,NA,NA,NA,NA,NA,NA,NA,NA,NA,NA,NA,NA,NA,237718971357186,213,1,1569,4,4,3.6666666666666665,3.3333333333333335,5,5,3.75,4,4,"Higher education (e.g., university degree or higher education diploma)",Man,57,Very strongly religious (5),Rural,4500,8.411832675758411,"March 06, 2023"
2023-03-06 10:05:25,2023-03-06 11:52:30,0,100,6425,1,2023-03-06 11:52:30,R_3Mb4G82RBXgKuLU,anonymous,FR,1,1,NA,48,4,213,7,5,5,3,4,4,3,3,3,3,5,3,3,2,"La science est source de conscience, elle nous apprend davantage sur notre vie et le monde environnant, source de progrès social et technologique, L'humanité bénéficie de la science, mais pas de façon universelle et équitable, les populations ou les pays les plus riches seront prioritaires.",NA,5,6,1,5,5,5,1,5,3,2,5,4,4,4,4,5,5,4,4,5,4,4,4,5,3,4,2,4,3,3,2,4,4,5,4,4,4,2,2,3,2,4,2,2,1,10,10,10,1,4,2,4,3,4,4,4,4,4,1,2,2,4,2,2,3,3,3,3,3,3,2,5,5,5,5,5,5,5,5,5,5,5,5,8500,1,3,3,2,5,5,5,5,4,4,5,4,5,4,3,3,4,4,4,4,3,3,1,1,1,2,2,8,NA,NA,NA,NA,NA,NA,NA,NA,NA,NA,NA,NA,NA,NA,NA,NA,NA,NA,NA,NA,NA,NA,NA,NA,NA,NA,NA,237718971417715,213,1,1570,3.6666666666666665,4.666666666666667,3.3333333333333335,2.6666666666666665,4.2,5,3.5833333333333335,4.166666666666667,4,"Higher education (e.g., university degree or higher education diploma)",Man,48,(3),Urban,8500,9.047821442478408,"March 06, 2023"
2023-03-06 11:32:19,2023-03-06 11:53:12,0,100,1253,1,2023-03-06 11:53:13,R_11hkQ5N4GPQuGw0,anonymous,FR,1,1,NA,54,3,213,2,3,4,3,2,3,4,5,4,3,2,3,2,1,NA,Impartialité,3,6,5,4,3,3,2,2,2,2,4,4,4,4,4,4,5,3,3,4,3,3,3,4,4,3,3,3,4,4,3,3,3,3,2,3,2,2,2,3,2,3,4,4,1,4,2,5,2,3,4,1,3,2,2,1,2,4,2,2,2,3,2,2,1,4,2,3,2,3,2,4,4,4,4,4,4,4,4,4,4,4,4,2000,4,4,4,1,3,4,4,2,2,2,3,4,4,3,3,3,3,3,4,2,2,2,2,3,7,3,3,6,NA,NA,NA,NA,NA,NA,NA,NA,NA,NA,NA,NA,NA,NA,NA,NA,NA,NA,NA,NA,NA,NA,NA,NA,NA,NA,NA,237361110179055,213,1,1571,3.3333333333333335,3.6666666666666665,3.6666666666666665,3,4.2,3,3.4166666666666665,3.5,3,"Secondary education (e.g., high school)",Man,54,(4),Rural,2000,7.600902459542082,"March 06, 2023"
2023-03-06 11:46:28,2023-03-06 11:55:39,0,100,551,1,2023-03-06 11:55:39,R_1jNW4WFuDDEzPWA,anonymous,FR,1,1,NA,51,4,213,2,5,5,5,5,2,5,3,6,7,6,4,5,1,Tout le monde peut bénéficier de la science,NA,5,1,4,5,5,5,5,4,5,4,5,4,4,4,4,4,4,5,4,4,4,4,3,4,4,4,3,4,4,4,4,4,4,4,4,4,4,2,3,4,3,3,3,3,1,5,1,5,1,4,4,4,3,3,1,4,4,5,2,3,3,5,2,2,1,3,1,3,1,3,1,5,5,5,5,5,5,5,5,5,5,5,5,60000,5,5,2,2,4,4,4,3,4,4,4,4,4,3,4,4,4,4,4,4,4,4,5,5,9,5,5,8,NA,NA,NA,NA,NA,NA,NA,NA,NA,NA,NA,NA,NA,NA,NA,NA,NA,NA,NA,NA,NA,NA,NA,NA,NA,NA,NA,237718975519904,213,1,1572,4,4,4,3.3333333333333335,4,4,3.8333333333333335,4,4,"Higher education (e.g., university degree or higher education diploma)",Man,51,(2),Urban,60000,11.002099841204238,"March 06, 2023"
2023-03-06 11:42:54,2023-03-06 11:56:28,0,100,813,1,2023-03-06 11:56:28,R_3FVeeLYej1XW7Pc,anonymous,FR,1,1,NA,48,3,213,1,1,1,1,1,1,1,1,1,1,6,6,4,1,les scientifiques,NA,3,4,1,5,5,5,5,5,5,5,5,1,5,1,1,5,5,5,5,5,1,2,3,5,1,1,1,5,1,1,1,3,3,4,4,4,4,3,4,5,4,4,3,4,1,10,10,10,1,3,3,1,1,1,1,1,1,3,4,1,1,1,1,1,1,1,1,2,3,3,1,3,3,3,3,3,3,3,3,3,3,3,3,22000,99,99,4,2,3,3,3,3,3,3,3,3,3,3,3,3,4,4,4,3,4,4,4,6,9,4,4,5,NA,NA,NA,NA,NA,NA,NA,NA,NA,NA,NA,NA,NA,NA,NA,NA,NA,NA,NA,NA,NA,NA,NA,NA,NA,NA,NA,237718971643919,213,1,1574,1.3333333333333333,5,1,1.6666666666666667,2.6,5,2.25,3.1666666666666665,3,"Secondary education (e.g., high school)",Man,48,(4),Urban,22000,9.998797732340453,"March 06, 2023"
2023-03-06 11:37:50,2023-03-06 11:58:55,0,100,1264,1,2023-03-06 11:58:55,R_2Yy0Dte8B1vFmtC,anonymous,FR,1,1,NA,19,4,213,1,3,3,1,1,1,5,1,2,4,5,1,4,1,NA,"Si le ou la scientifique utilise correctement les données qu'il récupèrent et que ces données sont récupérer légalement, alors cela le rend digne de confiance.",5,4,1,5,5,5,4,3,3,2,4,2,1,4,3,4,3,4,3,5,4,4,3,5,4,4,4,5,4,2,2,4,3,3,2,2,4,2,3,2,4,2,3,3,1,9,2,9,2,5,4,4,2,3,2,2,3,4,1,3,2,3,2,2,3,2,3,3,3,3,2,5,5,5,5,5,5,4,4,4,5,4,4,0,99,99,3,1,5,5,5,5,5,5,5,5,3,4,5,2,4,4,4,4,4,3,1,1,3,2,3,6,NA,NA,NA,NA,NA,NA,NA,NA,NA,NA,NA,NA,NA,NA,NA,NA,NA,NA,NA,NA,NA,NA,NA,NA,NA,NA,NA,237718975615142,213,1,1578,3.3333333333333335,5,4,3,2.6,4,3.8333333333333335,4.166666666666667,4,"Higher education (e.g., university degree or higher education diploma)",Man,19,(3),Rural,0,-Inf,"March 06, 2023"
2023-03-06 11:34:20,2023-03-06 12:01:38,0,100,1637,1,2023-03-06 12:01:39,R_1Q4LOJnY49iXJQ1,anonymous,FR,1,1,NA,68,4,213,4,5,4,3,3,3,4,4,2,4,5,4,4,3,NA,"Sa formation, sa reconnaissance par des paires, les éléments qu'il communique, sa pédagogie...",4,6,1,5,5,5,1,4,4,3,4,4,3,5,4,5,5,4,4,4,4,4,2,4,4,4,3,4,4,4,3,4,4,5,5,5,4,2,2,2,3,4,2,4,1,10,1,10,1,4,3,4,4,4,3,1,3,3,1,2,1,2,2,2,1,2,2,3,3,3,2,4,5,4,4,4,5,5,5,5,5,5,5,54000,1,1,1,2,4,4,4,4,3,4,4,4,4,4,3,4,4,4,4,4,4,4,1,1,2,3,2,6,NA,NA,NA,NA,NA,NA,NA,NA,NA,NA,NA,NA,NA,NA,NA,NA,NA,NA,NA,NA,NA,NA,NA,NA,NA,NA,NA,237718972217350,213,1,1580,4,4,4,2.6666666666666665,4.2,4,3.6666666666666665,4,4,"Higher education (e.g., university degree or higher education diploma)",Man,68,Not religious at all (1),Urban,54000,10.896739325546411,"March 06, 2023"
2023-03-06 11:36:20,2023-03-06 12:03:19,0,100,1619,1,2023-03-06 12:03:19,R_3hEF3DSmlH53H7g,anonymous,FR,1,1,NA,42,4,213,2,3,5,2,4,3,2,2,1,2,2,2,1,2,NA,a,4,6,1,3,5,5,1,3,3,3,3,4,4,4,4,4,4,4,4,4,4,3,3,4,4,4,3,4,4,3,3,3,4,4,4,4,3,3,2,3,3,3,3,2,1,5,6,5,6,4,3,3,3,3,4,3,3,3,1,3,3,3,3,3,3,3,2,2,2,3,2,4,4,4,4,4,4,4,4,4,4,4,4,70000,99,3,1,2,3,3,3,3,3,3,3,3,3,3,3,3,3,3,3,3,3,3,4,4,5,4,4,7,NA,NA,NA,NA,NA,NA,NA,NA,NA,NA,NA,NA,NA,NA,NA,NA,NA,NA,NA,NA,NA,NA,NA,NA,NA,NA,NA,237718971372572,213,1,1582,3.3333333333333335,4,4,3,4,4,3.5833333333333335,3.6666666666666665,4,"Higher education (e.g., university degree or higher education diploma)",Man,42,Not religious at all (1),Urban,70000,11.156250521031495,"March 06, 2023"
2023-03-06 11:52:32,2023-03-06 12:07:51,0,100,918,1,2023-03-06 12:07:52,R_25NiQnglDJrjiKf,anonymous,FR,1,1,NA,50,3,213,5,4,4,5,6,3,6,1,3,3,3,4,3,1,La science nature parce que c'est la plus importante,NA,5,4,1,5,5,5,3,5,5,4,5,5,5,5,5,5,5,5,5,4,3,4,4,5,3,4,4,5,5,4,5,5,5,5,5,5,3,3,1,1,3,3,1,3,1,10,6,7,1,5,4,3,3,3,2,3,1,5,1,5,3,4,3,1,5,1,3,2,3,3,2,5,5,5,5,5,5,5,5,5,5,5,5,51000,4,5,3,2,5,3,3,3,3,3,3,3,3,3,3,3,3,3,3,3,3,3,1,3,7,7,4,10,NA,NA,NA,NA,NA,NA,NA,NA,NA,NA,NA,NA,NA,NA,NA,NA,NA,NA,NA,NA,NA,NA,NA,NA,NA,NA,NA,237718975373466,213,1,1584,4,4.666666666666667,3.6666666666666665,4.333333333333333,5,5,4.166666666666667,4.333333333333333,3,"Secondary education (e.g., high school)",Man,50,(3),Urban,51000,10.839580911706463,"March 06, 2023"
2023-03-06 09:22:34,2023-03-06 12:09:34,0,100,10019,1,2023-03-06 12:09:34,R_qRfnLcDhqJGacaR,anonymous,FR,1,1,NA,44,3,213,3,5,6,6,3,3,5,3,2,4,5,1,1,1,"Les humains ...prenons l'exemple de la santé, nous vivons de plus en plus longtemps grâce à la science",NA,4,4,1,5,5,5,3,4,3,2,5,3,3,5,3,5,4,3,3,3,3,3,3,4,3,3,3,4,4,3,3,4,3,3,3,3,4,2,3,3,3,3,3,5,1,8,3,6,3,3,4,4,2,3,4,3,3,4,1,1,2,2,2,2,1,4,3,3,2,3,2,4,4,4,4,4,4,4,4,4,4,4,4,40000,99,5,2,2,3,3,3,2,2,4,3,3,3,3,3,3,3,3,4,2,2,3,1,4,5,4,4,5,NA,NA,NA,NA,NA,NA,NA,NA,NA,NA,NA,NA,NA,NA,NA,NA,NA,NA,NA,NA,NA,NA,NA,NA,NA,NA,NA,237718975512617,213,1,1585,3,3.6666666666666665,3.3333333333333335,3,3.6,3,3.25,3.3333333333333335,3,"Secondary education (e.g., high school)",Man,44,(2),Urban,40000,10.596634733096073,"March 06, 2023"
2023-03-06 11:55:37,2023-03-06 12:11:21,0,100,944,1,2023-03-06 12:11:22,R_1LBiG2ROyY5PUrW,anonymous,FR,1,0,NA,68,3,213,1,2,1,1,1,1,1,1,1,1,1,1,1,1,NA,Je ne sais pas,3,6,1,5,4,4,5,3,3,3,4,2,1,3,2,3,5,5,3,4,4,4,3,5,4,4,3,4,4,4,3,3,4,4,3,3,2,2,2,3,2,1,3,2,1,6,5,6,4,4,3,1,2,3,3,2,1,2,2,2,2,3,3,3,3,2,1,3,2,3,1,4,4,4,5,3,4,4,4,4,5,4,5,13800,3,3,1,1,4,4,3,3,2,3,3,3,3,2,1,3,3,3,3,2,2,2,1,2,2,1,2,5,NA,NA,NA,NA,NA,NA,NA,NA,NA,NA,NA,NA,NA,NA,NA,NA,NA,NA,NA,NA,NA,NA,NA,NA,NA,NA,NA,237718975273051,213,1,1586,4,4.333333333333333,4,3,2.6,4,3.8333333333333335,4.166666666666667,3,"Secondary education (e.g., high school)",Woman,68,Not religious at all (1),Rural,13800,9.532423871145296,"March 06, 2023"
2023-03-06 11:51:19,2023-03-06 12:15:55,0,100,1475,1,2023-03-06 12:15:55,R_3s7haLVB8GLnr6t,anonymous,FR,1,1,NA,78,4,213,5,5,5,2,3,2,3,3,3,4,3,2,3,3,NA,"Son cursus, ses publications, ses conférences en France ou à l’international",4,6,1,5,5,4,2,5,4,3,1,4,5,4,4,5,3,4,4,4,4,4,3,4,3,4,3,4,4,3,3,4,3,4,2,4,3,2,2,3,3,5,2,2,1,9,5,9,2,4,2,3,2,2,3,4,3,3,1,2,2,3,2,2,2,4,3,3,3,3,3,5,5,4,5,4,5,5,5,4,5,4,5,24000,2,3,1,2,5,5,4,4,2,3,3,4,3,3,2,2,4,4,4,3,2,3,1,1,6,3,3,6,NA,NA,NA,NA,NA,NA,NA,NA,NA,NA,NA,NA,NA,NA,NA,NA,NA,NA,NA,NA,NA,NA,NA,NA,NA,NA,NA,237718972168410,213,1,1591,3.6666666666666665,4,3.6666666666666665,3,4,5,3.5833333333333335,3.8333333333333335,4,"Higher education (e.g., university degree or higher education diploma)",Man,78,Not religious at all (1),Urban,24000,10.085809109330082,"March 06, 2023"
2023-03-06 11:41:51,2023-03-06 12:19:53,0,100,2281,1,2023-03-06 12:19:53,R_2aXooCnBGZRKvkj,anonymous,FR,1,1,NA,59,3,213,3,3,3,1,2,1,3,1,1,3,3,3,3,1,NA,les résultats d'une longue expérience suivie de résultats annoncés et fiable . reconnus par ses pères,3,6,1,5,5,5,1,2,2,2,5,3,4,2,4,5,5,5,4,3,3,2,3,4,3,3,2,4,3,2,4,3,3,5,4,4,4,3,4,5,4,5,4,4,1,10,4,10,3,3,3,2,4,4,3,3,2,2,3,1,1,5,1,1,1,5,3,2,3,3,4,5,5,5,5,2,5,5,5,5,5,2,5,11400,3,3,1,2,3,3,3,2,2,3,3,3,3,2,2,3,3,3,3,2,2,3,1,6,9,2,7,5,NA,NA,NA,NA,NA,NA,NA,NA,NA,NA,NA,NA,NA,NA,NA,NA,NA,NA,NA,NA,NA,NA,NA,NA,NA,NA,NA,237718975278236,213,1,1592,2.3333333333333335,3.6666666666666665,3,3,3.6,3,3,3,3,"Secondary education (e.g., high school)",Man,59,Not religious at all (1),Urban,11400,9.341368634382587,"March 06, 2023"
2023-03-06 12:16:24,2023-03-06 12:21:12,0,100,288,1,2023-03-06 12:21:13,R_3n71g7bZADaDns7,anonymous,FR,1,1,NA,49,4,213,4,4,4,4,4,5,5,5,3,4,4,4,4,4,Les organismes d'état,NA,4,2,3,4,4,4,4,4,4,4,4,3,3,3,3,3,3,4,4,4,3,3,3,4,4,4,4,4,4,4,4,4,4,3,3,3,4,4,4,4,4,4,4,4,1,8,8,8,8,4,3,2,4,2,2,2,2,2,3,3,3,3,3,3,3,3,3,3,3,3,3,4,4,4,4,4,4,4,4,4,4,4,4,1900,4,4,4,2,4,4,4,4,4,4,4,4,4,4,4,4,4,4,4,4,4,4,5,5,7,5,5,9,NA,NA,NA,NA,NA,NA,NA,NA,NA,NA,NA,NA,NA,NA,NA,NA,NA,NA,NA,NA,NA,NA,NA,NA,NA,NA,NA,237718975281372,213,1,1594,3.6666666666666665,4,3.6666666666666665,3.6666666666666665,3,4,3.75,3.8333333333333335,4,"Higher education (e.g., university degree or higher education diploma)",Man,49,(4),Urban,1900,7.549609165154532,"March 06, 2023"
2023-03-06 12:16:17,2023-03-06 12:22:34,0,100,377,1,2023-03-06 12:22:35,R_1kUiVRJxM5oXGLc,anonymous,FR,1,0,NA,67,3,213,1,6,1,1,NA,1,4,1,1,1,5,2,1,1,NA,competent,4,4,1,5,5,5,5,5,5,5,5,4,4,4,4,4,5,1,4,4,4,4,4,4,4,4,4,4,4,4,4,4,4,3,3,3,4,3,4,4,4,4,4,4,1,7,7,7,7,3,2,2,2,2,2,2,2,2,3,3,3,3,3,3,3,3,1,3,1,3,2,3,3,3,3,3,3,3,3,3,3,3,3,24000,3,5,4,1,3,3,3,3,3,3,3,3,3,3,3,3,3,3,3,3,3,3,4,4,8,3,4,7,NA,NA,NA,NA,NA,NA,NA,NA,NA,NA,NA,NA,NA,NA,NA,NA,NA,NA,NA,NA,NA,NA,NA,NA,NA,NA,NA,237718971404387,213,1,1596,4,4,4,4,4.2,4,4,4,3,"Secondary education (e.g., high school)",Woman,67,(4),Rural,24000,10.085809109330082,"March 06, 2023"
2023-03-06 12:10:38,2023-03-06 12:24:03,0,100,805,1,2023-03-06 12:24:04,R_2QEyUGlBmhOvcxL,anonymous,FR,1,1,NA,37,3,213,3,3,1,1,3,3,3,1,2,1,3,2,2,2,NA,NA,2,6,1,3,5,5,3,3,2,1,5,2,5,2,5,5,5,5,3,4,3,3,2,5,3,4,3,4,3,2,2,3,2,2,2,2,2,1,4,4,4,4,4,3,1,6,10,5,1,1,5,3,2,4,1,2,2,4,2,1,1,1,1,1,1,3,1,3,3,3,1,5,5,5,5,5,5,5,5,5,5,5,5,20000,99,4,2,1,3,4,3,2,3,2,3,3,2,3,2,3,2,2,2,2,2,2,1,6,7,4,5,4,NA,NA,NA,NA,NA,NA,NA,NA,NA,NA,NA,NA,NA,NA,NA,NA,NA,NA,NA,NA,NA,NA,NA,NA,NA,NA,NA,237718973087966,213,1,1597,3,4.333333333333333,3,2.3333333333333335,3.8,3,3.1666666666666665,3.6666666666666665,3,"Secondary education (e.g., high school)",Man,37,(2),Rural,20000,9.903487552536127,"March 06, 2023"
2023-03-06 12:12:07,2023-03-06 12:28:43,0,100,996,1,2023-03-06 12:28:44,R_3xxGjh2Vj1x1FE5,anonymous,FR,1,0,NA,52,3,213,4,4,1,1,3,1,1,1,1,5,6,1,2,1,Les entreprises de recherches car leurs bénéfices sont conséquents,NA,2,6,1,4,4,4,3,3,3,2,3,3,2,3,3,4,5,4,3,3,3,3,3,4,2,2,1,3,2,1,1,2,3,4,3,4,2,1,5,3,2,3,3,4,1,8,5,8,1,3,4,1,3,1,1,1,1,3,4,3,3,4,3,3,2,4,1,3,2,3,1,4,3,3,4,3,4,4,4,4,4,4,4,54000,4,4,2,2,3,3,3,3,3,3,3,3,3,3,3,3,4,4,4,2,3,2,1,5,2,1,1,7,NA,NA,NA,NA,NA,NA,NA,NA,NA,NA,NA,NA,NA,NA,NA,NA,NA,NA,NA,NA,NA,NA,NA,NA,NA,NA,NA,237718972044403,213,1,1599,2,3.3333333333333335,2.3333333333333335,1.6666666666666667,3.2,4,2.3333333333333335,2.6666666666666665,3,"Secondary education (e.g., high school)",Woman,52,(2),Urban,54000,10.896739325546411,"March 06, 2023"
2023-03-06 12:23:14,2023-03-06 12:39:57,0,100,1002,1,2023-03-06 12:39:58,R_3LX8zxdNisCjtIW,anonymous,FR,1,0,NA,40,3,213,2,3,4,4,2,2,3,1,1,1,2,1,3,1,NA,quand il change pas tout les 4 matin de version sur ces recherche,3,4,1,3,1,3,1,2,3,1,5,2,3,3,2,5,3,4,3,3,3,2,3,4,3,4,3,4,4,4,3,3,4,4,2,3,2,3,4,5,4,3,1,2,1,5,6,4,1,1,5,2,2,4,5,3,2,3,3,3,2,5,2,2,1,1,2,1,3,2,3,2,4,3,3,3,4,3,3,3,3,3,3,2000,99,99,3,1,4,3,3,2,2,1,4,4,3,2,3,2,4,4,4,2,2,2,5,7,6,2,6,6,NA,NA,NA,NA,NA,NA,NA,NA,NA,NA,NA,NA,NA,NA,NA,NA,NA,NA,NA,NA,NA,NA,NA,NA,NA,NA,NA,237361108775087,213,1,1603,3.3333333333333335,3.6666666666666665,3.3333333333333335,3,2.6,3,3.3333333333333335,3.5,3,"Secondary education (e.g., high school)",Woman,40,(3),Rural,2000,7.600902459542082,"March 06, 2023"
2023-03-06 12:21:55,2023-03-06 12:42:17,0,100,1221,1,2023-03-06 12:42:17,R_1dhqdYQFDZGIPSF,anonymous,FR,1,1,NA,21,4,213,3,3,3,4,4,2,4,1,2,4,4,2,2,1,NA,La preuve de ce qu’il affirme,3,5,1,3,5,4,3,4,5,3,4,3,2,4,2,3,4,5,4,3,4,3,4,4,3,4,2,4,4,3,2,4,4,4,4,4,4,2,3,3,3,4,2,2,1,3,4,6,6,3,3,4,2,2,1,1,3,4,1,2,3,3,3,4,3,3,1,3,2,3,1,4,4,3,4,3,4,5,5,5,5,5,5,1100,2,4,2,1,4,4,4,4,4,2,4,4,4,3,3,3,4,4,4,4,4,2,1,1,6,4,5,7,NA,NA,NA,NA,NA,NA,NA,NA,NA,NA,NA,NA,NA,NA,NA,NA,NA,NA,NA,NA,NA,NA,NA,NA,NA,NA,NA,237718975606786,213,1,1605,3.3333333333333335,3.6666666666666665,3.6666666666666665,2.6666666666666665,3,4,3.3333333333333335,3.5,4,"Higher education (e.g., university degree or higher education diploma)",Man,21,(2),Rural,1100,7.003065458786462,"March 06, 2023"
2023-03-06 12:47:22,2023-03-06 12:53:44,0,100,381,1,2023-03-06 12:53:44,R_1rpLG7dQfqs8udy,anonymous,FR,1,1,NA,19,4,213,2,5,3,5,4,5,4,5,6,2,5,3,6,5,euhh jsp,NA,5,6,1,5,5,4,2,4,3,3,4,4,4,4,3,3,4,4,4,5,4,5,4,4,3,3,4,4,3,4,5,4,5,4,4,5,4,3,4,4,5,3,3,5,1,6,8,8,6,5,3,3,3,5,4,5,5,4,3,4,4,3,3,5,4,4,3,3,3,4,2,4,5,4,4,5,5,4,4,5,4,5,5,1200,1,2,1,1,3,5,5,5,5,4,4,5,3,5,3,4,3,4,3,3,4,4,4,5,7,2,5,8,NA,NA,NA,NA,NA,NA,NA,NA,NA,NA,NA,NA,NA,NA,NA,NA,NA,NA,NA,NA,NA,NA,NA,NA,NA,NA,NA,237298315266129,213,1,1608,4,4.333333333333333,3.3333333333333335,4.333333333333333,3.8,4,4,4.166666666666667,4,"Higher education (e.g., university degree or higher education diploma)",Man,19,Not religious at all (1),Rural,1200,7.090076835776092,"March 06, 2023"
2023-03-06 12:33:41,2023-03-06 12:54:55,0,100,1274,1,2023-03-06 12:54:56,R_1mCQv5ugvmfxk03,anonymous,FR,1,1,NA,61,4,213,3,4,1,1,4,1,1,1,2,2,3,1,1,1,NA,Un scientifique reconnu,1,6,1,4,5,4,2,4,4,3,2,4,3,3,4,4,5,4,4,3,3,3,1,4,3,4,4,4,4,4,4,2,3,5,5,1,4,4,3,4,3,4,3,3,1,7,5,10,1,3,3,3,3,3,3,3,3,3,3,1,1,5,3,1,1,4,2,3,2,3,3,1,3,2,4,4,4,5,5,5,4,4,4,24000,3,3,3,1,3,3,3,3,3,3,3,3,3,2,3,3,3,3,3,3,3,3,4,4,8,4,4,5,NA,NA,NA,NA,NA,NA,NA,NA,NA,NA,NA,NA,NA,NA,NA,NA,NA,NA,NA,NA,NA,NA,NA,NA,NA,NA,NA,237718972165335,213,1,1609,3.6666666666666665,3.6666666666666665,3.3333333333333335,3,3.8,4,3.4166666666666665,3.6666666666666665,4,"Higher education (e.g., university degree or higher education diploma)",Man,61,(3),Rural,24000,10.085809109330082,"March 06, 2023"
2023-03-06 12:45:30,2023-03-06 13:00:37,0,100,906,1,2023-03-06 13:00:37,R_2q9OONtWjbWVqtO,anonymous,FR,1,0,NA,35,4,213,2,3,3,3,3,3,2,1,4,4,5,2,1,1,Les laboratoires,NA,3,4,1,4,4,4,5,3,3,1,2,5,2,4,3,5,4,4,4,3,3,2,3,4,2,4,2,4,3,3,2,2,2,3,3,4,4,2,4,3,3,3,3,3,1,10,10,10,1,4,5,1,1,4,3,1,1,3,1,2,2,5,1,1,1,1,2,3,3,3,1,4,4,4,4,4,4,3,3,3,2,3,4,19000,99,99,1,1,3,3,3,3,3,3,3,4,4,4,4,4,2,3,3,3,3,2,4,7,6,7,4,6,NA,NA,NA,NA,NA,NA,NA,NA,NA,NA,NA,NA,NA,NA,NA,NA,NA,NA,NA,NA,NA,NA,NA,NA,NA,NA,NA,237718975589586,213,1,1611,3,3.6666666666666665,2.6666666666666665,2.3333333333333335,3.6,3,2.9166666666666665,3.3333333333333335,4,"Higher education (e.g., university degree or higher education diploma)",Woman,35,Not religious at all (1),Rural,19000,9.852194258148577,"March 06, 2023"
2023-03-06 12:52:35,2023-03-06 13:03:57,0,100,681,1,2023-03-06 13:03:57,R_9Hqoa8ymlyEcPHH,anonymous,FR,1,1,NA,28,4,213,6,6,6,6,5,5,5,4,1,4,5,5,1,1,NA,"ses diplômes, son domaine d'expertise, son expérience",3,6,1,5,5,5,5,5,5,2,5,4,4,4,3,4,3,3,3,4,4,3,3,5,4,4,4,4,4,4,4,5,4,5,5,5,4,3,2,3,3,3,3,3,1,1,10,1,10,3,1,1,3,1,1,1,1,1,5,1,3,2,3,3,3,3,1,2,1,3,1,1,4,1,4,1,4,1,4,1,4,1,4,6000,5,5,1,1,3,3,3,1,3,3,3,4,4,1,1,1,3,4,5,1,2,1,7,1,5,1,1,7,NA,NA,NA,NA,NA,NA,NA,NA,NA,NA,NA,NA,NA,NA,NA,NA,NA,NA,NA,NA,NA,NA,NA,NA,NA,NA,NA,237718971932696,213,1,1613,3.6666666666666665,4.333333333333333,4,3.6666666666666665,3.6,3,3.9166666666666665,4,4,"Higher education (e.g., university degree or higher education diploma)",Man,28,Not religious at all (1),Rural,6000,8.699514748210191,"March 06, 2023"
2023-03-06 12:47:32,2023-03-06 13:05:37,0,100,1085,1,2023-03-06 13:05:38,R_bHoCFHUFuLxzzwt,anonymous,FR,1,1,NA,34,3,213,1,3,1,1,1,1,1,1,1,3,3,1,1,1,NA,Nsp,3,1,1,3,5,5,3,3,4,4,4,5,3,3,3,5,5,5,3,3,2,3,3,4,3,3,3,4,4,3,3,5,4,5,1,3,4,3,3,1,1,1,1,1,1,10,1,10,1,5,3,3,3,4,3,3,1,3,1,2,2,3,3,4,3,3,3,3,3,3,2,5,5,5,5,5,5,5,5,5,5,5,5,35000,99,99,1,1,3,3,3,3,3,3,3,3,3,3,3,3,3,3,3,3,3,3,1,1,2,1,4,5,NA,NA,NA,NA,NA,NA,NA,NA,NA,NA,NA,NA,NA,NA,NA,NA,NA,NA,NA,NA,NA,NA,NA,NA,NA,NA,NA,237718974194913,213,1,1614,3,3.6666666666666665,3,3,3.8,5,3.1666666666666665,3.3333333333333335,3,"Secondary education (e.g., high school)",Man,34,Not religious at all (1),Rural,35000,10.46310334047155,"March 06, 2023"
2023-03-06 12:58:00,2023-03-06 13:07:31,0,100,571,1,2023-03-06 13:07:31,R_2cjfsRlGZmetCZr,anonymous,FR,1,0,NA,61,4,213,1,1,1,1,1,1,1,1,1,1,1,1,1,1,les populations mais de manière indirecte à travers l'évolution des recherches scientifiques par exemple,NA,3,4,1,5,5,5,3,5,3,3,4,5,5,5,5,5,5,5,5,5,5,5,3,5,5,5,5,5,5,5,4,5,5,1,1,1,4,4,1,1,1,2,1,1,1,10,1,10,1,5,4,3,1,3,3,3,2,4,1,3,1,3,3,3,3,1,2,3,3,3,2,5,5,5,5,5,5,5,5,5,5,5,5,20000,2,2,1,1,5,5,4,5,4,4,4,4,4,4,4,4,4,4,4,4,4,4,1,1,1,1,1,5,NA,NA,NA,NA,NA,NA,NA,NA,NA,NA,NA,NA,NA,NA,NA,NA,NA,NA,NA,NA,NA,NA,NA,NA,NA,NA,NA,237718971863260,213,1,1616,5,5,5,4,5,5,4.75,5,4,"Higher education (e.g., university degree or higher education diploma)",Woman,61,Not religious at all (1),Rural,20000,9.903487552536127,"March 06, 2023"
2023-03-06 11:42:03,2023-03-06 13:19:53,0,100,5869,1,2023-03-06 13:19:53,R_5vcpir7ZXILqg9P,anonymous,FR,1,0,NA,41,4,213,1,5,6,1,1,1,6,6,1,5,4,6,6,1,NA,"lorsqu'elle ou il parle d'un domaine dont il a la compétence et lorsqu'il s'est rapproché d'autres scientifiques qui peuvent lui apporter des informations différentes mais nécessaire pour effectuer tout le tour du sujet et mais aussi dans ses profondeurs. Mais la plupart ne le font pas et se contentent de donner des faits sans regarder si des faits similaires se sont déjà produits, ce qui entraine des hypothèses fausses. Comme sur le réchauffement climatique, qui se contente de nous dire qu'on constate une fonte des glaces au pole Bord alors qu'au pole sud on remarque le contraire et que cela s'est déjà produit dans l'histoire de la Terre, il s'agit d'un phénomène cyclique pour la Terre qui ne va pas contribuer à une catastrophe et qui n'est pas spécialement dû à l'activité humaine.",1,1,4,5,1,3,1,1,1,1,1,1,1,1,1,4,4,3,2,1,1,2,2,2,1,1,1,2,1,1,1,2,1,5,5,5,5,2,5,5,5,5,5,5,1,3,5,5,5,1,1,1,5,1,1,1,1,1,5,3,3,3,3,3,2,5,1,3,1,3,1,1,1,1,1,1,1,1,1,1,1,1,1,3500,5,4,1,1,1,1,1,1,2,2,1,1,1,1,1,1,2,2,2,2,2,2,5,6,5,6,2,4,NA,NA,NA,NA,NA,NA,NA,NA,NA,NA,NA,NA,NA,NA,NA,NA,NA,NA,NA,NA,NA,NA,NA,NA,NA,NA,NA,237718975277198,213,1,1619,1.3333333333333333,1.6666666666666667,1,1.3333333333333333,1.6,3,1.3333333333333333,1.5,4,"Higher education (e.g., university degree or higher education diploma)",Woman,41,Not religious at all (1),Rural,3500,8.160518247477505,"March 06, 2023"
2023-03-06 12:58:07,2023-03-06 13:26:19,0,100,1692,1,2023-03-06 13:26:20,R_Z9LpJLeLLXANfQl,anonymous,FR,1,1,NA,44,4,213,4,5,5,1,2,2,1,1,3,3,4,1,1,1,Le confort général des etres humains : moins de maladie / plus d’efforts ….,NA,4,6,1,5,5,3,2,4,4,2,3,2,4,4,4,5,3,4,3,5,3,4,3,4,4,4,4,4,4,4,3,5,4,4,4,3,4,3,2,3,3,4,2,2,1,8,4,9,2,5,2,4,2,4,4,4,3,5,1,2,2,2,3,1,2,3,2,3,3,3,1,5,5,5,5,5,5,5,5,5,5,5,5,55000,3,4,1,2,4,4,4,4,3,3,5,5,5,4,3,3,4,5,5,4,3,3,1,1,3,4,4,7,NA,NA,NA,NA,NA,NA,NA,NA,NA,NA,NA,NA,NA,NA,NA,NA,NA,NA,NA,NA,NA,NA,NA,NA,NA,NA,NA,237718971751539,213,1,1622,4,4.333333333333333,3.6666666666666665,3.3333333333333335,3.4,4,3.8333333333333335,4.166666666666667,4,"Higher education (e.g., university degree or higher education diploma)",Man,44,Not religious at all (1),Urban,55000,10.915088464214607,"March 06, 2023"
2023-03-06 09:08:14,2023-03-06 13:29:17,0,100,15662,1,2023-03-06 13:29:17,R_Pv6xSvnAx6d8vVD,anonymous,FR,1,1,NA,35,3,213,1,1,1,1,1,1,1,1,1,1,1,1,1,1,Je sais pas,NA,1,1,1,3,3,3,3,3,3,1,1,1,1,1,1,1,1,1,1,1,1,1,1,1,1,1,1,1,1,1,1,1,1,1,1,1,1,1,1,1,1,1,1,1,1,1,1,1,1,1,1,1,1,1,1,1,1,1,1,1,1,1,1,1,1,1,1,1,1,1,1,1,1,1,1,1,1,1,1,1,1,1,1,1500,1,1,1,1,1,1,1,1,1,1,1,1,1,1,1,1,1,1,1,1,1,1,1,1,1,1,1,1,NA,NA,NA,NA,NA,NA,NA,NA,NA,NA,NA,NA,NA,NA,NA,NA,NA,NA,NA,NA,NA,NA,NA,NA,NA,NA,NA,237718975503539,213,1,1623,1,1,1,1,1,1,1,1,3,"Secondary education (e.g., high school)",Man,35,Not religious at all (1),Rural,1500,7.313220387090301,"March 06, 2023"
2023-03-06 13:23:37,2023-03-06 13:38:37,0,100,899,1,2023-03-06 13:38:37,R_1pQN0VI9uZ5qXxU,anonymous,FR,1,0,NA,58,3,213,1,1,1,1,1,1,6,1,1,6,7,1,1,1,les scientifiques eux-mêmes,NA,1,6,4,1,1,1,1,1,1,1,1,1,1,1,1,5,5,1,1,1,1,1,1,1,1,1,1,1,1,1,1,1,1,5,5,5,1,1,5,5,5,5,5,5,1,10,1,10,1,1,1,1,5,1,1,1,1,1,5,1,1,5,1,1,1,5,1,1,1,1,1,1,1,1,1,1,1,1,1,1,1,1,1,25000,99,99,1,1,1,1,1,1,1,1,1,1,1,1,1,1,1,1,1,1,1,1,7,7,5,4,7,5,NA,NA,NA,NA,NA,NA,NA,NA,NA,NA,NA,NA,NA,NA,NA,NA,NA,NA,NA,NA,NA,NA,NA,NA,NA,NA,NA,237718975269119,213,1,1625,1,1,1,1,1.8,1,1,1,3,"Secondary education (e.g., high school)",Woman,58,Not religious at all (1),Rural,25000,10.126631103850338,"March 06, 2023"
2023-03-06 13:20:06,2023-03-06 13:38:46,0,100,1120,1,2023-03-06 13:38:47,R_1GWg2pBFzkSfMSP,anonymous,FR,1,0,NA,45,4,213,2,2,2,2,2,2,2,2,2,2,3,1,2,1,NA,Quelqu un qui. Déjà fait ses preuves dans ce domaine,2,6,1,4,4,4,2,3,3,2,4,3,4,3,4,4,3,4,4,4,3,4,3,4,4,4,2,4,4,4,3,2,3,3,1,3,3,3,3,2,2,4,3,3,1,5,6,3,2,3,3,2,1,1,1,1,1,3,4,2,1,5,3,1,1,4,1,3,3,3,1,5,5,5,5,5,5,5,5,5,5,5,5,33000,99,99,1,1,3,3,3,3,3,3,3,3,3,3,3,3,3,3,3,3,3,3,1,5,8,7,7,6,NA,NA,NA,NA,NA,NA,NA,NA,NA,NA,NA,NA,NA,NA,NA,NA,NA,NA,NA,NA,NA,NA,NA,NA,NA,NA,NA,237718974192859,213,1,1626,4,4,3.6666666666666665,2.6666666666666665,3.4,3,3.5833333333333335,4,4,"Higher education (e.g., university degree or higher education diploma)",Woman,45,Not religious at all (1),Rural,33000,10.404262840448617,"March 06, 2023"
2023-03-06 13:31:12,2023-03-06 13:39:55,0,100,523,1,2023-03-06 13:39:56,R_1BWtGSV3qIElxxE,anonymous,FR,1,0,NA,48,4,213,4,4,1,1,4,1,1,1,3,3,6,1,1,1,les industriels qui en tirent profit le plus souvent sans en repercuter les avantages sur les consommateurs ou utilisateurs,NA,3,6,1,4,4,4,2,3,3,1,4,1,3,3,2,4,5,5,4,5,4,3,2,5,3,4,1,4,3,2,1,5,3,4,4,4,4,1,4,4,1,1,3,3,1,7,3,5,1,2,5,5,1,4,4,1,4,5,3,1,1,5,3,1,3,4,1,4,3,4,1,5,5,5,5,5,5,5,5,5,5,5,5,3425,99,4,3,2,3,3,3,2,2,2,1,1,1,1,1,1,4,4,4,3,2,1,1,1,5,3,5,4,NA,NA,NA,NA,NA,NA,NA,NA,NA,NA,NA,NA,NA,NA,NA,NA,NA,NA,NA,NA,NA,NA,NA,NA,NA,NA,NA,236923091023003,213,1,1628,3,4.666666666666667,3.3333333333333335,1.3333333333333333,2.8,4,3.0833333333333335,3.8333333333333335,4,"Higher education (e.g., university degree or higher education diploma)",Woman,48,(3),Urban,3425,8.138856750696325,"March 06, 2023"
2023-03-06 12:29:13,2023-03-06 13:46:26,0,100,4632,1,2023-03-06 13:46:26,R_1NWafk9CPRgvLeV,anonymous,FR,1,1,NA,32,3,213,4,4,1,1,1,1,1,1,1,1,2,1,1,1,NA,son savoir,4,4,1,5,4,5,2,5,4,4,2,4,4,4,3,4,4,4,4,5,4,4,2,4,4,4,4,5,4,4,4,4,4,4,4,4,4,4,1,1,4,4,3,3,1,10,10,10,1,5,3,3,2,4,2,2,3,3,1,3,3,3,2,3,3,3,3,3,3,3,3,4,4,4,4,4,4,4,4,4,4,4,4,45000,1,1,1,2,4,4,4,4,3,4,5,4,4,4,3,4,4,4,4,4,3,3,1,1,2,3,6,7,NA,NA,NA,NA,NA,NA,NA,NA,NA,NA,NA,NA,NA,NA,NA,NA,NA,NA,NA,NA,NA,NA,NA,NA,NA,NA,NA,237718975270954,213,1,1631,4,4.666666666666667,4,3.3333333333333335,3.8,4,4,4.333333333333333,3,"Secondary education (e.g., high school)",Man,32,Not religious at all (1),Urban,45000,10.714417768752456,"March 06, 2023"
2023-03-06 13:47:35,2023-03-06 13:59:54,0,100,738,1,2023-03-06 13:59:54,R_2Cmnj51zrIbiPmX,anonymous,FR,1,1,NA,50,4,213,1,4,4,4,5,4,4,1,1,1,4,4,4,4,les malades,NA,3,6,1,3,3,3,3,3,3,3,3,3,3,3,3,3,3,3,3,3,3,3,3,3,3,3,3,3,3,3,3,3,3,3,3,3,3,3,3,3,3,3,3,3,1,5,5,5,5,3,3,3,3,3,3,3,3,3,3,3,3,3,3,3,3,3,1,3,3,3,1,3,3,3,3,3,3,3,3,3,3,3,3,50000,99,4,2,2,3,3,3,3,3,3,3,3,3,3,3,3,3,3,3,3,3,3,4,4,5,4,4,7,NA,NA,NA,NA,NA,NA,NA,NA,NA,NA,NA,NA,NA,NA,NA,NA,NA,NA,NA,NA,NA,NA,NA,NA,NA,NA,NA,237718975268869,213,1,1634,3,3,3,3,3,3,3,3,4,"Higher education (e.g., university degree or higher education diploma)",Man,50,(2),Urban,50000,10.819778284410283,"March 06, 2023"
2023-03-06 13:50:58,2023-03-06 14:03:32,0,100,754,1,2023-03-06 14:03:32,R_3reWmthunvtasQp,anonymous,FR,1,1,NA,58,4,213,4,3,4,2,2,2,3,2,3,3,2,1,2,2,NA,"son parcours ,la simplicité avec laquelle il explique des choses compliquée la base de ses hypothèses",3,6,1,5,4,4,2,5,5,3,4,3,4,4,3,4,4,4,3,4,4,4,2,4,4,4,3,4,4,3,4,4,4,4,3,4,4,4,3,2,4,2,3,4,1,9,7,8,2,3,4,2,2,4,2,2,2,3,2,3,2,2,3,3,3,4,2,3,3,3,2,5,5,5,5,5,5,5,5,5,5,5,5,75000,3,4,2,2,5,5,5,4,3,3,4,5,5,4,3,3,4,5,5,4,3,3,1,1,2,4,3,7,NA,NA,NA,NA,NA,NA,NA,NA,NA,NA,NA,NA,NA,NA,NA,NA,NA,NA,NA,NA,NA,NA,NA,NA,NA,NA,NA,237718972925121,213,1,1636,3.6666666666666665,4,4,3,3.6,4,3.6666666666666665,3.8333333333333335,4,"Higher education (e.g., university degree or higher education diploma)",Man,58,(2),Urban,75000,11.225243392518447,"March 06, 2023"
2023-03-06 13:39:54,2023-03-06 14:04:57,0,100,1503,1,2023-03-06 14:04:58,R_1hWKnMMSwCzBqP8,anonymous,FR,1,0,NA,35,4,213,1,4,6,6,4,4,6,6,4,6,6,6,3,1,NA,Que les faits soit correcte et fiable pas des face news et que ce doit basé  sur des statistiques concrètes,2,2,1,5,4,5,1,4,3,2,5,1,1,1,3,5,5,3,3,3,4,2,3,3,3,4,4,4,4,3,3,3,2,5,5,5,5,4,2,3,5,5,3,3,1,10,10,9,1,1,5,3,1,5,1,1,3,5,1,1,1,5,1,1,5,5,2,3,3,3,1,1,5,1,5,1,5,1,5,1,5,1,5,40000,1,4,2,1,3,4,4,2,1,2,2,3,3,1,5,3,3,5,5,2,1,3,5,7,1,7,1,7,NA,NA,NA,NA,NA,NA,NA,NA,NA,NA,NA,NA,NA,NA,NA,NA,NA,NA,NA,NA,NA,NA,NA,NA,NA,NA,NA,237718975604958,213,1,1637,3,3.3333333333333335,3.6666666666666665,3.3333333333333335,2.2,4,3.3333333333333335,3.1666666666666665,4,"Higher education (e.g., university degree or higher education diploma)",Woman,35,(2),Rural,40000,10.596634733096073,"March 06, 2023"
2023-03-06 13:57:53,2023-03-06 14:10:19,0,100,745,1,2023-03-06 14:10:20,R_2wuhGZfcdTDbCUf,anonymous,FR,1,0,NA,41,4,213,3,3,4,5,3,3,4,1,1,2,3,1,1,1,Je pense que ce sont les femmes,NA,3,6,1,5,4,4,3,4,4,3,4,3,2,2,4,5,5,4,4,4,4,4,3,5,4,4,3,4,3,4,3,5,4,3,4,4,5,3,4,3,3,4,4,3,1,7,7,8,4,4,4,3,5,3,3,2,2,1,2,4,2,4,2,3,2,4,2,3,3,3,2,4,3,4,3,4,4,4,4,4,4,4,4,31000,3,3,3,2,4,4,3,4,4,4,3,3,3,3,3,3,3,4,4,3,4,2,2,7,8,2,4,4,NA,NA,NA,NA,NA,NA,NA,NA,NA,NA,NA,NA,NA,NA,NA,NA,NA,NA,NA,NA,NA,NA,NA,NA,NA,NA,NA,237718974190810,213,1,1640,4,4.333333333333333,3.6666666666666665,3,3.2,5,3.75,4.166666666666667,4,"Higher education (e.g., university degree or higher education diploma)",Woman,41,(3),Urban,31000,10.341742483467284,"March 06, 2023"
2023-03-06 14:06:19,2023-03-06 14:19:52,0,100,813,1,2023-03-06 14:19:52,R_2EACHQhG64MysKq,anonymous,FR,1,1,NA,37,4,213,1,2,3,2,2,2,2,1,1,3,3,1,1,1,Les plus riches. Car se sont eux qui financent les recherches pour leur propre intérêt,NA,3,6,1,4,5,5,3,3,2,1,4,4,4,3,4,5,5,5,4,4,4,4,3,4,3,4,4,4,4,4,4,4,4,4,3,5,3,2,2,3,4,4,2,3,1,9,2,10,1,4,4,4,3,4,3,4,3,3,1,1,1,4,2,1,1,5,3,3,3,3,2,5,5,4,5,3,4,5,5,5,5,5,5,32000,1,1,1,2,4,4,4,4,3,4,4,4,5,4,4,4,4,4,4,4,3,4,1,2,6,4,5,4,NA,NA,NA,NA,NA,NA,NA,NA,NA,NA,NA,NA,NA,NA,NA,NA,NA,NA,NA,NA,NA,NA,NA,NA,NA,NA,NA,237298315264053,213,1,1641,4,4,3.6666666666666665,3.6666666666666665,4,5,3.8333333333333335,4,4,"Higher education (e.g., university degree or higher education diploma)",Man,37,Not religious at all (1),Urban,32000,10.373491181781864,"March 06, 2023"
2023-03-06 14:13:31,2023-03-06 14:24:44,0,100,672,1,2023-03-06 14:24:44,R_1pQhU07SRmsCO7t,anonymous,FR,1,1,NA,31,4,213,7,7,7,7,5,7,7,7,4,5,6,6,7,4,Plein de mon car c'est comme ça,NA,3,4,1,5,4,3,3,5,3,2,3,3,2,4,2,3,4,3,4,4,4,4,4,4,4,4,4,4,4,4,2,4,4,4,4,5,3,3,2,4,3,4,3,3,1,6,5,7,7,3,4,2,4,2,2,2,2,2,3,2,2,4,3,2,3,3,3,2,2,3,3,4,5,3,4,4,5,4,4,4,4,5,4,2400,3,4,3,1,4,4,4,4,3,3,4,5,3,4,2,3,3,3,4,4,3,4,3,3,2,6,3,3,NA,NA,NA,NA,NA,NA,NA,NA,NA,NA,NA,NA,NA,NA,NA,NA,NA,NA,NA,NA,NA,NA,NA,NA,NA,NA,NA,237718971971640,213,1,1644,4,4,4,3.3333333333333335,3,4,3.8333333333333335,4,4,"Higher education (e.g., university degree or higher education diploma)",Man,31,(3),Rural,2400,7.783224016336037,"March 06, 2023"
2023-03-06 14:20:10,2023-03-06 14:38:50,0,100,1119,1,2023-03-06 14:38:51,R_25NGmmkpuy0hcyA,anonymous,FR,1,99,NA,66,3,213,3,4,2,3,2,4,2,2,3,4,3,2,2,3,"Pas grand monde , je ne pense pas que travaillez sur la immortalité ou le génome va servir à sauver la planete",NA,2,6,1,2,4,2,1,2,3,2,4,2,2,2,2,4,2,2,3,2,3,2,2,2,2,2,3,3,2,2,2,3,3,3,4,3,2,3,3,4,3,3,3,2,1,7,6,9,3,2,3,3,2,2,3,2,3,5,3,2,1,1,1,1,2,1,2,3,3,3,2,4,4,4,4,4,4,4,5,5,4,5,5,13000,4,4,2,2,3,2,3,4,2,3,2,2,3,4,3,2,3,2,3,4,2,2,2,6,5,2,4,5,NA,NA,NA,NA,NA,NA,NA,NA,NA,NA,NA,NA,NA,NA,NA,NA,NA,NA,NA,NA,NA,NA,NA,NA,NA,NA,NA,237718972237848,213,1,1646,2,2.3333333333333335,2.3333333333333335,2.3333333333333335,2,2,2.25,2.1666666666666665,3,"Secondary education (e.g., high school)",Prefer not to say,66,(2),Urban,13000,9.472704636443673,"March 06, 2023"
2023-03-06 14:32:32,2023-03-06 14:40:09,0,100,457,1,2023-03-06 14:40:10,R_2f8P9AKTTRCMLsL,anonymous,FR,1,0,NA,35,3,213,7,7,7,7,7,7,7,7,7,7,7,7,7,7,NA,Je ne sais pas,5,3,4,5,5,5,5,5,5,5,5,5,5,5,5,5,5,5,5,5,5,5,3,5,3,5,5,5,4,5,5,5,5,5,5,5,5,5,5,5,5,5,5,5,1,10,1,10,1,5,5,5,1,5,1,1,5,5,1,1,1,5,1,1,1,1,4,4,3,3,4,5,5,5,5,5,5,5,5,5,5,5,5,13000,5,3,1,2,3,5,3,5,1,5,5,4,5,5,5,5,5,5,3,3,3,5,1,1,9,7,7,6,NA,NA,NA,NA,NA,NA,NA,NA,NA,NA,NA,NA,NA,NA,NA,NA,NA,NA,NA,NA,NA,NA,NA,NA,NA,NA,NA,237718975328288,213,1,1648,5,5,4,4.333333333333333,5,5,4.583333333333333,5,3,"Secondary education (e.g., high school)",Woman,35,Not religious at all (1),Urban,13000,9.472704636443673,"March 06, 2023"
2023-03-06 14:28:18,2023-03-06 14:41:30,0,100,791,1,2023-03-06 14:41:31,R_2Vw377F34Zwv4XP,anonymous,FR,1,0,NA,30,4,213,2,2,2,3,2,2,3,3,2,2,2,2,1,1,"L'homme, pour se développer et aller toujours plus loin, relativement souvent au détriment de la planète.",NA,4,4,1,4,5,5,2,4,4,3,5,3,2,4,4,5,4,5,4,4,4,3,4,4,3,4,3,4,4,4,4,3,3,2,2,2,3,3,2,3,3,3,2,3,1,5,1,10,1,3,4,5,3,4,4,4,4,4,1,2,1,5,2,2,2,3,3,3,3,3,3,4,5,4,5,5,5,5,5,5,5,5,5,18000,1,2,1,2,4,4,4,4,3,4,3,4,3,3,3,3,4,4,4,4,4,4,1,2,2,5,6,5,NA,NA,NA,NA,NA,NA,NA,NA,NA,NA,NA,NA,NA,NA,NA,NA,NA,NA,NA,NA,NA,NA,NA,NA,NA,NA,NA,237718974930014,213,1,1649,3.6666666666666665,4,3.6666666666666665,3.6666666666666665,3.4,5,3.75,3.8333333333333335,4,"Higher education (e.g., university degree or higher education diploma)",Woman,30,Not religious at all (1),Urban,18000,9.798127036878302,"March 06, 2023"
2023-03-06 14:36:14,2023-03-06 14:47:43,0,100,688,1,2023-03-06 14:47:43,R_27yamlw1nbTzBgR,anonymous,FR,1,1,NA,54,4,213,5,6,3,3,3,3,3,3,2,3,5,4,3,3,NA,Son ouverture d'esprit,3,6,1,5,4,4,2,3,3,3,3,3,3,3,2,3,2,4,2,3,2,2,2,3,1,3,2,4,2,1,2,2,2,4,3,3,2,1,4,3,2,3,3,4,1,6,3,8,2,2,2,3,2,3,1,2,3,4,2,2,2,2,3,2,2,3,3,2,2,3,3,4,4,4,4,4,4,4,4,4,4,4,4,26000,4,4,3,1,3,3,3,3,3,3,3,3,3,3,3,3,3,3,3,3,3,3,1,6,2,6,4,5,NA,NA,NA,NA,NA,NA,NA,NA,NA,NA,NA,NA,NA,NA,NA,NA,NA,NA,NA,NA,NA,NA,NA,NA,NA,NA,NA,237123007757488,213,1,1651,2,3.3333333333333335,1.6666666666666667,2,2.6,4,2.25,2.6666666666666665,4,"Higher education (e.g., university degree or higher education diploma)",Man,54,(3),Rural,26000,10.165851817003619,"March 06, 2023"
2023-03-06 14:04:39,2023-03-06 15:01:16,0,100,3396,1,2023-03-06 15:01:17,R_25H0yUrK20b8VHm,anonymous,FR,1,0,NA,34,4,213,3,4,4,3,4,3,4,4,4,4,4,3,3,2,NA,reconnaissance de son travail par ses paires,4,4,1,5,5,5,3,4,4,2,5,5,3,3,4,4,5,4,4,4,4,4,2,4,4,3,4,3,4,3,2,4,4,4,4,4,4,4,3,3,2,4,2,2,1,9,4,9,1,3,3,2,2,3,3,3,1,2,1,3,2,2,3,3,3,4,2,3,3,3,1,4,4,5,5,4,4,5,5,5,5,5,5,39000,99,99,1,2,4,4,4,4,2,3,4,3,3,3,3,3,4,4,4,3,2,3,2,2,7,5,4,8,NA,NA,NA,NA,NA,NA,NA,NA,NA,NA,NA,NA,NA,NA,NA,NA,NA,NA,NA,NA,NA,NA,NA,NA,NA,NA,NA,237718971895031,213,1,1654,3.3333333333333335,3.6666666666666665,4,2.6666666666666665,4,4,3.4166666666666665,3.5,4,"Higher education (e.g., university degree or higher education diploma)",Woman,34,Not religious at all (1),Urban,39000,10.571316925111784,"March 06, 2023"
2023-03-06 14:30:42,2023-03-06 15:04:10,0,100,2007,1,2023-03-06 15:04:10,R_1kTRX4WI3OyfmJE,anonymous,FR,1,1,NA,31,3,213,6,5,5,5,6,6,6,4,5,5,6,4,5,5,La science profite le plus aux classe supérieur qui aime le répéter à tous discour et moment.,NA,4,4,1,4,5,4,2,3,2,2,5,3,3,4,2,5,2,5,4,4,4,3,4,4,3,4,2,4,4,3,3,3,3,4,4,3,4,4,3,3,4,4,3,4,1,7,7,8,1,3,4,4,2,4,3,3,3,5,1,1,1,1,1,1,1,5,1,3,3,3,1,4,4,4,4,4,4,5,5,5,5,5,5,11200,99,4,1,1,4,4,3,2,3,3,2,4,3,3,2,3,2,2,3,2,3,3,2,5,6,5,6,4,NA,NA,NA,NA,NA,NA,NA,NA,NA,NA,NA,NA,NA,NA,NA,NA,NA,NA,NA,NA,NA,NA,NA,NA,NA,NA,NA,237718975582277,213,1,1656,3.3333333333333335,4,3.6666666666666665,3,2.8,4,3.5,3.6666666666666665,3,"Secondary education (e.g., high school)",Man,31,Not religious at all (1),Rural,11200,9.323669057283185,"March 06, 2023"
2023-03-06 14:41:05,2023-03-06 15:04:49,0,100,1423,1,2023-03-06 15:04:50,R_2CE6Lrl8DoDTI7f,anonymous,FR,1,0,NA,54,4,213,2,2,2,2,2,1,2,1,1,2,3,1,1,1,Medecine,NA,4,6,1,4,4,4,2,4,3,3,3,4,3,3,4,3,3,4,4,4,3,4,4,5,4,4,4,4,4,4,4,4,4,4,4,4,3,3,2,2,4,2,2,2,1,8,6,5,2,4,4,2,3,2,2,2,2,3,2,3,2,4,3,3,3,4,1,2,3,3,1,3,3,4,3,3,3,2,2,2,2,2,2,27000,2,5,2,1,4,4,4,4,3,4,4,4,4,4,4,4,4,4,4,4,4,3,3,5,5,2,3,2,NA,NA,NA,NA,NA,NA,NA,NA,NA,NA,NA,NA,NA,NA,NA,NA,NA,NA,NA,NA,NA,NA,NA,NA,NA,NA,NA,237718974029966,213,1,1658,4,4.333333333333333,3.6666666666666665,4,3.4,4,4,4.166666666666667,4,"Higher education (e.g., university degree or higher education diploma)",Woman,54,(2),Rural,27000,10.203592144986466,"March 06, 2023"
2023-03-06 14:56:21,2023-03-06 15:06:59,0,100,638,1,2023-03-06 15:06:59,R_1dAzFEuTLEQdFkz,anonymous,FR,1,0,NA,36,3,213,2,1,1,1,3,1,3,2,1,1,5,5,1,1,NA,SA FRANCHISE,4,5,6,5,3,3,4,2,2,2,2,4,4,4,4,4,4,3,3,3,1,1,3,1,3,3,3,3,3,3,3,2,1,2,2,2,2,2,5,5,3,2,2,3,1,6,7,9,5,3,3,4,4,4,2,1,4,3,3,5,4,4,4,3,4,3,2,2,2,2,2,3,3,4,3,3,3,3,3,4,3,3,3,0,99,99,3,2,3,3,3,3,3,3,3,3,4,3,4,3,3,4,4,4,4,4,4,4,5,4,4,7,NA,NA,NA,NA,NA,NA,NA,NA,NA,NA,NA,NA,NA,NA,NA,NA,NA,NA,NA,NA,NA,NA,NA,NA,NA,NA,NA,237718972545064,213,1,1659,2.3333333333333335,2.3333333333333335,2.3333333333333335,3,4,3,2.5,2.3333333333333335,3,"Secondary education (e.g., high school)",Woman,36,(3),Urban,0,-Inf,"March 06, 2023"
2023-03-06 14:58:01,2023-03-06 15:16:19,0,100,1096,1,2023-03-06 15:16:20,R_xgPbcscjhAgTBi9,anonymous,FR,1,0,NA,65,4,213,5,4,1,1,1,4,1,1,2,4,4,1,1,1,"tout le monde , la science fait progresser l'humanité",NA,3,2,1,5,5,3,3,3,3,2,2,1,1,3,3,5,5,5,5,3,3,4,3,3,3,4,3,4,3,3,3,4,4,3,3,3,3,1,2,2,2,3,1,2,1,6,6,6,1,5,1,4,2,5,2,1,4,5,1,1,1,3,2,1,2,2,1,2,3,3,1,5,5,5,1,5,5,5,5,5,5,5,5,NA,3,4,3,1,4,4,4,4,4,4,3,3,3,3,3,3,3,3,3,3,3,3,1,4,6,7,7,6,NA,NA,NA,NA,NA,NA,NA,NA,NA,NA,NA,NA,NA,NA,NA,NA,NA,NA,NA,NA,NA,NA,NA,NA,NA,NA,NA,237718975315123,213,1,1662,3.6666666666666665,3.3333333333333335,3,3,2.6,5,3.25,3.5,4,"Higher education (e.g., university degree or higher education diploma)",Woman,65,(3),Rural,NA,NA,"March 06, 2023"
2023-03-06 15:06:41,2023-03-06 15:21:00,0,100,859,1,2023-03-06 15:21:01,R_2sWNg4i7SEwwxVQ,anonymous,FR,1,1,NA,49,4,213,3,3,2,1,1,1,3,2,1,2,3,3,3,1,"La population en général, pour faire avancer les recherches",NA,4,6,1,5,5,5,3,4,4,2,3,3,4,4,4,4,5,4,4,4,4,4,3,4,4,4,4,4,4,4,4,4,4,4,4,4,3,3,2,1,2,2,2,2,1,9,9,9,2,4,3,4,2,4,4,4,4,4,2,3,4,2,4,3,4,2,3,3,3,3,3,4,4,4,4,4,4,4,4,4,4,4,4,60000,2,2,4,2,4,4,4,4,4,4,4,4,4,4,4,4,4,4,4,4,4,4,2,2,2,6,5,7,NA,NA,NA,NA,NA,NA,NA,NA,NA,NA,NA,NA,NA,NA,NA,NA,NA,NA,NA,NA,NA,NA,NA,NA,NA,NA,NA,237718975480865,213,1,1664,4,4,4,3.6666666666666665,4,4,3.9166666666666665,4,4,"Higher education (e.g., university degree or higher education diploma)",Man,49,(4),Urban,60000,11.002099841204238,"March 06, 2023"
2023-03-06 15:14:39,2023-03-06 15:27:23,0,100,764,1,2023-03-06 15:27:23,R_ONDfXLRpL1StMWt,anonymous,FR,1,1,NA,75,4,213,3,4,4,4,3,2,4,4,3,3,4,5,5,1,NA,"Son expérience, sa renommée, son travail",4,6,1,5,5,4,4,3,3,2,4,3,4,4,4,4,4,5,5,5,5,4,4,5,4,4,4,4,4,4,4,5,5,5,5,5,3,4,1,1,4,3,1,1,1,10,7,8,6,4,2,2,3,3,1,2,1,3,1,2,2,4,1,2,1,5,1,3,2,3,1,4,4,4,4,4,4,4,4,4,4,4,4,6000,5,5,3,1,5,4,4,4,3,4,4,4,4,3,3,4,5,5,5,4,4,4,2,2,2,2,1,8,NA,NA,NA,NA,NA,NA,NA,NA,NA,NA,NA,NA,NA,NA,NA,NA,NA,NA,NA,NA,NA,NA,NA,NA,NA,NA,NA,237718971311296,213,1,1666,4,4.666666666666667,4.333333333333333,4,3.8,5,4.25,4.333333333333333,4,"Higher education (e.g., university degree or higher education diploma)",Man,75,(3),Rural,6000,8.699514748210191,"March 06, 2023"
2023-03-06 15:12:36,2023-03-06 15:31:05,0,100,1109,1,2023-03-06 15:31:05,R_1PZqEIap6XZRmDc,anonymous,FR,1,1,NA,50,3,213,2,5,2,2,3,3,2,1,2,2,3,2,1,1,"L'état , pour ce que cela rapporte monetairement Le citoyen pour ls sécurité  ( vaccins etc...)",NA,4,4,2,4,5,5,5,4,3,3,4,3,3,5,4,4,5,4,5,3,4,4,3,5,3,4,2,4,3,4,3,3,3,3,2,2,2,2,1,3,1,3,2,3,1,7,7,7,1,4,5,4,1,5,3,4,5,3,1,5,5,3,4,5,5,3,2,3,2,3,1,5,5,4,5,5,5,5,5,5,5,5,5,2900,99,99,3,2,4,4,3,4,3,3,3,3,3,4,3,4,3,4,3,4,3,3,1,2,6,4,6,6,NA,NA,NA,NA,NA,NA,NA,NA,NA,NA,NA,NA,NA,NA,NA,NA,NA,NA,NA,NA,NA,NA,NA,NA,NA,NA,NA,237718971756664,213,1,1668,4,4,3.3333333333333335,2.6666666666666665,4,4,3.5,4,3,"Secondary education (e.g., high school)",Man,50,(3),Urban,2900,7.9724660159745655,"March 06, 2023"
2023-03-06 15:25:47,2023-03-06 15:35:17,0,100,570,1,2023-03-06 15:35:17,R_sbNYzYDBsV4gU6d,anonymous,FR,1,0,NA,60,4,213,6,5,6,7,6,6,5,5,6,6,5,6,4,5,les hopitaux,NA,4,4,4,4,5,3,4,5,4,3,4,4,5,4,4,4,5,5,5,4,3,5,4,4,5,4,4,5,4,4,5,4,4,4,5,4,4,4,4,5,5,3,5,4,1,9,9,7,10,4,5,5,4,3,4,5,5,4,4,4,5,5,5,4,5,4,3,4,3,3,4,5,4,5,5,5,5,4,4,5,4,5,5,600,5,4,4,1,5,5,5,4,5,4,5,5,5,4,5,4,4,5,5,4,4,5,7,6,8,5,7,9,NA,NA,NA,NA,NA,NA,NA,NA,NA,NA,NA,NA,NA,NA,NA,NA,NA,NA,NA,NA,NA,NA,NA,NA,NA,NA,NA,237718975279280,213,1,1670,4.333333333333333,4.333333333333333,4,4.333333333333333,4.4,4,4.25,4.333333333333333,4,"Higher education (e.g., university degree or higher education diploma)",Woman,60,(4),Rural,600,6.396929655216146,"March 06, 2023"
2023-03-06 15:22:06,2023-03-06 15:48:18,0,100,1572,1,2023-03-06 15:48:19,R_2rT0cuymmO1jyYg,anonymous,FR,1,1,NA,69,3,213,1,6,6,3,1,1,3,1,1,7,2,1,3,1,NA,Sa notoriete en la matiere Didier Raoult et quelques professeurs virologue,5,1,2,5,1,5,4,5,5,5,3,1,5,1,5,5,5,5,3,3,2,4,3,4,3,4,4,5,3,3,4,4,3,5,5,3,4,3,3,5,1,3,5,5,1,6,1,5,6,3,3,1,5,1,1,1,1,1,5,3,3,5,5,3,1,5,4,3,3,3,1,2,2,3,5,2,2,3,3,3,5,3,3,2800,5,5,3,1,5,5,5,3,3,3,4,4,5,3,3,3,3,5,5,3,3,3,4,4,9,1,3,5,NA,NA,NA,NA,NA,NA,NA,NA,NA,NA,NA,NA,NA,NA,NA,NA,NA,NA,NA,NA,NA,NA,NA,NA,NA,NA,NA,237718975270949,213,1,1672,3.6666666666666665,4,2.6666666666666665,3.6666666666666665,3.4,5,3.5,3.8333333333333335,3,"Secondary education (e.g., high school)",Man,69,(3),Rural,2800,7.937374696163295,"March 06, 2023"
2023-03-06 15:37:40,2023-03-06 15:52:10,0,100,869,1,2023-03-06 15:52:10,R_BRCZ1gygC5wEMFP,anonymous,FR,1,1,NA,46,4,213,2,3,2,1,5,5,2,1,2,2,2,1,2,1,"L'humanité, elle progresse grâce à la science",NA,4,4,1,5,5,4,1,4,4,2,4,3,4,4,3,4,3,5,5,4,4,4,4,5,4,4,4,4,4,4,4,5,4,3,3,3,4,3,1,2,2,1,1,1,1,8,1,9,1,4,4,4,1,3,1,1,2,4,1,1,1,5,1,1,1,5,3,3,3,3,2,5,5,5,5,5,5,5,5,5,5,5,5,22000,2,2,1,2,4,4,4,4,2,3,4,4,4,4,3,3,4,4,4,4,3,3,1,1,2,1,1,6,NA,NA,NA,NA,NA,NA,NA,NA,NA,NA,NA,NA,NA,NA,NA,NA,NA,NA,NA,NA,NA,NA,NA,NA,NA,NA,NA,237718971334879,213,1,1673,4,4.333333333333333,4,4,3.4,5,4.083333333333333,4.166666666666667,4,"Higher education (e.g., university degree or higher education diploma)",Man,46,Not religious at all (1),Urban,22000,9.998797732340453,"March 06, 2023"
2023-03-06 15:51:55,2023-03-06 16:06:46,0,100,890,1,2023-03-06 16:06:47,R_2QYxboNNvjKPIrj,anonymous,FR,1,1,NA,67,4,213,1,2,4,1,1,1,1,1,1,1,1,1,1,1,les grandes sociétes,NA,2,2,5,4,4,4,3,4,4,4,4,4,4,5,5,5,5,5,4,4,4,4,3,4,4,4,4,5,4,4,3,1,3,4,4,3,4,2,2,3,3,4,3,3,1,5,5,5,5,4,3,3,3,4,1,3,1,3,1,2,2,4,2,2,4,1,1,3,3,3,1,4,4,4,4,4,4,4,4,4,4,4,4,48000,99,4,1,1,4,4,4,3,2,2,4,4,4,3,2,2,4,4,4,3,3,2,1,1,2,3,1,6,NA,NA,NA,NA,NA,NA,NA,NA,NA,NA,NA,NA,NA,NA,NA,NA,NA,NA,NA,NA,NA,NA,NA,NA,NA,NA,NA,237718975433884,213,1,1675,4,4.333333333333333,4,3.3333333333333335,4.6,4,3.9166666666666665,4.166666666666667,4,"Higher education (e.g., university degree or higher education diploma)",Man,67,Not religious at all (1),Rural,48000,10.778956289890028,"March 06, 2023"
2023-03-06 15:54:28,2023-03-06 16:14:40,0,100,1212,1,2023-03-06 16:14:40,R_1lbmI3jaxwdYGVh,anonymous,FR,1,1,NA,72,3,213,1,1,1,1,3,1,1,1,1,1,2,1,1,1,NA,aucune idée,2,4,1,5,5,5,4,2,1,1,2,5,4,4,4,5,4,4,3,4,3,3,3,4,3,3,3,4,3,3,3,5,3,5,5,5,5,3,5,3,4,4,4,4,1,7,5,5,5,4,3,3,3,3,3,3,3,3,3,3,2,3,3,2,2,2,1,3,3,3,1,5,5,5,5,4,5,5,5,5,5,3,5,NA,99,99,1,1,4,4,3,3,3,1,4,4,3,3,3,1,4,4,3,3,3,1,6,7,7,4,7,5,NA,NA,NA,NA,NA,NA,NA,NA,NA,NA,NA,NA,NA,NA,NA,NA,NA,NA,NA,NA,NA,NA,NA,NA,NA,NA,NA,237718972289100,213,1,1677,3,4,3,3,4.2,5,3.25,3.5,3,"Secondary education (e.g., high school)",Man,72,Not religious at all (1),Rural,NA,NA,"March 06, 2023"
2023-03-06 16:00:13,2023-03-06 16:20:44,0,100,1231,1,2023-03-06 16:20:45,R_3CJIwVXK1nk6NpX,anonymous,FR,1,1,NA,56,4,213,5,5,5,4,4,5,3,2,3,2,3,3,2,1,NA,"Sa formation universitaire, son acquisition de diplômes officiels, son rattachement à des centres de recherche reconnus et légitimes, sa capacité à publier les fruits de ses recherches dans des revues internationales, sa collaboration avec d'autres chercheurs de disciplines complémentaires.",4,2,1,5,5,3,3,4,5,3,4,5,4,5,5,5,2,5,5,4,4,3,3,4,4,4,3,4,4,3,2,4,4,4,4,3,3,3,3,2,2,2,1,1,1,8,3,8,3,4,3,4,2,5,3,2,3,4,1,1,2,4,2,2,2,3,3,3,3,3,3,5,5,4,5,4,5,5,5,5,5,5,5,48000,4,5,3,2,4,4,4,5,3,4,4,4,4,4,3,4,4,4,4,5,3,4,1,2,4,6,5,7,NA,NA,NA,NA,NA,NA,NA,NA,NA,NA,NA,NA,NA,NA,NA,NA,NA,NA,NA,NA,NA,NA,NA,NA,NA,NA,NA,237718971947043,213,1,1678,3.3333333333333335,4,4,2.6666666666666665,4.2,4,3.5,3.6666666666666665,4,"Higher education (e.g., university degree or higher education diploma)",Man,56,(3),Urban,48000,10.778956289890028,"March 06, 2023"
2023-03-06 16:05:05,2023-03-06 16:29:53,0,100,1488,1,2023-03-06 16:29:54,R_1hMASm6Jm62s8r1,anonymous,FR,1,0,NA,63,4,213,4,2,4,1,3,3,3,1,1,3,3,1,1,1,"Les entreprises pharmaceutiques . la recherche médicale pour les maladies qui ne sont pas rares, ni orphelines sinon assureraient les recherches sur ces derniers points le climat parce que l'urgence est là, mais aurait pu intervenir plus tôt les militaires pour renforcer les défenses",NA,3,4,1,5,4,5,4,3,3,2,4,4,4,5,4,5,3,5,5,4,4,3,3,4,4,4,3,4,3,4,3,4,4,3,2,4,4,4,3,3,4,4,4,4,1,6,5,4,4,4,4,3,2,4,3,3,2,4,2,4,2,4,4,2,2,4,3,2,2,3,1,3,4,2,4,2,2,3,4,3,4,3,3,29000,99,99,1,1,4,4,4,3,3,4,4,4,4,3,3,3,4,4,4,4,3,3,4,5,3,4,5,5,NA,NA,NA,NA,NA,NA,NA,NA,NA,NA,NA,NA,NA,NA,NA,NA,NA,NA,NA,NA,NA,NA,NA,NA,NA,NA,NA,237123007746177,213,1,1681,3.6666666666666665,4,3.6666666666666665,3,4,4,3.5833333333333335,3.8333333333333335,4,"Higher education (e.g., university degree or higher education diploma)",Woman,63,Not religious at all (1),Rural,29000,10.275051108968611,"March 06, 2023"
2023-03-06 16:19:16,2023-03-06 16:37:12,0,100,1076,1,2023-03-06 16:37:13,R_0olprZhkmurivK1,anonymous,FR,1,1,NA,70,1,213,3,2,2,2,3,2,3,1,1,1,1,1,1,1,Pour moi .c’est l’être humain qui en bénéficie  le plus grâce à la découverte de nouveaux traitements médicaux,NA,4,4,1,4,4,5,2,3,3,2,2,4,4,2,5,4,5,5,3,4,4,4,3,4,4,4,2,5,4,4,3,4,5,2,4,2,4,3,2,3,2,3,4,3,1,9,1,9,1,5,4,2,3,1,2,1,2,3,3,3,2,2,3,1,1,2,3,3,4,4,1,5,4,5,5,5,5,5,4,5,5,5,5,30000,99,3,2,2,4,4,3,3,2,2,4,3,3,3,3,4,3,4,2,1,2,2,7,4,6,2,3,5,NA,NA,NA,NA,NA,NA,NA,NA,NA,NA,NA,NA,NA,NA,NA,NA,NA,NA,NA,NA,NA,NA,NA,NA,NA,NA,NA,237718971654168,213,1,1684,4,4.333333333333333,4,2.6666666666666665,4,4,3.75,4.166666666666667,1,Did not attend school,Man,70,(2),Urban,30000,10.308952660644293,"March 06, 2023"
2023-03-06 16:33:58,2023-03-06 16:40:06,0,100,367,1,2023-03-06 16:40:06,R_1Q3nFSvH7Tf6tJJ,anonymous,FR,1,1,NA,31,4,213,7,6,6,7,6,6,6,6,5,5,6,5,5,5,NA,SA SCIENCE,4,6,3,4,4,4,5,5,4,4,4,4,5,4,4,5,4,4,5,4,5,4,4,4,5,4,3,4,4,5,4,4,5,5,4,4,4,4,4,5,5,4,4,4,1,10,9,9,9,4,2,3,4,4,2,2,2,5,3,4,4,5,5,4,4,4,3,3,3,2,2,5,4,4,4,4,4,4,3,3,3,3,4,150000,3,2,4,2,5,5,4,4,4,4,4,4,3,4,3,4,5,4,4,5,4,4,5,6,7,6,5,9,NA,NA,NA,NA,NA,NA,NA,NA,NA,NA,NA,NA,NA,NA,NA,NA,NA,NA,NA,NA,NA,NA,NA,NA,NA,NA,NA,237718975312023,213,1,1686,4.333333333333333,4,4.666666666666667,3.6666666666666665,4.2,4,4.166666666666667,4.166666666666667,4,"Higher education (e.g., university degree or higher education diploma)",Man,31,(4),Urban,150000,11.918390573078392,"March 06, 2023"
2023-03-06 16:37:48,2023-03-06 16:43:11,0,100,322,1,2023-03-06 16:43:11,R_DcwHOXQQhDH5JER,anonymous,FR,1,0,NA,56,3,213,2,2,2,2,2,2,2,2,2,2,2,2,2,2,Euh,NA,3,4,1,3,3,3,3,3,3,3,3,3,3,3,3,3,3,3,3,3,3,3,3,3,3,3,3,3,3,3,3,3,3,3,3,3,3,3,3,3,3,3,3,3,1,6,6,6,6,3,3,3,3,3,3,3,3,3,3,3,3,3,3,3,3,3,2,2,2,2,2,3,3,3,3,3,3,3,3,3,3,3,3,29990,99,99,3,2,3,3,3,3,3,3,3,3,3,3,3,3,3,3,3,3,3,3,4,4,5,4,4,6,NA,NA,NA,NA,NA,NA,NA,NA,NA,NA,NA,NA,NA,NA,NA,NA,NA,NA,NA,NA,NA,NA,NA,NA,NA,NA,NA,237718975268864,213,1,1687,3,3,3,3,3,3,3,3,3,"Secondary education (e.g., high school)",Woman,56,(3),Urban,29990,10.308619271743055,"March 06, 2023"
2023-03-06 16:23:59,2023-03-06 16:57:33,0,100,2013,1,2023-03-06 16:57:34,R_9ZuD9XjdXjpRmGR,anonymous,FR,1,0,NA,49,3,213,1,4,3,5,4,3,5,3,2,2,2,3,4,3,la recherche médicale,NA,3,4,1,5,4,4,4,4,4,2,3,4,3,4,3,4,3,4,4,4,4,4,3,5,4,5,4,5,4,4,3,4,4,2,1,1,4,3,2,3,4,4,3,4,1,9,5,9,2,4,3,2,2,3,3,1,1,2,1,3,3,3,4,3,3,2,2,3,3,3,2,3,4,3,4,2,4,3,4,4,4,3,4,2300,99,99,3,1,3,4,3,4,3,2,3,3,3,2,2,2,3,4,2,4,2,2,1,2,4,5,5,4,NA,NA,NA,NA,NA,NA,NA,NA,NA,NA,NA,NA,NA,NA,NA,NA,NA,NA,NA,NA,NA,NA,NA,NA,NA,NA,NA,237718975279291,213,1,1690,4.333333333333333,4.666666666666667,4,3.3333333333333335,3.4,4,4.083333333333333,4.5,3,"Secondary education (e.g., high school)",Woman,49,(3),Rural,2300,7.7406644019172415,"March 06, 2023"
2023-03-06 16:50:51,2023-03-06 17:10:17,0,100,1166,1,2023-03-06 17:10:17,R_30lcDixo4MVK6mH,anonymous,FR,1,0,NA,54,3,213,2,4,4,1,4,1,2,1,2,2,3,1,1,1,NA,que ces travaux soit prouvés fiables,3,6,1,5,5,3,3,5,4,3,3,4,4,5,4,4,2,3,3,3,3,4,3,4,3,4,3,4,4,4,4,5,4,4,4,4,4,2,3,3,3,2,3,3,1,8,8,10,1,4,4,3,2,3,3,2,2,4,2,4,2,4,3,3,2,4,1,3,3,2,2,3,3,5,2,2,2,4,3,5,3,2,3,7000,4,3,2,1,3,4,4,3,4,3,3,4,3,4,4,3,3,4,3,2,3,3,2,2,2,4,5,2,NA,NA,NA,NA,NA,NA,NA,NA,NA,NA,NA,NA,NA,NA,NA,NA,NA,NA,NA,NA,NA,NA,NA,NA,NA,NA,NA,237718975288365,213,1,1693,4,3.6666666666666665,3.3333333333333335,3.3333333333333335,3.8,3,3.5833333333333335,3.8333333333333335,3,"Secondary education (e.g., high school)",Woman,54,(2),Rural,7000,8.85366542803745,"March 06, 2023"
2023-03-06 17:08:00,2023-03-06 17:20:16,0,100,736,1,2023-03-06 17:20:16,R_29hIACtRRqr7tQe,anonymous,FR,1,0,NA,51,3,213,1,3,1,3,4,4,4,4,4,4,3,3,3,3,NA,"avoir de vrai références, avoir fais des tests avant et nous les monté en réel.",2,4,2,4,4,3,3,3,3,3,3,4,3,3,3,3,3,4,4,3,3,3,3,3,3,3,3,3,3,3,3,3,3,3,3,3,3,3,3,3,3,3,3,3,1,10,10,10,1,3,3,3,3,3,3,3,3,3,3,2,2,2,2,2,2,2,2,2,2,2,2,3,3,3,3,3,3,3,3,3,3,3,3,1500,99,1,1,1,3,3,3,3,3,3,3,3,3,3,3,3,3,3,3,3,3,3,2,2,8,6,6,5,NA,NA,NA,NA,NA,NA,NA,NA,NA,NA,NA,NA,NA,NA,NA,NA,NA,NA,NA,NA,NA,NA,NA,NA,NA,NA,NA,237298314671169,213,1,1695,3,3,3,3,3.2,4,3,3,3,"Secondary education (e.g., high school)",Woman,51,Not religious at all (1),Rural,1500,7.313220387090301,"March 06, 2023"
2023-03-06 17:04:15,2023-03-06 17:22:04,0,100,1068,1,2023-03-06 17:22:04,R_2PCm2PttfI3PmOS,anonymous,FR,1,1,NA,68,3,213,3,3,2,1,1,1,2,1,1,1,3,1,1,1,NA,"sa notoriété, ses études à l ' université, ses publications, ses conférences",4,1,5,5,5,4,3,4,4,2,1,4,4,4,4,5,4,5,4,4,4,4,3,4,4,4,4,4,4,4,4,3,4,3,3,3,4,3,1,2,3,3,3,3,1,7,6,5,2,4,4,4,4,4,4,3,4,4,1,4,3,3,3,3,3,3,3,3,3,3,2,4,4,4,4,4,4,4,4,4,4,4,4,3800,4,4,3,1,4,4,4,4,3,4,3,3,3,3,3,3,4,4,4,4,3,4,2,2,7,5,5,7,NA,NA,NA,NA,NA,NA,NA,NA,NA,NA,NA,NA,NA,NA,NA,NA,NA,NA,NA,NA,NA,NA,NA,NA,NA,NA,NA,237718975269922,213,1,1697,4,4,4,3.6666666666666665,4,4,3.9166666666666665,4,3,"Secondary education (e.g., high school)",Man,68,(3),Rural,3800,8.242756345714477,"March 06, 2023"
2023-03-06 17:05:59,2023-03-06 17:30:10,0,100,1451,1,2023-03-06 17:30:11,R_3rOksXAG9jz5pBa,anonymous,FR,1,2,bendaher,68,2,213,1,1,1,1,1,1,1,1,1,1,1,1,1,1,les chercheur les patient les animeaux,NA,3,4,1,3,4,5,4,3,4,4,4,2,4,1,2,4,5,5,4,4,4,4,4,4,4,4,4,4,3,4,4,3,2,4,3,4,3,3,2,4,4,4,3,3,1,7,4,4,4,2,5,1,1,1,1,5,1,1,5,1,5,5,5,1,1,1,1,3,1,1,1,1,1,1,1,1,1,1,1,3,3,2,2,20.000,99,99,1,1,5,5,4,2,3,5,4,4,3,3,3,3,3,4,4,2,2,3,2,7,6,6,6,1,NA,NA,NA,NA,NA,NA,NA,NA,NA,NA,NA,NA,NA,NA,NA,NA,NA,NA,NA,NA,NA,NA,NA,NA,NA,NA,NA,237718975294546,213,1,1698,4,4,3.6666666666666665,4,2.8,4,3.9166666666666665,4,2,Primary education,Prefer to self-describe,68,Not religious at all (1),Rural,20000,9.903487552536127,"March 06, 2023"
2023-03-06 17:27:22,2023-03-06 17:36:49,0,100,567,1,2023-03-06 17:36:50,R_1gC3W6trnzVOsS9,anonymous,FR,1,1,NA,47,3,213,5,5,6,5,6,5,5,5,5,5,5,5,5,5,NA,la verité,3,4,1,5,5,5,5,5,5,5,5,1,1,1,1,1,1,4,3,4,3,3,3,4,4,4,4,3,4,4,3,4,3,4,3,4,4,4,4,3,5,4,4,3,1,10,10,10,10,3,1,3,1,3,1,1,1,1,1,1,1,1,1,1,1,1,2,2,2,2,2,5,5,5,5,5,5,5,5,5,5,5,5,39000,99,3,1,1,3,3,3,3,3,3,3,3,3,3,3,3,2,2,2,2,2,2,4,4,9,6,6,6,NA,NA,NA,NA,NA,NA,NA,NA,NA,NA,NA,NA,NA,NA,NA,NA,NA,NA,NA,NA,NA,NA,NA,NA,NA,NA,NA,237718975279283,213,1,1701,3.6666666666666665,3.6666666666666665,3.6666666666666665,3.3333333333333335,1,3,3.5833333333333335,3.6666666666666665,3,"Secondary education (e.g., high school)",Man,47,Not religious at all (1),Rural,39000,10.571316925111784,"March 06, 2023"
2023-03-06 17:15:00,2023-03-06 17:41:33,0,100,1592,1,2023-03-06 17:41:33,R_ReI2sVAQH7Q1xbX,anonymous,FR,1,1,NA,65,3,213,1,2,1,1,2,1,1,1,1,1,3,1,1,1,Les gens les + informés,NA,3,4,1,4,4,4,3,4,3,3,3,4,3,4,4,5,5,4,4,4,4,4,3,4,4,4,3,4,4,4,3,3,4,3,2,3,4,2,2,2,2,2,3,2,1,7,6,6,4,3,3,4,2,4,3,2,3,4,2,2,2,4,2,2,2,4,2,3,3,3,2,5,5,5,5,4,5,5,5,5,5,5,5,NA,99,99,NA,1,4,4,4,3,3,3,3,3,3,3,3,3,4,3,3,2,3,3,2,3,7,3,4,5,NA,NA,NA,NA,NA,NA,NA,NA,NA,NA,NA,NA,NA,NA,NA,NA,NA,NA,NA,NA,NA,NA,NA,NA,NA,NA,NA,237718975282413,213,1,1702,4,4,4,3,4,4,3.75,4,3,"Secondary education (e.g., high school)",Man,65,NA,Rural,NA,NA,"March 06, 2023"
2023-03-06 17:14:22,2023-03-06 17:43:07,0,100,1724,1,2023-03-06 17:43:07,R_yWuuldpLBiwhjGh,anonymous,FR,1,1,NA,69,4,213,3,3,3,4,5,2,4,3,1,5,5,4,1,1,NA,La société pour laquelle il travaille. Sa simplicité. Son élocution. Son expérience.,4,5,1,5,5,3,4,3,3,3,3,3,1,3,3,5,1,5,3,3,3,3,3,4,3,4,2,4,3,3,2,1,3,5,5,5,4,3,3,4,2,4,4,3,1,10,5,10,1,2,5,3,3,2,2,3,2,3,3,3,3,4,3,3,2,4,3,3,1,3,1,2,2,2,2,2,2,2,2,2,2,2,2,2400,3,5,3,1,3,3,3,3,3,3,3,3,3,3,3,3,3,4,4,2,2,2,7,7,9,1,4,6,NA,NA,NA,NA,NA,NA,NA,NA,NA,NA,NA,NA,NA,NA,NA,NA,NA,NA,NA,NA,NA,NA,NA,NA,NA,NA,NA,237718972382369,213,1,1703,3.3333333333333335,3.6666666666666665,3,2.3333333333333335,2.2,3,3.0833333333333335,3.5,4,"Higher education (e.g., university degree or higher education diploma)",Man,69,(3),Rural,2400,7.783224016336037,"March 06, 2023"
2023-03-06 16:50:18,2023-03-06 17:46:45,0,100,3386,1,2023-03-06 17:46:45,R_79QMqM8MsswayQN,anonymous,FR,1,1,NA,39,4,213,2,2,2,2,2,2,2,2,2,2,3,3,3,3,les plus intéressé par la science,NA,4,6,1,5,5,5,3,4,4,4,5,2,4,3,2,3,4,4,4,4,4,4,3,4,4,4,4,4,4,4,4,5,3,4,2,3,4,2,3,4,2,4,3,3,1,7,6,8,4,4,4,4,4,4,4,4,4,4,4,2,4,4,3,3,2,4,3,3,3,3,3,3,3,3,3,3,3,3,3,3,3,3,3,110000,3,3,5,2,3,3,3,3,3,3,4,3,4,3,3,2,3,3,3,3,3,3,2,2,5,3,5,5,NA,NA,NA,NA,NA,NA,NA,NA,NA,NA,NA,NA,NA,NA,NA,NA,NA,NA,NA,NA,NA,NA,NA,NA,NA,NA,NA,237361107889389,213,1,1706,4,4,4,3.6666666666666665,3,4,3.9166666666666665,4,4,"Higher education (e.g., university degree or higher education diploma)",Man,39,Very strongly religious (5),Urban,110000,11.608235644774552,"March 06, 2023"
2023-03-06 17:40:09,2023-03-06 17:52:39,0,100,749,1,2023-03-06 17:52:40,R_2fiYLxFls0sPMqA,anonymous,FR,1,0,NA,59,4,213,1,5,1,1,3,3,1,1,1,4,4,2,4,1,NA,"la preuve de ses expériences, son parcours professionnel",3,4,1,5,4,4,3,3,3,3,3,4,3,4,3,5,4,4,4,4,4,3,3,4,4,4,4,4,3,3,3,3,4,4,3,4,3,2,3,4,4,4,2,2,1,9,5,9,2,3,4,3,2,4,3,3,2,4,1,2,2,4,2,2,1,4,3,3,3,3,2,4,4,4,4,4,4,4,4,4,4,4,4,55000,99,99,2,2,4,4,4,4,4,4,4,4,4,4,4,4,3,4,4,4,4,4,1,6,8,4,4,4,NA,NA,NA,NA,NA,NA,NA,NA,NA,NA,NA,NA,NA,NA,NA,NA,NA,NA,NA,NA,NA,NA,NA,NA,NA,NA,NA,237197170713757,213,1,1708,3.3333333333333335,4,3.6666666666666665,3.3333333333333335,3.6,4,3.5833333333333335,3.6666666666666665,4,"Higher education (e.g., university degree or higher education diploma)",Woman,59,(2),Urban,55000,10.915088464214607,"March 06, 2023"
2023-03-06 17:50:07,2023-03-06 18:02:45,0,100,758,1,2023-03-06 18:02:47,R_271k0jkhdu6mdGH,anonymous,FR,1,0,NA,46,4,213,5,3,6,6,6,1,6,6,1,6,6,6,1,1,NA,"les recherches, son experimentations qu'il effectue. sa conviction mais pas son entetement",2,6,1,5,5,5,4,4,4,1,5,3,3,3,3,4,5,4,3,3,3,3,2,3,3,2,1,4,3,2,1,4,3,3,3,3,5,2,3,4,3,4,3,4,1,5,9,9,2,4,4,5,2,4,4,3,4,5,2,3,2,4,2,2,3,4,2,2,4,4,2,5,5,5,5,5,5,5,5,5,5,5,5,28000,99,99,3,2,3,3,3,3,3,3,3,3,3,3,2,2,3,3,3,2,3,3,2,6,6,7,7,5,NA,NA,NA,NA,NA,NA,NA,NA,NA,NA,NA,NA,NA,NA,NA,NA,NA,NA,NA,NA,NA,NA,NA,NA,NA,NA,NA,236923091027135,213,1,1710,2.3333333333333335,3.3333333333333335,3,1.3333333333333333,3.4,3,2.5,2.8333333333333335,4,"Higher education (e.g., university degree or higher education diploma)",Woman,46,(3),Urban,28000,10.239959789157341,"March 06, 2023"
2023-03-06 17:32:12,2023-03-06 18:02:58,0,100,1846,1,2023-03-06 18:02:59,R_1H6oqXAb806gxEz,anonymous,FR,1,0,NA,65,3,213,3,2,3,1,2,1,1,1,1,2,3,1,2,1,NA,NA,2,6,1,4,3,3,3,4,3,3,4,3,3,3,1,4,5,3,3,4,4,4,3,4,3,3,4,4,4,3,3,5,4,3,3,3,4,3,2,4,3,2,3,3,1,2,3,2,3,4,4,1,3,3,1,2,1,3,3,3,2,3,3,3,3,3,1,3,3,3,1,2,4,4,4,4,4,4,4,4,4,4,4,20000,3,5,1,2,3,3,3,3,3,3,4,4,3,4,3,3,3,3,3,4,3,3,1,5,7,5,5,2,NA,NA,NA,NA,NA,NA,NA,NA,NA,NA,NA,NA,NA,NA,NA,NA,NA,NA,NA,NA,NA,NA,NA,NA,NA,NA,NA,237718975293518,213,1,1711,3.3333333333333335,4,3.6666666666666665,3.3333333333333335,3,2,3.5833333333333335,3.6666666666666665,3,"Secondary education (e.g., high school)",Woman,65,Not religious at all (1),Urban,20000,9.903487552536127,"March 06, 2023"
2023-03-06 17:51:06,2023-03-06 18:08:30,0,100,1043,1,2023-03-06 18:08:30,R_1UgCV5CuRHyRBrb,anonymous,FR,1,0,NA,67,4,213,2,1,2,1,1,1,2,2,1,2,3,1,1,1,les riches,NA,3,4,1,5,4,5,1,3,3,2,1,4,4,3,4,4,5,4,4,4,3,3,3,3,3,3,3,4,3,3,3,3,3,4,4,4,3,3,3,3,3,3,3,3,1,5,5,5,1,3,3,3,3,4,3,2,3,3,1,2,2,4,3,2,1,4,2,3,3,3,2,4,4,4,4,4,4,4,4,4,4,4,4,40000,2,1,1,1,3,3,3,3,3,3,3,3,3,3,3,3,3,3,3,3,3,3,3,6,8,4,6,7,NA,NA,NA,NA,NA,NA,NA,NA,NA,NA,NA,NA,NA,NA,NA,NA,NA,NA,NA,NA,NA,NA,NA,NA,NA,NA,NA,237718971396172,213,1,1714,3,3.6666666666666665,3,3,4,4,3.1666666666666665,3.3333333333333335,4,"Higher education (e.g., university degree or higher education diploma)",Woman,67,Not religious at all (1),Rural,40000,10.596634733096073,"March 06, 2023"
2023-03-04 18:14:12,2023-03-06 18:14:52,0,100,172840,1,2023-03-06 18:14:53,R_1OZypNYlZCFYt4U,anonymous,FR,1,1,NA,53,4,213,3,5,5,4,3,2,5,2,2,3,5,3,2,1,NA,je ne sais pas,4,6,1,4,4,4,3,4,4,3,3,4,3,3,4,3,3,4,4,4,4,4,4,4,3,4,3,4,4,4,4,4,4,4,3,3,4,4,3,3,3,4,3,3,1,5,6,8,2,4,4,3,2,2,2,1,2,3,2,3,3,3,3,3,3,3,2,3,3,3,2,4,4,4,4,4,4,4,4,4,4,4,4,49200,3,2,1,2,3,4,4,3,3,3,3,4,4,3,3,3,3,4,4,3,3,3,2,3,5,4,3,6,NA,NA,NA,NA,NA,NA,NA,NA,NA,NA,NA,NA,NA,NA,NA,NA,NA,NA,NA,NA,NA,NA,NA,NA,NA,NA,NA,237457967294483,213,1,1718,4,4,3.6666666666666665,3.6666666666666665,3.4,4,3.8333333333333335,4,4,"Higher education (e.g., university degree or higher education diploma)",Man,53,Not religious at all (1),Urban,49200,10.803648902480399,"March 04, 2023"
2023-03-06 18:06:20,2023-03-06 18:18:19,0,100,718,1,2023-03-06 18:18:19,R_3JsAOtATIItywMO,anonymous,FR,1,1,NA,61,3,213,5,5,5,5,5,5,5,5,5,5,1,1,1,1,NA,aucune idée,2,2,1,5,4,5,1,3,2,2,5,1,3,1,1,4,3,4,4,4,4,3,3,4,3,3,2,4,3,3,3,3,4,2,2,2,3,3,4,3,4,3,2,2,1,6,4,5,2,2,3,4,1,4,2,2,3,4,1,1,1,5,1,1,1,5,2,3,2,3,1,5,5,4,5,2,4,5,5,5,5,5,5,40000,2,2,2,1,4,3,3,3,2,2,4,3,3,3,3,2,4,3,3,3,2,3,5,4,6,5,5,6,NA,NA,NA,NA,NA,NA,NA,NA,NA,NA,NA,NA,NA,NA,NA,NA,NA,NA,NA,NA,NA,NA,NA,NA,NA,NA,NA,237718972036205,213,1,1719,3,4,3.3333333333333335,2.6666666666666665,1.8,3,3.25,3.5,3,"Secondary education (e.g., high school)",Man,61,(2),Rural,40000,10.596634733096073,"March 06, 2023"
2023-03-06 18:04:20,2023-03-06 18:25:35,0,100,1274,1,2023-03-06 18:25:36,R_9YnODHBziXvlHot,anonymous,FR,1,0,NA,64,4,213,3,3,3,2,3,3,1,3,4,4,6,3,1,3,NA,"La liberté de travailler sans pression gouvernemtale, ni financière",5,6,4,5,5,4,5,3,2,1,4,1,5,1,5,5,5,5,4,3,3,1,3,3,2,2,1,2,1,1,1,1,2,5,3,3,3,1,3,5,4,5,3,5,1,8,3,10,1,1,2,1,1,4,1,5,1,NA,1,1,1,5,1,1,1,5,1,3,3,3,1,1,5,5,5,4,5,5,5,4,5,5,5,15000,5,5,1,1,1,1,2,1,1,1,1,1,3,1,1,1,1,1,1,1,1,1,1,3,9,1,1,1,NA,NA,NA,NA,NA,NA,NA,NA,NA,NA,NA,NA,NA,NA,NA,NA,NA,NA,NA,NA,NA,NA,NA,NA,NA,NA,NA,237718975274080,213,1,1721,1.3333333333333333,2.6666666666666665,2,1.6666666666666667,3.4,5,1.9166666666666667,2,4,"Higher education (e.g., university degree or higher education diploma)",Woman,64,Not religious at all (1),Rural,15000,9.615805480084347,"March 06, 2023"
2023-03-06 18:24:39,2023-03-06 18:34:26,0,100,587,1,2023-03-06 18:34:27,R_1Q0nnaddXRqXAch,anonymous,FR,1,1,NA,31,3,213,3,3,3,1,4,2,4,1,1,1,1,1,1,1,NA,"le fait qu'il ai prouvé , sa connaissance , qu'il est dit des choses qui se sont révélées vraies",3,6,4,4,3,4,5,3,4,3,5,3,2,2,3,5,3,5,4,3,3,4,3,4,3,4,3,3,3,4,3,4,4,3,4,3,1,1,2,2,3,1,4,3,1,5,5,5,1,3,5,1,1,3,1,2,3,4,4,1,1,5,1,1,1,1,2,3,2,2,1,4,4,3,3,3,3,4,4,4,4,3,5,900,99,99,1,2,2,2,1,1,1,1,2,1,1,1,1,1,3,2,3,2,2,2,5,2,6,7,4,1,NA,NA,NA,NA,NA,NA,NA,NA,NA,NA,NA,NA,NA,NA,NA,NA,NA,NA,NA,NA,NA,NA,NA,NA,NA,NA,NA,237718972947685,213,1,1724,4,3.3333333333333335,3,3,2.6,3,3.3333333333333335,3.6666666666666665,3,"Secondary education (e.g., high school)",Man,31,Not religious at all (1),Urban,900,6.802394763324311,"March 06, 2023"
2023-03-06 18:18:49,2023-03-06 18:44:05,0,100,1515,1,2023-03-06 18:44:05,R_2QoFUCtQF7QoYhI,anonymous,FR,1,1,NA,62,3,213,1,5,1,1,2,3,1,1,3,3,3,1,1,1,Je ne sais pas,NA,2,2,1,3,4,3,3,3,3,3,3,2,3,3,2,3,3,4,2,4,3,3,3,4,4,4,3,4,4,4,3,3,3,4,3,3,4,3,2,3,2,2,3,2,1,5,5,5,3,4,4,3,2,4,3,2,3,3,2,2,2,4,2,2,2,3,3,3,3,3,2,5,5,5,4,4,5,5,5,5,5,5,5,25000,3,3,1,1,3,3,3,3,3,3,3,3,3,3,3,3,3,3,3,3,3,3,2,2,2,4,4,4,NA,NA,NA,NA,NA,NA,NA,NA,NA,NA,NA,NA,NA,NA,NA,NA,NA,NA,NA,NA,NA,NA,NA,NA,NA,NA,NA,237718971737189,213,1,1725,3.6666666666666665,4,3.6666666666666665,3,2.6,3,3.5833333333333335,3.8333333333333335,3,"Secondary education (e.g., high school)",Man,62,Not religious at all (1),Rural,25000,10.126631103850338,"March 06, 2023"
2023-03-06 18:35:34,2023-03-06 18:49:02,0,100,808,1,2023-03-06 18:49:03,R_2TGBrF4yZ5hyoM7,anonymous,FR,1,1,NA,56,3,213,3,3,2,2,3,1,1,1,1,2,3,1,1,1,Le domaine de la santé .,NA,4,4,1,5,4,3,2,5,3,2,2,4,3,4,3,4,4,4,3,4,4,3,2,4,4,3,3,4,4,2,2,5,4,3,3,3,4,2,3,2,3,3,3,4,1,6,6,5,4,3,4,4,2,5,1,3,2,5,1,1,3,4,3,2,2,2,2,2,3,3,2,5,5,4,4,4,4,4,4,4,4,4,4,27000,5,5,3,1,4,4,4,4,4,4,4,4,3,4,3,4,4,4,3,4,3,4,1,2,5,6,6,6,NA,NA,NA,NA,NA,NA,NA,NA,NA,NA,NA,NA,NA,NA,NA,NA,NA,NA,NA,NA,NA,NA,NA,NA,NA,NA,NA,237457968331981,213,1,1728,2.6666666666666665,4,4,2.3333333333333335,3.6,3,3.25,3.3333333333333335,3,"Secondary education (e.g., high school)",Man,56,(3),Rural,27000,10.203592144986466,"March 06, 2023"
2023-03-06 18:49:17,2023-03-06 19:11:42,0,100,1345,1,2023-03-06 19:11:43,R_AESVvemhue3SXjX,anonymous,FR,1,0,NA,52,4,213,4,5,4,4,4,1,2,1,1,1,4,4,1,1,NA,"Son expérience, son domaine de recherche, les études qu'il a menées, les résultats obtenus",5,4,1,3,5,3,3,4,2,1,5,3,1,3,4,5,4,5,3,3,3,2,3,4,3,4,2,4,2,2,2,3,4,5,3,2,4,3,5,5,1,5,3,4,1,1,1,4,1,1,5,5,1,5,5,5,4,5,1,1,1,5,3,1,1,5,2,3,3,3,1,5,5,5,5,5,5,5,5,5,5,5,5,0,99,3,2,1,3,5,3,1,1,3,3,5,3,1,1,3,4,5,3,1,1,3,1,5,7,1,4,6,NA,NA,NA,NA,NA,NA,NA,NA,NA,NA,NA,NA,NA,NA,NA,NA,NA,NA,NA,NA,NA,NA,NA,NA,NA,NA,NA,237298315252862,213,1,1730,2.6666666666666665,3.6666666666666665,2.6666666666666665,2.3333333333333335,3,3,2.8333333333333335,3.1666666666666665,4,"Higher education (e.g., university degree or higher education diploma)",Woman,52,(2),Rural,0,-Inf,"March 06, 2023"
2023-03-06 19:06:39,2023-03-06 19:19:18,0,100,758,1,2023-03-06 19:19:18,R_Tw0dkJdWRajPqTL,anonymous,FR,1,1,NA,49,4,213,3,3,3,1,1,1,1,1,2,1,2,1,1,1,NA,La vérité,3,6,1,5,5,5,3,2,2,4,1,1,1,1,3,5,5,5,3,3,2,1,1,5,2,4,3,5,3,3,4,5,1,5,1,3,5,3,3,5,3,5,5,5,1,4,6,10,1,1,5,1,1,5,1,5,1,1,1,1,1,5,3,2,1,5,3,3,3,3,1,5,5,5,5,5,5,5,5,5,5,5,5,45000,99,3,1,2,4,4,3,2,4,4,5,3,3,3,2,4,5,3,3,3,3,1,1,4,9,7,1,6,NA,NA,NA,NA,NA,NA,NA,NA,NA,NA,NA,NA,NA,NA,NA,NA,NA,NA,NA,NA,NA,NA,NA,NA,NA,NA,NA,237361106092105,213,1,1731,2.6666666666666665,4.333333333333333,2.3333333333333335,2.6666666666666665,2.2,3,3,3.5,4,"Higher education (e.g., university degree or higher education diploma)",Man,49,Not religious at all (1),Urban,45000,10.714417768752456,"March 06, 2023"
2023-03-06 19:05:17,2023-03-06 19:25:46,0,100,1229,1,2023-03-06 19:25:46,R_RRezASZoFChgGQN,anonymous,FR,1,0,NA,37,4,213,1,3,3,1,1,1,2,1,1,1,3,3,3,1,Lobby pharmaceutiques gouvernement histoire d'argent et les populations trinquent. Les riches s'enrichissent les pauvres s'appauvrissent...,NA,1,6,1,5,5,5,1,1,3,1,5,1,3,1,1,5,5,5,5,2,1,1,2,5,1,1,1,4,1,1,1,3,1,4,1,4,3,3,5,5,5,5,3,4,1,9,4,7,1,1,2,4,1,5,4,2,4,3,1,1,1,5,3,1,1,5,2,3,3,3,1,5,5,5,3,5,5,5,5,5,3,5,5,30000,99,99,3,1,1,1,1,1,1,1,1,1,1,1,1,1,2,2,2,2,2,2,1,6,9,6,6,4,NA,NA,NA,NA,NA,NA,NA,NA,NA,NA,NA,NA,NA,NA,NA,NA,NA,NA,NA,NA,NA,NA,NA,NA,NA,NA,NA,237718975350999,213,1,1733,1,3.6666666666666665,1,1.3333333333333333,2.2,5,1.75,2.3333333333333335,4,"Higher education (e.g., university degree or higher education diploma)",Woman,37,(3),Rural,30000,10.308952660644293,"March 06, 2023"
2023-03-06 19:07:38,2023-03-06 19:29:39,0,100,1320,1,2023-03-06 19:29:40,R_10YIM9os5ZuRQUs,anonymous,FR,1,0,NA,63,4,213,1,5,6,6,4,2,5,3,2,2,3,1,4,1,"les individus qui ont le bonheur de vivre dans des pays régis par des gouvernements éclairés mais bon c'est pas gagné, ceux qui ont un niveau de vie plus élevé en bénéficient plus rapidement que les autres. Certains pays favorisent la recherche générale et les chercheurs s'y rendent la France a bien reculé eu égard à la recherche et c'est regrettable",NA,3,6,1,5,5,3,1,1,1,1,1,1,2,1,3,5,5,4,3,4,3,4,4,4,2,4,4,4,4,4,4,5,5,5,5,5,3,1,1,3,1,2,1,2,1,6,1,1,1,3,5,1,3,1,1,1,1,3,3,1,1,5,1,1,1,1,1,3,2,3,1,3,3,3,3,3,3,3,3,3,3,3,3,35000,4,5,1,2,4,4,4,3,2,4,4,4,4,2,2,2,3,4,4,3,2,3,1,1,8,5,3,5,NA,NA,NA,NA,NA,NA,NA,NA,NA,NA,NA,NA,NA,NA,NA,NA,NA,NA,NA,NA,NA,NA,NA,NA,NA,NA,NA,237718975560711,213,1,1737,4,4,3,4,2.4,5,3.75,4,4,"Higher education (e.g., university degree or higher education diploma)",Woman,63,Not religious at all (1),Urban,35000,10.46310334047155,"March 06, 2023"
2023-03-06 19:25:55,2023-03-06 19:43:37,0,100,1062,1,2023-03-06 19:43:38,R_31oyuLzgXZmFTC4,anonymous,FR,1,0,NA,54,3,213,1,3,1,1,2,2,1,1,2,2,3,1,1,1,NA,La clarté de ses explications,5,4,1,3,5,5,3,2,2,2,2,1,1,3,1,5,5,5,3,3,3,2,3,4,3,4,3,4,4,3,4,3,3,4,5,5,1,1,4,3,1,5,3,3,1,6,10,6,1,3,5,4,1,3,3,3,2,5,1,1,1,5,3,1,1,5,1,2,3,3,1,5,5,5,1,5,5,5,5,5,1,5,5,30000,99,99,1,1,4,4,4,3,3,4,5,3,4,3,3,3,3,3,3,3,3,3,1,1,5,1,1,5,NA,NA,NA,NA,NA,NA,NA,NA,NA,NA,NA,NA,NA,NA,NA,NA,NA,NA,NA,NA,NA,NA,NA,NA,NA,NA,NA,237123007911959,213,1,1739,3,3.6666666666666665,3.3333333333333335,3.3333333333333335,2.2,4,3.3333333333333335,3.3333333333333335,3,"Secondary education (e.g., high school)",Woman,54,Not religious at all (1),Rural,30000,10.308952660644293,"March 06, 2023"
2023-03-06 19:26:16,2023-03-06 19:43:52,0,100,1055,1,2023-03-06 19:43:52,R_3LcoVVZwNOIxOKj,anonymous,FR,1,0,NA,48,4,213,3,2,4,4,2,2,3,1,2,2,5,5,2,1,"L'industrie pharmaceutique pour le profit, une partie de la population pour certaines avancées et traitements mais il reste des inégalités et il y a aussi le drame des tests pratiqués sur les animaux.",NA,2,6,1,5,4,5,1,3,2,1,3,5,4,4,5,5,2,4,3,4,3,3,3,3,2,3,2,4,3,3,3,2,2,5,5,5,3,3,3,3,4,4,3,3,1,10,2,8,1,2,3,5,2,5,3,3,5,4,1,1,1,4,2,1,1,4,4,3,4,3,4,4,4,3,4,3,4,5,5,4,5,4,5,10000,1,1,2,2,3,3,3,3,3,4,2,3,3,2,2,2,1,2,2,2,2,2,1,5,6,1,3,4,NA,NA,NA,NA,NA,NA,NA,NA,NA,NA,NA,NA,NA,NA,NA,NA,NA,NA,NA,NA,NA,NA,NA,NA,NA,NA,NA,237718975378663,213,1,1740,3,3.6666666666666665,2.6666666666666665,2.6666666666666665,4,3,3,3.3333333333333335,4,"Higher education (e.g., university degree or higher education diploma)",Woman,48,(2),Urban,10000,9.210340371976184,"March 06, 2023"
2023-03-06 18:35:08,2023-03-06 19:50:29,0,100,4520,1,2023-03-06 19:50:29,R_2ay1UiYAaho6Lo8,anonymous,FR,1,0,NA,65,4,213,3,5,5,4,1,1,1,1,3,3,4,1,1,1,NA,son niveau d'études ses publications son appartenance à une université reconnue son indépendance vis à vis des lobby,4,6,5,5,4,4,4,4,4,3,4,4,4,5,5,4,5,3,4,4,4,4,4,4,4,4,3,4,4,4,2,4,3,3,3,3,3,3,3,3,1,3,3,3,1,5,5,5,4,3,3,3,2,3,1,2,2,3,2,2,3,3,3,3,3,4,2,3,2,3,2,4,4,4,4,4,4,4,4,4,4,4,4,55000,4,4,4,2,4,4,4,3,3,1,4,4,4,3,2,1,4,4,4,3,3,1,2,3,2,3,2,7,NA,NA,NA,NA,NA,NA,NA,NA,NA,NA,NA,NA,NA,NA,NA,NA,NA,NA,NA,NA,NA,NA,NA,NA,NA,NA,NA,237718972026981,213,1,1742,4,4,4,3,4.6,3,3.75,4,4,"Higher education (e.g., university degree or higher education diploma)",Woman,65,(4),Urban,55000,10.915088464214607,"March 06, 2023"
2023-03-06 19:37:15,2023-03-06 19:57:35,0,100,1219,1,2023-03-06 19:57:35,R_2w7GynzrG6kCIq0,anonymous,FR,1,0,NA,51,3,213,3,6,6,2,3,1,5,1,1,1,3,1,1,1,NA,'-sa renommée -ses dires -les articles publiés sur ses dires -les recherches qu'il présente qu'il a effectué sur le sujet,5,4,1,5,5,4,1,5,5,2,1,5,1,5,5,5,1,5,3,4,4,4,4,5,4,5,4,4,4,4,4,4,4,5,5,5,4,3,3,3,1,2,3,3,1,10,6,10,1,4,2,2,3,3,1,2,1,3,1,3,3,3,3,3,3,3,2,3,3,3,1,5,5,5,5,5,5,5,5,5,5,5,5,61000,99,99,1,1,5,4,3,5,4,4,5,5,4,5,5,4,4,5,3,4,3,3,1,3,3,4,4,6,NA,NA,NA,NA,NA,NA,NA,NA,NA,NA,NA,NA,NA,NA,NA,NA,NA,NA,NA,NA,NA,NA,NA,NA,NA,NA,NA,237718971713611,213,1,1743,4.333333333333333,4.333333333333333,4,4,3.4,3,4.166666666666667,4.333333333333333,3,"Secondary education (e.g., high school)",Woman,51,Not religious at all (1),Rural,61000,11.018629143155449,"March 06, 2023"
2023-03-06 19:48:21,2023-03-06 20:01:11,0,100,769,1,2023-03-06 20:01:11,R_3JFbklyNEGo6jwA,anonymous,FR,1,0,NA,37,4,213,5,6,4,1,3,4,1,1,2,6,6,1,1,1,NA,"Son niveau d'études, se baser sur des faits, évaluer le pour et le contre",5,6,1,5,4,1,4,5,4,1,4,3,3,5,3,3,3,4,4,4,4,4,4,4,4,4,4,4,4,4,4,5,4,4,4,4,3,3,2,1,1,4,2,2,1,9,7,3,6,4,3,1,1,1,1,1,3,3,3,3,4,3,3,4,3,3,1,3,2,3,1,2,4,4,4,3,2,3,4,4,4,3,2,1400,4,4,2,1,4,4,4,3,3,3,4,4,4,3,3,3,4,4,4,3,3,3,1,2,2,5,5,5,NA,NA,NA,NA,NA,NA,NA,NA,NA,NA,NA,NA,NA,NA,NA,NA,NA,NA,NA,NA,NA,NA,NA,NA,NA,NA,NA,237361102437485,213,1,1746,4,4,4,4,3.4,4,4,4,4,"Higher education (e.g., university degree or higher education diploma)",Woman,37,(2),Rural,1400,7.24422751560335,"March 06, 2023"
2023-03-06 19:55:33,2023-03-06 20:17:06,0,100,1291,1,2023-03-06 20:17:06,R_3q7mm96j22Ur74y,anonymous,FR,1,0,NA,40,4,213,1,6,6,6,5,1,6,1,1,4,5,1,1,1,NA,"La véracité de ses études, sa renommée,ses preuves faites via son expérience",3,6,1,2,5,5,1,5,5,3,1,4,2,3,2,5,3,3,3,4,4,4,4,4,4,4,4,4,4,4,4,4,3,4,1,3,3,3,1,1,3,2,3,4,1,10,2,8,1,4,3,4,3,1,1,1,1,3,3,1,3,2,2,3,2,2,2,3,2,3,2,5,4,5,4,4,5,5,4,5,4,5,5,125000,3,2,1,2,4,4,4,4,4,4,3,4,4,4,4,4,4,4,4,4,4,3,1,1,2,3,1,5,NA,NA,NA,NA,NA,NA,NA,NA,NA,NA,NA,NA,NA,NA,NA,NA,NA,NA,NA,NA,NA,NA,NA,NA,NA,NA,NA,237718975560715,213,1,1748,4,4,4,4,2.8,5,4,4,4,"Higher education (e.g., university degree or higher education diploma)",Woman,40,Not religious at all (1),Urban,125000,11.736069016284437,"March 06, 2023"
2023-03-06 19:49:08,2023-03-06 20:22:04,0,100,1976,1,2023-03-06 20:22:04,R_3MPu2nTycFhs6A1,anonymous,FR,1,1,NA,32,4,213,6,6,6,5,6,6,6,5,6,5,6,6,6,1,Tout le monde,NA,5,4,1,5,5,5,3,5,4,1,5,4,4,4,5,4,4,5,4,2,2,2,2,4,4,4,4,4,3,4,2,3,4,3,3,3,4,4,2,3,4,4,2,2,1,9,9,8,1,5,1,1,5,1,1,1,1,1,3,5,5,1,5,5,5,1,1,3,3,3,1,4,4,4,4,4,4,5,5,5,5,5,5,6500,99,99,1,2,5,5,5,5,5,5,5,5,5,5,5,5,4,4,4,4,4,4,1,1,2,1,1,1,NA,NA,NA,NA,NA,NA,NA,NA,NA,NA,NA,NA,NA,NA,NA,NA,NA,NA,NA,NA,NA,NA,NA,NA,NA,NA,NA,237718974235711,213,1,1750,3.3333333333333335,3.3333333333333335,3,2.6666666666666665,4.2,4,3.0833333333333335,3.3333333333333335,4,"Higher education (e.g., university degree or higher education diploma)",Man,32,Not religious at all (1),Urban,6500,8.779557455883728,"March 06, 2023"
2023-03-06 20:07:46,2023-03-06 20:29:21,0,100,1294,1,2023-03-06 20:29:21,R_1FzEchbkh7eThEX,anonymous,FR,1,0,NA,33,4,213,1,3,4,2,3,1,3,2,3,2,4,2,1,1,NA,"En fonction des différents tests réalisés et des résultats obtenus, ainsi que de la transparence des procédés réalisés",5,4,1,5,5,5,1,5,4,3,1,3,2,4,5,4,5,5,4,4,3,4,5,4,4,4,4,4,4,3,3,3,4,4,4,4,4,3,3,2,4,4,4,3,1,7,7,10,1,4,3,4,4,3,4,4,4,3,2,2,1,4,2,1,1,3,3,3,3,3,1,5,5,5,5,5,5,5,5,5,5,5,5,56000,3,99,4,2,4,4,4,4,4,4,4,4,4,4,3,3,4,5,5,3,4,3,1,5,9,6,6,6,NA,NA,NA,NA,NA,NA,NA,NA,NA,NA,NA,NA,NA,NA,NA,NA,NA,NA,NA,NA,NA,NA,NA,NA,NA,NA,NA,236850617522395,213,1,1752,3.6666666666666665,4,3.6666666666666665,4,3.8,4,3.8333333333333335,3.8333333333333335,4,"Higher education (e.g., university degree or higher education diploma)",Woman,33,(4),Urban,56000,10.933106969717286,"March 06, 2023"
2023-03-06 20:12:34,2023-03-06 20:34:35,0,100,1320,1,2023-03-06 20:34:35,R_10MpqfN9hN5gGWw,anonymous,FR,1,0,NA,30,4,213,4,4,2,2,3,1,2,2,1,2,6,5,1,2,NA,Sa capacité à se remettre en question et ne pas imaginer qu'il a la vérité absolue,4,6,2,4,5,3,3,4,4,2,3,4,2,4,4,4,4,4,3,4,4,3,2,4,4,4,4,4,4,3,2,3,4,4,3,3,2,2,2,2,3,3,2,3,1,5,7,8,3,4,5,4,2,4,2,1,1,4,1,1,1,5,1,1,1,5,1,3,2,3,2,4,4,4,4,4,4,5,5,5,5,5,5,4000,3,3,4,2,4,4,4,4,4,3,3,3,3,3,3,3,4,4,4,3,3,3,4,4,5,5,4,5,NA,NA,NA,NA,NA,NA,NA,NA,NA,NA,NA,NA,NA,NA,NA,NA,NA,NA,NA,NA,NA,NA,NA,NA,NA,NA,NA,237718972041329,213,1,1753,3.3333333333333335,4,4,2.6666666666666665,3.6,4,3.5,3.6666666666666665,4,"Higher education (e.g., university degree or higher education diploma)",Woman,30,(4),Urban,4000,8.294049640102028,"March 06, 2023"
2023-03-06 19:53:08,2023-03-06 20:47:59,0,100,3291,1,2023-03-06 20:48:00,R_72paVXrMtxyOMtb,anonymous,FR,1,0,NA,53,4,213,6,5,5,2,4,5,4,1,5,5,6,2,1,3,les jeunes car ils sont dans des etudes du primaire à la fac et ont le plus d'accès à des informations suivant leur age,NA,3,4,5,5,5,3,2,4,3,2,3,4,4,3,4,4,2,4,3,4,4,4,3,4,4,4,3,4,4,4,3,4,4,4,3,4,3,3,2,3,1,2,1,1,1,9,1,9,1,4,4,2,1,3,3,3,3,4,1,2,2,4,2,2,2,3,3,3,4,4,3,4,4,4,3,4,4,5,5,5,5,5,5,36000,2,2,2,1,4,4,4,4,4,3,4,4,4,4,4,4,4,4,4,4,3,3,1,2,4,2,3,5,NA,NA,NA,NA,NA,NA,NA,NA,NA,NA,NA,NA,NA,NA,NA,NA,NA,NA,NA,NA,NA,NA,NA,NA,NA,NA,NA,236850617483302,213,1,1755,4,4,4,3,3.4,4,3.75,4,4,"Higher education (e.g., university degree or higher education diploma)",Woman,53,(2),Rural,36000,10.491274217438248,"March 06, 2023"
2023-03-06 20:49:29,2023-03-06 20:53:53,0,100,263,1,2023-03-06 20:53:54,R_XAJnZNlvhNhIV5n,anonymous,FR,1,0,NA,32,4,213,5,2,2,2,1,2,1,1,1,1,7,6,5,3,NA,Les avancées scientifiques,5,4,1,5,5,5,5,5,5,5,5,4,5,4,4,5,5,4,4,4,3,4,4,4,4,4,4,4,4,5,4,5,4,3,4,3,4,3,4,3,4,3,3,4,1,8,9,7,7,5,3,3,3,3,4,4,4,4,3,4,4,3,4,4,4,4,3,2,2,2,3,4,4,3,4,4,4,4,4,4,4,4,3,3100,5,4,4,1,5,4,4,4,5,4,4,3,4,4,4,5,4,4,3,4,5,5,5,6,7,5,5,8,NA,NA,NA,NA,NA,NA,NA,NA,NA,NA,NA,NA,NA,NA,NA,NA,NA,NA,NA,NA,NA,NA,NA,NA,NA,NA,NA,237457967474712,213,1,1757,4.333333333333333,4,3.6666666666666665,4,4.4,5,4,4.166666666666667,4,"Higher education (e.g., university degree or higher education diploma)",Woman,32,(4),Rural,3100,8.039157390473237,"March 06, 2023"
2023-03-06 20:26:21,2023-03-06 21:03:21,0,100,2219,1,2023-03-06 21:03:21,R_1ib8YJHMvPmynMZ,anonymous,FR,1,1,NA,30,4,213,5,4,5,4,2,2,2,2,3,3,4,2,1,2,NA,"sa réputation parmi ses pairs, ses titres, ses publications",4,6,1,5,5,3,1,5,5,3,1,5,5,5,5,5,1,5,5,5,4,5,5,5,4,5,5,4,4,4,5,5,5,4,4,2,4,3,1,1,3,3,1,1,1,8,5,6,1,5,2,4,1,4,2,2,1,4,1,1,1,1,1,1,1,5,3,3,2,3,1,5,5,5,5,5,5,5,5,5,5,5,5,55000,4,4,4,1,5,5,5,5,3,3,4,5,5,3,1,3,4,4,5,3,1,2,1,1,1,4,5,7,NA,NA,NA,NA,NA,NA,NA,NA,NA,NA,NA,NA,NA,NA,NA,NA,NA,NA,NA,NA,NA,NA,NA,NA,NA,NA,NA,237718971799703,213,1,1761,4.666666666666667,4.666666666666667,4,5,4.2,5,4.583333333333333,4.666666666666667,4,"Higher education (e.g., university degree or higher education diploma)",Man,30,(4),Rural,55000,10.915088464214607,"March 06, 2023"
2023-03-06 20:52:25,2023-03-06 21:03:22,0,100,657,1,2023-03-06 21:03:23,R_2THGXWzJkaJi2x8,anonymous,FR,1,0,NA,40,4,213,5,6,6,5,3,3,1,1,3,3,3,5,1,1,l'être humain grâce aux progrès réalisés dans le domaine de la médecine et des technologies,NA,4,6,1,5,5,5,4,4,3,1,2,4,4,3,3,4,5,5,4,4,3,4,3,4,3,4,2,4,4,3,4,4,4,4,3,4,3,3,2,4,3,3,2,2,1,9,2,9,1,4,5,3,1,3,2,4,2,4,1,1,1,1,1,2,2,2,2,3,3,3,1,4,5,5,4,4,5,5,5,4,5,4,5,54000,1,1,1,2,4,4,4,4,3,3,4,4,4,2,3,3,4,4,4,4,3,3,1,3,5,4,4,7,NA,NA,NA,NA,NA,NA,NA,NA,NA,NA,NA,NA,NA,NA,NA,NA,NA,NA,NA,NA,NA,NA,NA,NA,NA,NA,NA,237718975273039,213,1,1762,3.6666666666666665,4,3.3333333333333335,3,3.8,4,3.5,3.8333333333333335,4,"Higher education (e.g., university degree or higher education diploma)",Woman,40,Not religious at all (1),Urban,54000,10.896739325546411,"March 06, 2023"
2023-03-06 20:38:20,2023-03-06 21:10:10,0,100,1910,1,2023-03-06 21:10:11,R_2CjokuCqh2X8HSA,anonymous,FR,1,1,NA,46,4,213,3,2,2,1,1,3,1,1,3,2,4,1,1,1,NA,NA,3,4,5,5,4,3,3,4,2,1,3,4,3,5,4,5,3,5,3,5,4,3,4,5,4,3,5,4,5,4,3,5,4,3,2,3,4,3,2,2,1,1,3,2,1,6,8,7,2,5,3,5,1,3,5,4,4,5,1,3,1,2,2,2,3,3,3,3,3,3,3,4,5,4,3,3,5,5,5,3,3,3,5,100000,99,3,2,1,5,5,5,5,4,4,4,4,4,4,3,4,5,5,4,4,3,4,1,2,2,3,4,7,NA,NA,NA,NA,NA,NA,NA,NA,NA,NA,NA,NA,NA,NA,NA,NA,NA,NA,NA,NA,NA,NA,NA,NA,NA,NA,NA,237361102115039,213,1,1765,3.3333333333333335,4.666666666666667,4.333333333333333,4,3.8,4,4.083333333333333,4,4,"Higher education (e.g., university degree or higher education diploma)",Man,46,(2),Rural,100000,11.512925464970229,"March 06, 2023"
2023-03-06 20:56:17,2023-03-06 21:13:21,0,100,1023,1,2023-03-06 21:13:22,R_3PYp4W2z5AriRTx,anonymous,FR,1,0,NA,44,3,213,2,5,2,2,3,1,2,1,1,2,2,2,2,1,NA,Que ce qu'il dit ne soit pas du fake,3,2,1,3,3,3,3,2,2,2,2,4,3,2,3,2,3,4,4,2,2,2,4,3,3,2,2,2,2,2,2,2,2,4,2,1,4,1,5,5,4,5,5,5,1,7,7,9,7,2,2,2,2,3,2,4,2,2,2,1,1,5,4,1,1,5,1,1,3,3,1,5,5,5,5,2,5,5,5,5,5,4,5,20000,99,1,1,2,1,1,1,1,1,1,1,1,1,1,1,1,1,1,1,1,1,1,4,1,9,7,4,5,NA,NA,NA,NA,NA,NA,NA,NA,NA,NA,NA,NA,NA,NA,NA,NA,NA,NA,NA,NA,NA,NA,NA,NA,NA,NA,NA,237361107043459,213,1,1766,2,2.3333333333333335,2.3333333333333335,2.6666666666666665,3,3,2.3333333333333335,2.1666666666666665,3,"Secondary education (e.g., high school)",Woman,44,Not religious at all (1),Urban,20000,9.903487552536127,"March 06, 2023"
2023-03-06 21:10:44,2023-03-06 21:27:42,0,100,1017,1,2023-03-06 21:27:43,R_3sgC5v6pyqaQoYE,anonymous,FR,1,0,NA,30,4,213,3,5,5,1,4,4,3,1,2,3,4,3,1,1,NA,"Son niveau d'études, le nombre d'articles publiés et vérifiés",3,4,3,5,4,3,2,4,3,2,4,2,4,5,5,5,4,4,4,2,3,2,3,4,4,3,2,4,3,2,2,3,4,4,2,3,4,2,4,4,2,2,2,3,1,9,6,8,3,4,5,2,2,1,2,2,2,4,2,2,1,5,3,2,1,4,2,3,3,3,2,4,5,4,5,2,5,5,5,4,5,2,5,20000,99,99,2,1,4,4,4,3,1,2,3,4,4,4,2,2,2,4,4,3,2,2,1,2,2,3,3,6,NA,NA,NA,NA,NA,NA,NA,NA,NA,NA,NA,NA,NA,NA,NA,NA,NA,NA,NA,NA,NA,NA,NA,NA,NA,NA,NA,237718974877721,213,1,1769,2.3333333333333335,3.3333333333333335,3.3333333333333335,2.3333333333333335,4,4,2.8333333333333335,2.8333333333333335,4,"Higher education (e.g., university degree or higher education diploma)",Woman,30,(2),Rural,20000,9.903487552536127,"March 06, 2023"
2023-03-06 21:17:09,2023-03-06 21:37:33,0,100,1224,1,2023-03-06 21:37:34,R_1M2PHlCfavNwZm9,anonymous,FR,1,0,NA,45,4,213,4,4,3,3,5,5,5,3,4,3,6,4,2,1,NA,"Avoir un échantillonnage large lors de tests. Qu'il n'y ait pas d'intérêts commerciaux, politiques ou autres. Que les scientifiques soient neutres et pas influencés.",4,6,1,5,5,5,3,3,3,3,5,5,4,4,5,5,5,5,5,4,3,3,3,4,4,3,2,4,3,3,3,4,3,2,1,2,3,2,4,4,4,4,4,4,1,10,6,10,1,4,5,3,1,4,2,2,2,4,2,3,3,2,3,3,2,3,4,3,3,3,2,5,5,5,5,1,5,5,5,5,5,5,5,2400,99,99,1,2,4,4,4,4,3,4,3,4,4,4,2,3,3,4,4,3,2,3,1,4,5,6,6,3,NA,NA,NA,NA,NA,NA,NA,NA,NA,NA,NA,NA,NA,NA,NA,NA,NA,NA,NA,NA,NA,NA,NA,NA,NA,NA,NA,237718974214154,213,1,1771,3,4,3.3333333333333335,2.6666666666666665,4.6,5,3.25,3.5,4,"Higher education (e.g., university degree or higher education diploma)",Woman,45,Not religious at all (1),Urban,2400,7.783224016336037,"March 06, 2023"
2023-03-06 21:27:31,2023-03-06 21:46:51,0,100,1159,1,2023-03-06 21:46:52,R_2S2H1r7lLlpO1PB,anonymous,FR,1,1,NA,54,3,213,6,4,6,1,1,1,1,1,1,1,3,1,1,2,les riches avec leur argent.,NA,2,6,5,5,5,5,5,3,3,1,2,3,3,2,1,5,5,4,3,3,3,2,3,3,2,2,3,3,2,2,1,3,1,2,4,4,4,1,5,5,5,4,2,4,1,8,5,5,1,2,5,5,5,4,4,4,1,5,1,1,1,1,3,1,1,4,1,3,3,3,1,3,3,3,3,3,3,3,3,3,3,3,3,22000,4,99,5,1,3,3,3,3,1,3,3,3,3,3,1,3,4,4,4,2,4,4,6,1,8,7,6,8,NA,NA,NA,NA,NA,NA,NA,NA,NA,NA,NA,NA,NA,NA,NA,NA,NA,NA,NA,NA,NA,NA,NA,NA,NA,NA,NA,237718972574788,213,1,1772,2,3,2.3333333333333335,2.3333333333333335,2.8,4,2.4166666666666665,2.5,3,"Secondary education (e.g., high school)",Man,54,Very strongly religious (5),Rural,22000,9.998797732340453,"March 06, 2023"
2023-03-06 21:36:12,2023-03-06 22:03:39,0,100,1646,1,2023-03-06 22:03:39,R_1BVJNXVSHDo5itN,anonymous,FR,1,1,NA,47,4,213,3,3,1,1,3,3,3,3,3,3,3,3,2,1,NA,NA,3,4,2,4,4,4,4,4,4,4,4,4,4,4,4,4,4,4,4,4,4,4,4,4,4,4,4,4,4,4,4,4,4,4,4,4,4,4,2,3,4,4,4,4,1,8,5,8,4,4,2,2,3,3,2,2,2,3,2,3,3,2,3,3,3,3,2,3,3,3,2,4,4,4,4,4,4,4,4,4,4,4,4,35000,3,3,2,1,4,4,4,4,4,4,4,4,4,4,4,3,4,4,4,4,4,4,1,1,1,2,2,7,NA,NA,NA,NA,NA,NA,NA,NA,NA,NA,NA,NA,NA,NA,NA,NA,NA,NA,NA,NA,NA,NA,NA,NA,NA,NA,NA,237718975268087,213,1,1774,4,4,4,4,4,4,4,4,4,"Higher education (e.g., university degree or higher education diploma)",Man,47,(2),Rural,35000,10.46310334047155,"March 06, 2023"
2023-03-06 21:47:22,2023-03-06 22:12:22,0,100,1499,1,2023-03-06 22:12:22,R_3RsDCFPLhS82rOq,anonymous,FR,1,1,NA,38,4,213,1,2,2,1,2,1,1,1,1,2,3,1,1,1,NA,"Son statut, les preuves qu'ils apportent et la ""communauté"" qui valide ses dires",5,4,1,4,5,3,2,4,4,2,4,3,3,3,3,4,4,4,4,4,4,3,3,5,4,3,4,5,4,3,2,4,3,2,1,2,4,3,2,2,1,2,2,2,1,8,5,8,1,5,3,3,2,3,3,2,2,3,1,3,2,3,3,3,3,3,2,3,3,3,1,3,3,4,3,3,4,4,4,4,4,4,4,48500,99,3,1,1,5,5,5,4,3,3,5,5,5,4,3,3,4,4,4,3,3,2,1,2,2,6,4,7,NA,NA,NA,NA,NA,NA,NA,NA,NA,NA,NA,NA,NA,NA,NA,NA,NA,NA,NA,NA,NA,NA,NA,NA,NA,NA,NA,237718975268085,213,1,1777,3,4.666666666666667,4,3,3.2,4,3.6666666666666665,3.8333333333333335,4,"Higher education (e.g., university degree or higher education diploma)",Man,38,Not religious at all (1),Rural,48500,10.789319076925574,"March 06, 2023"
2023-03-06 22:00:07,2023-03-06 22:14:35,0,100,867,1,2023-03-06 22:14:35,R_3oNsZYMMejzCBiH,anonymous,FR,1,1,NA,51,4,213,1,4,5,1,1,1,3,2,3,3,4,1,1,1,NA,Son intégrité,4,4,5,5,5,5,2,5,5,3,5,5,1,5,4,5,5,5,4,4,4,3,4,5,4,4,5,4,4,3,3,5,4,5,5,5,4,2,1,3,3,1,1,2,1,7,7,6,1,5,4,2,1,1,2,1,1,4,2,1,3,4,4,2,2,4,2,3,3,3,1,5,5,5,4,5,5,5,5,5,4,5,5,70000,3,3,1,2,4,4,5,5,2,3,4,3,4,4,2,2,4,4,5,4,3,2,1,1,1,5,1,7,NA,NA,NA,NA,NA,NA,NA,NA,NA,NA,NA,NA,NA,NA,NA,NA,NA,NA,NA,NA,NA,NA,NA,NA,NA,NA,NA,237718975610960,213,1,1778,3.3333333333333335,4.333333333333333,4,4,4,5,3.9166666666666665,3.8333333333333335,4,"Higher education (e.g., university degree or higher education diploma)",Man,51,Not religious at all (1),Urban,70000,11.156250521031495,"March 06, 2023"
2023-03-06 21:56:53,2023-03-06 22:16:15,0,100,1161,1,2023-03-06 22:16:15,R_1psyA3SFycI3lWe,anonymous,FR,1,0,NA,35,4,213,2,2,2,1,1,1,3,1,1,1,3,2,1,1,Les scientifiques,NA,4,4,5,4,5,4,1,3,4,2,3,3,3,4,2,4,4,4,3,3,3,4,3,4,3,4,3,5,3,4,3,4,3,4,3,4,4,3,3,3,4,4,3,3,1,8,7,10,1,4,5,4,3,5,4,3,3,3,1,4,2,4,3,2,3,3,2,3,3,3,1,5,5,4,5,3,5,5,5,4,5,3,5,32000,3,3,1,1,4,4,3,4,2,3,3,3,3,4,3,4,5,5,4,3,3,3,1,4,4,6,6,5,NA,NA,NA,NA,NA,NA,NA,NA,NA,NA,NA,NA,NA,NA,NA,NA,NA,NA,NA,NA,NA,NA,NA,NA,NA,NA,NA,237718975284231,213,1,1780,4,4,3,3,3.2,4,3.5,4,4,"Higher education (e.g., university degree or higher education diploma)",Woman,35,Not religious at all (1),Rural,32000,10.373491181781864,"March 06, 2023"
2023-03-06 22:04:25,2023-03-06 22:25:22,0,100,1256,1,2023-03-06 22:25:22,R_264n7mMA4W3ydh9,anonymous,FR,1,1,NA,49,4,213,1,1,1,1,1,1,1,1,1,1,4,1,1,1,les malades,NA,3,4,1,4,5,5,5,4,5,1,5,2,1,3,1,4,4,5,3,5,4,3,3,4,3,4,2,3,2,3,2,5,3,3,1,1,4,2,5,1,1,2,5,3,1,9,9,6,1,2,4,1,4,5,1,1,1,3,1,3,1,2,3,1,1,2,3,3,3,3,1,5,5,5,5,5,5,5,5,5,5,5,5,1506,99,99,3,1,3,3,4,3,2,2,4,4,4,4,3,2,2,3,4,3,2,2,1,6,1,1,6,7,NA,NA,NA,NA,NA,NA,NA,NA,NA,NA,NA,NA,NA,NA,NA,NA,NA,NA,NA,NA,NA,NA,NA,NA,NA,NA,NA,237361102458999,213,1,1783,3.3333333333333335,4,3,2.3333333333333335,2.2,4,3.1666666666666665,3.6666666666666665,4,"Higher education (e.g., university degree or higher education diploma)",Man,49,(3),Rural,1506,7.317212408359839,"March 06, 2023"
2023-03-06 22:25:25,2023-03-06 22:37:13,0,100,708,1,2023-03-06 22:37:14,R_2zYhmnBvlZrHAbT,anonymous,FR,1,1,NA,33,4,213,2,4,5,5,3,3,5,2,2,4,6,5,4,2,NA,Rigueur des études franchise sur les limites de l étude indépendance,4,6,1,3,5,3,3,2,2,1,4,4,2,2,3,4,5,4,4,4,3,2,3,4,3,2,2,3,2,2,4,4,3,4,3,4,4,3,3,4,2,4,3,2,1,5,5,6,1,4,4,5,1,5,3,3,3,5,1,1,2,5,1,1,1,4,3,3,2,3,2,4,5,3,5,2,5,5,5,5,5,5,5,32000,2,2,1,1,4,4,4,3,1,1,4,3,5,3,2,2,2,3,4,2,2,1,1,2,3,3,2,4,NA,NA,NA,NA,NA,NA,NA,NA,NA,NA,NA,NA,NA,NA,NA,NA,NA,NA,NA,NA,NA,NA,NA,NA,NA,NA,NA,237718972753146,213,1,1784,2,3.6666666666666665,2.6666666666666665,3,3.2,5,2.8333333333333335,2.8333333333333335,4,"Higher education (e.g., university degree or higher education diploma)",Man,33,Not religious at all (1),Rural,32000,10.373491181781864,"March 06, 2023"
2023-03-06 22:32:07,2023-03-06 23:10:38,0,100,2310,1,2023-03-06 23:10:38,R_3gUHhlENNenu9q9,anonymous,FR,1,0,NA,54,4,213,3,3,3,3,2,2,3,2,2,3,3,2,2,2,NA,"Il ne se montre pas constamment dans les médias sous toutes les coutures, il travaille dans son labo !",3,6,1,4,5,5,3,3,3,3,3,3,2,4,3,4,4,3,3,3,3,3,3,4,3,3,3,4,3,3,3,3,3,4,2,2,3,2,3,3,3,3,3,3,1,9,3,7,2,4,4,4,2,5,4,4,4,4,1,2,2,4,2,2,2,3,2,3,3,3,1,4,4,4,4,4,4,4,4,4,4,4,4,1000,99,4,4,1,4,4,4,4,3,3,4,4,4,3,3,3,4,4,4,3,3,3,3,3,5,4,5,7,NA,NA,NA,NA,NA,NA,NA,NA,NA,NA,NA,NA,NA,NA,NA,NA,NA,NA,NA,NA,NA,NA,NA,NA,NA,NA,NA,237718971517087,213,1,1787,3,3.6666666666666665,3,3,3.2,3,3.1666666666666665,3.3333333333333335,4,"Higher education (e.g., university degree or higher education diploma)",Woman,54,(4),Rural,1000,6.907755278982137,"March 06, 2023"
2023-03-06 22:53:31,2023-03-06 23:12:37,0,100,1146,1,2023-03-06 23:12:38,R_OjOuk3VngfoIsyl,anonymous,FR,1,1,NA,38,3,213,2,2,2,1,1,2,2,1,2,1,2,3,2,2,Les pays sur-développé car il ont plus d'argent à investir dedans,NA,3,6,1,4,5,3,2,2,2,2,3,2,4,3,3,2,4,4,3,4,4,3,3,4,4,3,3,2,3,3,3,4,3,4,4,4,3,3,2,5,2,3,3,2,1,4,4,7,3,2,4,3,2,4,3,3,3,4,1,3,2,4,1,3,3,2,2,3,2,3,2,4,4,4,4,4,4,3,3,3,3,3,3,2500,3,3,1,1,4,4,2,3,2,2,3,3,3,4,2,2,3,4,4,3,2,3,2,3,6,5,4,4,NA,NA,NA,NA,NA,NA,NA,NA,NA,NA,NA,NA,NA,NA,NA,NA,NA,NA,NA,NA,NA,NA,NA,NA,NA,NA,NA,237123008149747,213,1,1788,3,3.3333333333333335,3.6666666666666665,3,3.2,3,3.25,3.1666666666666665,3,"Secondary education (e.g., high school)",Man,38,Not religious at all (1),Rural,2500,7.824046010856292,"March 06, 2023"
2023-03-06 21:59:55,2023-03-06 23:41:16,0,100,6081,1,2023-03-06 23:41:17,R_cutIdPbuCQuUJUt,anonymous,FR,1,0,NA,39,3,213,2,7,4,3,5,2,3,3,2,2,4,2,1,1,NA,"La responsabilité face à l'éthique avec leur fonction envers la population du pays, du monde",5,4,1,5,5,5,4,3,3,3,3,5,3,5,4,4,3,5,4,4,4,3,3,4,4,5,3,2,3,3,2,5,4,3,3,4,3,1,5,2,2,3,2,3,1,10,2,10,2,5,5,3,3,4,3,3,4,3,1,5,5,3,3,3,4,4,1,3,2,3,1,3,3,3,4,3,3,4,4,4,4,4,4,1900,4,4,4,2,5,5,5,3,5,5,5,4,4,2,3,3,4,5,5,3,3,3,3,2,7,4,5,5,NA,NA,NA,NA,NA,NA,NA,NA,NA,NA,NA,NA,NA,NA,NA,NA,NA,NA,NA,NA,NA,NA,NA,NA,NA,NA,NA,237457967426718,213,1,1791,3.6666666666666665,3.3333333333333335,3.6666666666666665,2.6666666666666665,4,5,3.3333333333333335,3.5,3,"Secondary education (e.g., high school)",Woman,39,(4),Urban,1900,7.549609165154532,"March 06, 2023"
2023-03-05 22:59:16,2023-03-07 00:15:44,0,100,90987,1,2023-03-07 00:15:44,R_2VCvO0hdZijwX76,anonymous,FR,1,0,NA,39,4,213,3,3,2,1,4,1,3,1,1,2,5,3,2,1,NA,Son savoir. Son niveau d’études. Sa précision.,3,6,1,5,5,5,3,5,5,1,5,1,3,1,3,2,5,5,3,4,4,4,3,5,4,4,5,5,5,4,3,5,5,3,2,2,3,2,2,2,1,3,3,3,1,10,2,9,1,5,5,4,2,4,5,3,3,3,3,5,2,3,2,2,2,3,2,3,2,3,2,5,5,5,5,5,5,5,5,5,5,5,5,50000,3,4,4,2,5,5,5,5,4,5,3,3,3,5,3,3,3,3,3,4,4,3,1,2,7,7,7,6,NA,NA,NA,NA,NA,NA,NA,NA,NA,NA,NA,NA,NA,NA,NA,NA,NA,NA,NA,NA,NA,NA,NA,NA,NA,NA,NA,237457967368238,213,1,1793,4,4.666666666666667,4.333333333333333,3.6666666666666665,2.6,4,4.166666666666667,4.333333333333333,4,"Higher education (e.g., university degree or higher education diploma)",Woman,39,(4),Urban,50000,10.819778284410283,"March 05, 2023"
2023-03-07 00:10:07,2023-03-07 00:19:13,0,100,546,1,2023-03-07 00:19:14,R_1CqN1gwYLAzCbEU,anonymous,FR,1,1,NA,37,4,213,7,7,7,4,6,6,6,6,5,5,4,5,7,4,Les aduktes,NA,4,6,6,5,5,4,3,4,4,2,4,1,1,4,2,4,4,4,1,3,1,2,2,5,2,1,1,4,2,1,5,3,5,3,5,2,2,1,5,3,4,1,4,3,1,9,1,8,9,4,5,5,5,3,4,2,5,4,1,3,5,5,5,1,1,1,4,4,4,1,3,2,4,4,5,2,2,2,4,4,1,1,2,44444,4,4,3,2,2,2,5,5,3,2,4,3,4,3,5,5,1,5,3,3,4,5,1,6,9,1,4,2,NA,NA,NA,NA,NA,NA,NA,NA,NA,NA,NA,NA,NA,NA,NA,NA,NA,NA,NA,NA,NA,NA,NA,NA,NA,NA,NA,237718975583331,213,1,1794,1.3333333333333333,4,1.6666666666666667,2.6666666666666665,2.4,4,2.4166666666666665,2.6666666666666665,4,"Higher education (e.g., university degree or higher education diploma)",Man,37,(3),Urban,44444,10.701985248703899,"March 07, 2023"
2023-03-07 04:16:49,2023-03-07 04:52:04,0,100,2115,1,2023-03-07 04:52:04,R_12o5imsOiOoztnG,anonymous,FR,1,1,NA,35,4,213,3,4,3,5,4,5,2,2,1,2,5,2,1,1,NA,un scientifique devient digne de confiance quand ses travaux sont publier et que sa ou ses découvertes ne sont pas censurés par les gouvernements pour contrôler l opinion publique.,1,6,1,4,4,3,5,2,2,1,5,1,2,3,2,5,5,5,4,4,4,3,3,5,4,5,2,5,4,4,2,5,2,5,5,4,3,3,5,5,4,4,2,1,1,9,6,8,1,3,1,1,1,4,1,1,1,5,3,1,1,5,1,2,1,4,1,3,3,3,1,5,5,5,4,5,5,5,5,5,1,5,5,30000,99,99,1,2,4,4,4,2,1,1,5,4,3,3,1,2,4,5,5,2,3,1,1,6,9,5,2,6,NA,NA,NA,NA,NA,NA,NA,NA,NA,NA,NA,NA,NA,NA,NA,NA,NA,NA,NA,NA,NA,NA,NA,NA,NA,NA,NA,237718975570073,213,1,1796,4,4.666666666666667,4,2.3333333333333335,2.6,4,3.75,4.333333333333333,4,"Higher education (e.g., university degree or higher education diploma)",Man,35,Not religious at all (1),Urban,30000,10.308952660644293,"March 07, 2023"
2023-03-07 05:22:38,2023-03-07 05:37:33,0,100,894,1,2023-03-07 05:37:33,R_yOTZt21qZt0njCp,anonymous,FR,1,0,NA,68,3,213,1,3,3,1,1,1,1,1,1,1,1,1,1,1,NA,NA,3,4,5,5,4,5,1,2,2,2,2,5,5,5,5,5,5,5,3,4,4,4,4,4,4,4,4,4,4,4,4,4,4,4,4,4,3,2,4,5,3,3,3,3,1,9,3,9,1,4,3,3,3,2,3,2,2,3,3,3,3,4,3,3,3,3,2,3,3,3,2,4,4,4,4,4,4,4,4,4,4,4,NA,30000,4,4,1,1,4,4,4,4,4,4,3,3,3,3,3,3,3,3,3,3,3,3,2,4,6,3,4,4,NA,NA,NA,NA,NA,NA,NA,NA,NA,NA,NA,NA,NA,NA,NA,NA,NA,NA,NA,NA,NA,NA,NA,NA,NA,NA,NA,237718975274082,213,1,1798,4,4,4,4,5,4,4,4,3,"Secondary education (e.g., high school)",Woman,68,Not religious at all (1),Rural,30000,10.308952660644293,"March 07, 2023"
2023-03-07 06:42:27,2023-03-07 07:17:02,0,100,2074,1,2023-03-07 07:17:02,R_1Lnb9XkFbdHZV6V,anonymous,FR,1,0,NA,56,4,213,2,4,5,2,2,2,3,1,2,4,3,1,1,1,NA,Son indépendance intellectuelle et financière vis à vis de l’industrie et du domaine privé,2,4,1,4,5,5,3,3,3,1,4,5,5,5,5,5,1,4,4,3,3,3,2,4,4,4,2,3,4,3,4,4,3,1,1,2,1,3,3,3,2,3,3,3,1,9,9,10,1,5,4,3,1,5,3,3,4,4,1,3,3,5,3,3,1,2,2,3,3,3,2,5,5,5,5,4,5,5,5,5,5,5,5,28000,99,3,3,1,4,4,4,4,3,3,4,4,4,4,3,3,3,3,4,4,3,2,1,3,4,5,5,4,NA,NA,NA,NA,NA,NA,NA,NA,NA,NA,NA,NA,NA,NA,NA,NA,NA,NA,NA,NA,NA,NA,NA,NA,NA,NA,NA,236850617515091,213,1,1801,3.3333333333333335,3.3333333333333335,3.6666666666666665,2.6666666666666665,4.2,3,3.25,3.3333333333333335,4,"Higher education (e.g., university degree or higher education diploma)",Woman,56,(3),Rural,28000,10.239959789157341,"March 07, 2023"
2023-03-07 07:14:03,2023-03-07 07:33:47,0,100,1184,1,2023-03-07 07:33:47,R_3p2KQkZqfbck8Ng,anonymous,FR,1,0,NA,50,4,213,3,3,3,3,2,1,1,1,1,1,3,1,1,1,NA,Sa fiabilité,5,6,1,5,4,3,3,5,4,2,4,3,4,3,4,5,2,5,4,4,4,4,4,5,4,4,2,4,4,4,2,4,4,1,1,1,4,3,2,2,3,3,2,2,1,10,1,10,1,4,4,4,2,3,3,3,3,4,1,2,2,3,3,1,2,4,3,3,3,3,3,5,5,5,5,5,5,5,5,5,5,5,5,60000,3,3,3,2,5,5,5,5,5,5,5,5,5,5,4,5,5,5,5,5,4,5,1,1,1,3,5,7,NA,NA,NA,NA,NA,NA,NA,NA,NA,NA,NA,NA,NA,NA,NA,NA,NA,NA,NA,NA,NA,NA,NA,NA,NA,NA,NA,237718971369495,213,1,1803,4,4.333333333333333,4,2.6666666666666665,3.2,4,3.75,4.166666666666667,4,"Higher education (e.g., university degree or higher education diploma)",Woman,50,(3),Urban,60000,11.002099841204238,"March 07, 2023"
2023-03-07 07:38:16,2023-03-07 08:00:42,0,100,1345,1,2023-03-07 08:00:42,R_3NKaVA0AxMl1yy8,anonymous,FR,1,0,NA,71,4,213,2,5,5,4,3,4,2,2,3,4,4,2,1,1,NA,"Les études qu’il a faites et la poursuite des formations et des confrontations avec des collègues tout au long de sa carrière.  La rigueur des protocoles de recherche et le fait qu’elles ne sont jamais le fait d’une seule personne, qu’il y a le travail d’une équipe",5,6,1,4,5,5,3,5,5,4,5,4,4,5,4,5,2,5,4,3,4,4,5,5,3,4,4,5,5,4,4,3,3,3,4,4,3,3,2,2,2,2,2,2,1,10,2,10,1,5,5,5,2,4,2,2,3,2,1,2,1,3,1,1,1,5,2,3,3,3,3,5,5,5,5,5,5,5,5,5,5,5,5,31000,2,2,1,2,5,5,5,4,1,4,4,5,5,3,1,3,4,4,5,3,1,3,1,1,1,5,6,6,NA,NA,NA,NA,NA,NA,NA,NA,NA,NA,NA,NA,NA,NA,NA,NA,NA,NA,NA,NA,NA,NA,NA,NA,NA,NA,NA,237457967300679,213,1,1804,4,4.333333333333333,4,4.333333333333333,3.8,5,4.166666666666667,4.166666666666667,4,"Higher education (e.g., university degree or higher education diploma)",Woman,71,Not religious at all (1),Urban,31000,10.341742483467284,"March 07, 2023"
2023-03-07 08:41:16,2023-03-07 08:58:42,0,100,1045,1,2023-03-07 08:58:42,R_333xHIUfeIILGcl,anonymous,FR,1,0,NA,37,4,213,1,6,5,3,1,1,2,1,4,1,3,2,1,1,NA,un langage clair et compréhensible par tous. Des propos vérifiables,3,4,1,5,5,5,4,5,5,5,4,5,4,4,5,4,4,5,3,3,2,3,3,4,3,3,3,4,3,2,2,2,2,3,2,3,3,1,4,4,3,3,3,3,1,8,3,8,1,2,5,3,1,4,3,5,3,5,1,1,1,4,1,1,1,4,3,3,3,3,3,5,5,5,5,5,5,5,5,5,5,5,5,50000,3,3,3,1,3,3,3,4,4,2,3,3,3,3,4,2,3,3,3,4,4,2,1,2,5,4,4,7,NA,NA,NA,NA,NA,NA,NA,NA,NA,NA,NA,NA,NA,NA,NA,NA,NA,NA,NA,NA,NA,NA,NA,NA,NA,NA,NA,237718972258348,213,1,1806,2.6666666666666665,3.6666666666666665,2.6666666666666665,2.6666666666666665,4.4,4,2.9166666666666665,3.1666666666666665,4,"Higher education (e.g., university degree or higher education diploma)",Woman,37,(3),Rural,50000,10.819778284410283,"March 07, 2023"
2023-03-07 08:56:34,2023-03-07 09:19:02,0,100,1347,1,2023-03-07 09:19:02,R_5hFUz3vMsmkbrot,anonymous,FR,1,1,NA,59,4,213,4,5,3,1,1,1,1,1,1,3,3,1,2,1,"Les actionnaires de grands groupes industriels, ces derniers déposent des brevets, ils en tirent des bénéfices qui sont distribués aux premiers. Toutefois, le consommateur-usager retire aussi des intérêts liés aux découvertes et progrès scientifiques.",NA,5,2,1,5,5,3,2,4,2,1,5,4,5,5,5,5,3,5,5,4,4,4,3,3,3,3,3,4,3,3,3,4,5,4,4,4,1,1,3,3,3,1,2,3,1,10,1,10,5,3,3,5,1,5,2,1,4,5,1,2,1,3,2,1,3,3,3,3,1,3,3,5,5,5,5,5,5,5,5,5,5,5,5,30000,4,4,3,2,4,4,4,4,3,1,3,3,3,3,3,3,4,5,5,4,3,1,1,1,1,1,7,5,NA,NA,NA,NA,NA,NA,NA,NA,NA,NA,NA,NA,NA,NA,NA,NA,NA,NA,NA,NA,NA,NA,NA,NA,NA,NA,NA,237457968334073,213,1,1808,3.3333333333333335,3.6666666666666665,3.3333333333333335,3,4.4,5,3.3333333333333335,3.5,4,"Higher education (e.g., university degree or higher education diploma)",Man,59,(3),Urban,30000,10.308952660644293,"March 07, 2023"
2023-03-07 10:05:37,2023-03-07 10:13:03,0,100,446,1,2023-03-07 10:13:04,R_2ZNy5Llyb9X4ekc,anonymous,FR,1,0,NA,36,4,213,1,1,1,1,1,1,1,1,1,1,2,1,1,1,Je n'en ai aucune idée,NA,3,4,1,4,4,5,4,4,4,4,4,4,4,4,4,4,4,5,3,4,4,4,4,4,4,4,4,4,4,4,3,5,4,1,1,1,3,3,3,2,3,3,4,3,1,9,6,9,2,4,4,5,2,5,5,4,5,5,1,5,5,2,5,5,5,2,3,3,3,3,3,4,4,4,5,5,5,5,5,5,5,5,5,38000,3,3,1,1,3,3,3,3,3,3,3,3,3,3,3,3,3,3,3,3,3,3,2,2,3,4,4,6,NA,NA,NA,NA,NA,NA,NA,NA,NA,NA,NA,NA,NA,NA,NA,NA,NA,NA,NA,NA,NA,NA,NA,NA,NA,NA,NA,237810979993710,213,1,1811,4,4,4,3.6666666666666665,4,3,3.9166666666666665,4,4,"Higher education (e.g., university degree or higher education diploma)",Woman,36,Not religious at all (1),Rural,38000,10.545341438708522,"March 07, 2023"
2023-03-07 10:00:39,2023-03-07 10:14:51,0,100,851,1,2023-03-07 10:14:51,R_1Ka84N7Kzqmx2zI,anonymous,FR,1,0,NA,53,3,213,3,3,5,3,2,1,3,3,1,3,5,4,4,3,Les politiques utilisent les scientifiques dans leur propre intérêt,NA,3,4,1,5,5,5,3,3,3,1,4,3,2,4,2,5,5,3,3,3,2,2,3,4,2,3,1,4,2,2,2,2,2,4,4,4,5,3,5,5,5,5,4,5,1,10,1,10,1,4,4,5,1,5,2,2,4,5,1,1,1,5,1,1,1,5,2,3,3,3,2,5,5,5,5,5,5,5,5,5,5,5,5,30000,3,5,2,1,3,3,2,4,1,1,3,3,2,4,1,2,3,3,1,4,1,2,1,7,9,6,7,6,NA,NA,NA,NA,NA,NA,NA,NA,NA,NA,NA,NA,NA,NA,NA,NA,NA,NA,NA,NA,NA,NA,NA,NA,NA,NA,NA,237810979995778,213,1,1812,2.3333333333333335,3.6666666666666665,2,2,3.2,3,2.5,3,3,"Secondary education (e.g., high school)",Woman,53,(2),Rural,30000,10.308952660644293,"March 07, 2023"
2023-03-07 09:58:49,2023-03-07 10:18:14,0,100,1165,1,2023-03-07 10:18:15,R_1ISLayQdcjsS7Y4,anonymous,FR,1,0,NA,51,3,213,3,3,1,1,1,1,1,1,1,2,3,1,1,1,NA,Son expérience,3,6,1,5,5,5,1,3,3,1,4,1,1,3,1,5,5,5,5,4,3,3,3,4,3,3,2,4,3,3,3,3,2,3,3,3,3,1,3,3,3,3,3,3,1,5,4,7,1,2,5,4,1,4,4,3,2,5,1,1,1,4,3,1,2,3,1,2,3,3,1,5,5,5,5,5,5,5,5,5,5,5,5,2900,99,3,3,1,4,4,3,3,1,2,3,3,3,3,3,3,3,3,3,2,2,3,1,3,4,3,7,5,NA,NA,NA,NA,NA,NA,NA,NA,NA,NA,NA,NA,NA,NA,NA,NA,NA,NA,NA,NA,NA,NA,NA,NA,NA,NA,NA,237810980020459,213,1,1815,3,4,3,2.6666666666666665,2.2,5,3.1666666666666665,3.5,3,"Secondary education (e.g., high school)",Woman,51,(3),Rural,2900,7.9724660159745655,"March 07, 2023"
2023-03-07 10:15:59,2023-03-07 10:19:32,0,100,212,1,2023-03-07 10:19:32,R_2dKEITvNewR5osl,anonymous,FR,1,1,NA,35,4,213,4,2,3,3,4,2,3,4,5,4,4,3,3,7,NA,ses études ses tests,4,4,3,3,4,4,3,4,3,3,4,3,2,4,3,3,4,4,3,4,2,4,3,4,3,2,4,4,3,4,3,4,4,3,4,1,3,3,4,2,2,3,3,4,1,6,7,4,7,4,3,4,1,3,3,2,2,4,2,4,2,3,3,3,4,3,3,2,3,3,4,3,2,3,3,4,4,3,2,3,4,3,3,50000,3,4,1,1,4,3,4,4,4,4,4,3,4,4,3,2,4,3,3,3,3,2,4,5,5,5,3,7,NA,NA,NA,NA,NA,NA,NA,NA,NA,NA,NA,NA,NA,NA,NA,NA,NA,NA,NA,NA,NA,NA,NA,NA,NA,NA,NA,237718971793554,213,1,1816,3.3333333333333335,4,2.6666666666666665,3.3333333333333335,3.2,4,3.3333333333333335,3.6666666666666665,4,"Higher education (e.g., university degree or higher education diploma)",Man,35,Not religious at all (1),Rural,50000,10.819778284410283,"March 07, 2023"
2023-03-07 10:00:32,2023-03-07 10:19:33,0,100,1140,1,2023-03-07 10:19:33,R_2BxGheEEnRH97CW,anonymous,FR,1,0,NA,58,3,213,3,4,1,1,3,1,2,1,2,1,3,1,3,1,Les hypocondriaque qui se soigne en regardant les symptômes où les bilans sanguins sur internet,NA,4,4,1,5,3,5,5,5,5,3,3,5,5,3,5,5,5,5,3,5,4,1,3,5,3,3,3,5,3,3,3,5,4,5,5,5,3,3,4,4,5,3,3,4,1,10,6,6,1,5,5,5,2,5,4,3,1,5,1,1,2,2,3,3,1,3,1,2,3,3,1,5,5,5,3,5,5,3,3,3,5,5,5,3700,99,5,5,1,5,5,5,5,4,5,3,3,3,4,4,4,4,4,4,4,4,4,1,4,7,1,1,7,NA,NA,NA,NA,NA,NA,NA,NA,NA,NA,NA,NA,NA,NA,NA,NA,NA,NA,NA,NA,NA,NA,NA,NA,NA,NA,NA,237810980039691,213,1,1817,2.3333333333333335,5,3.3333333333333335,3,4.6,3,3.4166666666666665,3.6666666666666665,3,"Secondary education (e.g., high school)",Woman,58,Very strongly religious (5),Rural,3700,8.216088098632316,"March 07, 2023"
2023-03-07 10:09:15,2023-03-07 10:24:32,0,100,916,1,2023-03-07 10:24:33,R_10uQy40yrPq9FxY,anonymous,FR,1,1,NA,44,4,213,1,3,3,2,3,1,1,1,2,2,3,1,1,1,NA,"Qu’il maîtrise son sujet, qu’il en parle de manière accessible.",3,2,1,4,5,1,2,4,4,1,4,4,3,3,3,4,5,5,4,4,4,3,2,4,4,3,2,5,4,4,2,5,4,4,3,1,4,1,4,4,2,3,2,3,1,8,4,8,2,4,2,4,2,1,2,2,4,4,2,2,2,2,3,3,2,4,1,3,3,3,2,4,4,5,4,4,4,5,5,5,5,5,5,50000,2,3,1,1,4,4,4,4,2,3,4,4,4,4,2,3,4,4,4,4,2,3,1,2,2,1,2,6,NA,NA,NA,NA,NA,NA,NA,NA,NA,NA,NA,NA,NA,NA,NA,NA,NA,NA,NA,NA,NA,NA,NA,NA,NA,NA,NA,237810979391684,213,1,1819,3.3333333333333335,4.333333333333333,4,2,3.6,4,3.4166666666666665,3.8333333333333335,4,"Higher education (e.g., university degree or higher education diploma)",Man,44,Not religious at all (1),Rural,50000,10.819778284410283,"March 07, 2023"
2023-03-07 10:00:27,2023-03-07 10:26:20,0,100,1553,1,2023-03-07 10:26:21,R_uwwKFFwhmtvtEXL,anonymous,FR,1,0,NA,41,3,213,1,1,1,1,4,1,3,6,2,4,7,5,4,1,NA,Ses bons résultats,4,4,6,4,5,4,5,3,3,3,1,3,5,5,5,5,5,5,5,4,3,4,3,5,3,4,2,4,4,4,2,4,4,5,5,5,5,3,3,5,5,5,3,3,1,10,7,7,1,3,4,5,1,5,4,4,5,1,1,1,1,5,5,1,3,5,2,3,3,3,2,5,5,5,3,5,5,5,5,5,5,5,5,36000,99,99,3,1,3,5,4,4,4,1,3,4,4,4,4,3,4,5,4,4,4,3,1,7,7,1,1,5,NA,NA,NA,NA,NA,NA,NA,NA,NA,NA,NA,NA,NA,NA,NA,NA,NA,NA,NA,NA,NA,NA,NA,NA,NA,NA,NA,237123007889534,213,1,1823,4,4.333333333333333,3.3333333333333335,2.3333333333333335,4.6,4,3.5,4.166666666666667,3,"Secondary education (e.g., high school)",Woman,41,(3),Rural,36000,10.491274217438248,"March 07, 2023"
2023-03-07 10:04:33,2023-03-07 10:26:20,0,100,1307,1,2023-03-07 10:26:21,R_20TJeEikdaJBnvN,anonymous,FR,1,1,NA,53,3,213,4,5,6,5,5,4,6,3,2,5,5,5,5,1,NA,Son niveau d'études et les diplômes obtenus. Ses publications dans des magasines reconnus fiable.,4,2,5,5,5,5,3,5,5,4,4,4,4,3,5,4,5,5,4,4,4,4,4,5,3,4,3,4,4,4,3,4,4,4,3,4,3,2,2,3,3,3,3,4,1,7,4,10,2,4,4,3,3,4,3,3,2,3,2,2,2,4,3,3,2,3,3,3,2,4,2,5,5,5,5,5,5,5,5,5,5,5,5,16000,99,2,1,2,4,5,5,5,4,3,4,4,4,4,4,4,4,5,5,4,4,3,2,4,2,6,4,7,NA,NA,NA,NA,NA,NA,NA,NA,NA,NA,NA,NA,NA,NA,NA,NA,NA,NA,NA,NA,NA,NA,NA,NA,NA,NA,NA,237810980042807,213,1,1824,4,4.333333333333333,3.6666666666666665,3.3333333333333335,4.2,4,3.8333333333333335,4.166666666666667,3,"Secondary education (e.g., high school)",Man,53,Not religious at all (1),Urban,16000,9.680344001221918,"March 07, 2023"
2023-03-07 10:16:10,2023-03-07 10:26:29,0,100,619,1,2023-03-07 10:26:29,R_3MAvRkjs11Ibupl,anonymous,FR,1,1,NA,45,3,213,4,4,4,3,5,4,3,4,3,3,5,4,4,4,NA,"Son activité , la veracité de ses propos confirmés par dautres membres de sa communauté",5,4,1,5,5,5,5,5,3,3,3,1,3,3,4,4,5,4,5,4,4,4,4,5,2,4,2,3,3,3,4,5,4,3,3,4,3,3,4,3,4,2,3,4,1,6,7,7,5,4,5,4,1,5,5,5,3,3,1,2,2,2,1,1,1,1,2,3,2,4,2,5,5,5,5,5,5,5,5,5,5,5,5,30000,5,5,1,2,4,4,3,4,3,3,4,3,2,2,2,2,3,4,4,5,4,4,1,5,9,4,5,2,NA,NA,NA,NA,NA,NA,NA,NA,NA,NA,NA,NA,NA,NA,NA,NA,NA,NA,NA,NA,NA,NA,NA,NA,NA,NA,NA,237810979483732,213,1,1825,3.6666666666666665,4,3,3.3333333333333335,3.2,3,3.5,3.8333333333333335,3,"Secondary education (e.g., high school)",Man,45,Not religious at all (1),Urban,30000,10.308952660644293,"March 07, 2023"
2023-03-07 10:03:40,2023-03-07 10:28:52,0,100,1511,1,2023-03-07 10:28:52,R_1MRMWB2D8I23hlv,anonymous,FR,1,0,NA,35,3,213,2,5,5,3,4,1,5,2,1,4,3,2,1,1,"Je trouve que tout le monde bénéficie de la science à différents niveaux : les chercheurs publient leurs résultats pour en faire bénéficier un large public pour que ce dernier fasse des choix concernant sa santé, ses habitudes de vies, sa consommation… Malheureusement tout le monde n’a pas les moyens de s’informer correctement.",NA,4,6,1,5,4,4,4,4,3,3,4,5,5,5,5,5,3,5,5,4,4,4,3,4,4,5,5,4,4,5,3,4,4,3,2,4,4,2,2,2,3,3,2,2,1,3,8,3,1,4,4,3,2,2,4,3,3,4,2,3,2,4,2,3,2,2,2,3,3,3,2,5,5,5,5,4,5,5,5,5,5,5,5,39000,3,3,1,1,5,5,5,4,4,3,4,4,4,4,3,3,5,4,5,4,4,3,1,2,2,5,7,5,NA,NA,NA,NA,NA,NA,NA,NA,NA,NA,NA,NA,NA,NA,NA,NA,NA,NA,NA,NA,NA,NA,NA,NA,NA,NA,NA,237810980036814,213,1,1827,4.666666666666667,4,4,3.6666666666666665,4.6,4,4.083333333333333,4.333333333333333,3,"Secondary education (e.g., high school)",Woman,35,Not religious at all (1),Rural,39000,10.571316925111784,"March 07, 2023"
2023-03-07 10:21:37,2023-03-07 10:33:24,0,100,707,1,2023-03-07 10:33:25,R_1pyxDL600A0Y3er,anonymous,FR,1,0,NA,45,4,213,2,2,2,1,1,1,1,1,1,1,1,1,1,1,Tout le monde surtout dans les pays développés grâce aux avancées médicales et outils technologiques,NA,4,4,1,5,4,4,2,5,5,1,5,2,4,4,4,4,4,4,3,4,4,4,5,5,4,5,5,5,4,5,5,4,4,4,2,2,5,3,2,1,2,3,2,2,1,10,4,10,3,4,2,5,1,5,5,4,5,5,1,1,1,5,1,1,1,4,3,3,3,3,3,2,5,3,5,1,5,4,5,4,5,4,5,64000,3,3,2,2,4,4,4,4,5,4,3,3,3,3,4,4,4,4,4,4,3,3,1,3,3,4,5,4,NA,NA,NA,NA,NA,NA,NA,NA,NA,NA,NA,NA,NA,NA,NA,NA,NA,NA,NA,NA,NA,NA,NA,NA,NA,NA,NA,237810979988504,213,1,1829,4.666666666666667,4.666666666666667,4,5,3.6,4,4.583333333333333,4.666666666666667,4,"Higher education (e.g., university degree or higher education diploma)",Woman,45,(2),Urban,64000,11.06663836234181,"March 07, 2023"
2023-03-07 10:32:21,2023-03-07 10:46:03,0,100,821,1,2023-03-07 10:46:04,R_1CEAC9nvnokMR84,anonymous,FR,1,1,NA,57,4,213,3,3,3,4,3,1,2,3,1,2,3,1,1,1,Tout le monde,NA,4,2,1,4,4,4,3,3,3,3,3,3,3,3,3,3,3,4,4,4,4,3,3,4,4,4,3,4,4,4,4,3,4,4,3,4,4,2,2,2,4,3,4,4,1,5,6,7,8,3,4,3,3,2,3,2,2,3,2,2,2,4,2,2,2,4,1,3,3,3,2,3,3,4,2,3,3,3,3,4,3,4,4,4500,3,4,1,1,3,4,3,3,2,3,3,3,3,3,3,3,3,3,3,3,3,3,2,3,4,6,6,7,NA,NA,NA,NA,NA,NA,NA,NA,NA,NA,NA,NA,NA,NA,NA,NA,NA,NA,NA,NA,NA,NA,NA,NA,NA,NA,NA,237810979464427,213,1,1832,3.6666666666666665,4,4,3.3333333333333335,3,4,3.75,3.8333333333333335,4,"Higher education (e.g., university degree or higher education diploma)",Man,57,Not religious at all (1),Rural,4500,8.411832675758411,"March 07, 2023"
2023-03-07 10:41:37,2023-03-07 10:53:02,0,100,685,1,2023-03-07 10:53:03,R_1NytMgo25WBXRSl,anonymous,FR,1,1,NA,39,4,213,5,5,6,6,3,3,7,6,3,6,6,4,4,2,NA,La reconnaissance de ses pairs,5,4,1,5,4,5,3,5,5,2,5,5,5,5,5,5,2,5,5,5,5,5,5,5,5,5,5,5,5,5,5,5,5,5,5,5,4,4,1,1,1,4,1,1,1,10,1,10,1,5,4,5,1,4,5,4,4,4,1,2,1,4,1,1,1,1,3,3,3,3,3,5,5,5,5,5,5,5,5,5,5,5,5,35500,1,3,1,1,5,5,5,5,2,4,5,5,5,5,4,4,5,5,5,5,3,4,1,1,1,3,5,8,NA,NA,NA,NA,NA,NA,NA,NA,NA,NA,NA,NA,NA,NA,NA,NA,NA,NA,NA,NA,NA,NA,NA,NA,NA,NA,NA,237718971359237,213,1,1834,5,5,5,5,4.4,5,5,5,4,"Higher education (e.g., university degree or higher education diploma)",Man,39,Not religious at all (1),Rural,35500,10.477287975463508,"March 07, 2023"
2023-03-07 10:42:44,2023-03-07 10:58:47,0,100,963,1,2023-03-07 10:58:48,R_2tlZ1Y9tRC9F2w2,anonymous,FR,1,0,NA,59,3,213,2,3,3,3,4,5,4,1,2,6,5,1,1,1,NA,Une fois publié de façon certaine,3,1,2,5,5,5,4,4,3,2,5,4,4,2,4,3,5,5,4,4,2,4,3,4,4,3,2,5,4,2,2,3,3,4,4,4,5,4,5,4,4,4,5,4,1,10,9,10,3,2,5,4,2,2,2,2,3,4,1,2,2,4,4,2,4,2,1,3,3,3,1,4,5,3,5,2,5,3,5,3,5,2,5,21600,2,2,2,2,2,3,3,2,2,4,2,3,3,2,4,4,2,2,3,2,3,4,1,5,3,1,1,3,NA,NA,NA,NA,NA,NA,NA,NA,NA,NA,NA,NA,NA,NA,NA,NA,NA,NA,NA,NA,NA,NA,NA,NA,NA,NA,NA,237810979997859,213,1,1836,3,4.333333333333333,3.3333333333333335,2.3333333333333335,3.8,4,3.25,3.6666666666666665,3,"Secondary education (e.g., high school)",Woman,59,(2),Urban,21600,9.980448593672257,"March 07, 2023"
2023-03-07 10:52:06,2023-03-07 10:59:52,0,100,466,1,2023-03-07 10:59:53,R_1Zm91ePfHLt0IM1,anonymous,FR,1,1,NA,52,4,213,5,4,5,4,4,4,5,3,4,4,3,1,1,1,NA,participe à lola recherche,4,6,1,5,5,5,2,4,4,3,3,5,4,5,5,5,5,5,4,5,4,4,4,4,4,4,4,4,4,4,2,5,4,5,4,4,3,1,2,1,2,3,2,1,1,8,3,8,3,4,5,5,1,5,4,4,4,5,1,2,2,4,1,1,1,5,3,3,3,3,3,5,5,5,5,5,5,5,5,5,5,5,5,100000,2,3,1,2,4,4,4,4,4,4,4,4,4,4,4,4,4,4,4,4,4,4,1,1,1,5,5,7,NA,NA,NA,NA,NA,NA,NA,NA,NA,NA,NA,NA,NA,NA,NA,NA,NA,NA,NA,NA,NA,NA,NA,NA,NA,NA,NA,237810979387561,213,1,1837,4,4.333333333333333,4,3.3333333333333335,4.8,4,3.9166666666666665,4.166666666666667,4,"Higher education (e.g., university degree or higher education diploma)",Man,52,Not religious at all (1),Urban,100000,11.512925464970229,"March 07, 2023"
2023-03-07 10:49:37,2023-03-07 11:00:34,0,100,656,1,2023-03-07 11:00:35,R_r3HeMS2hZeQZNL3,anonymous,FR,1,0,NA,51,4,213,1,4,5,5,4,5,3,1,5,5,4,1,1,1,NA,"Le fait qu'il ait fait des études poussées, qu'il  suive une démarche scientifique avec des hypothèses, des essais pour ls vérifier ou les infirmer, des remise en questions permanentes.",5,4,1,5,5,2,2,5,4,1,5,5,5,4,5,3,5,5,4,4,4,4,4,5,4,4,3,5,4,5,3,5,5,4,3,4,5,3,2,1,1,1,1,1,1,5,5,10,1,5,2,1,2,3,2,1,1,3,1,2,1,5,3,2,1,1,3,2,4,4,1,5,5,5,5,5,5,5,5,5,5,5,5,100000,2,2,1,1,4,5,5,5,3,4,4,4,4,4,2,4,4,4,5,4,4,4,1,1,2,4,4,7,NA,NA,NA,NA,NA,NA,NA,NA,NA,NA,NA,NA,NA,NA,NA,NA,NA,NA,NA,NA,NA,NA,NA,NA,NA,NA,NA,237810979994749,213,1,1838,4.333333333333333,4.666666666666667,4,3.3333333333333335,4.8,4,4.083333333333333,4.5,4,"Higher education (e.g., university degree or higher education diploma)",Woman,51,Not religious at all (1),Rural,100000,11.512925464970229,"March 07, 2023"
2023-03-07 10:47:10,2023-03-07 11:02:30,0,100,919,1,2023-03-07 11:02:30,R_OMRevalAGeO47aV,anonymous,FR,1,0,NA,38,4,213,3,5,7,1,3,1,1,3,1,3,4,3,1,1,NA,"De part la qualification déjà, le terme scientifique ´ est pas attribué à n importe qui Ensuite, le fait qu il croit à ce qu il defend",2,1,6,5,5,5,2,4,5,2,1,2,2,3,2,5,5,5,2,3,1,3,3,4,2,4,1,4,2,3,2,2,2,5,5,5,4,1,3,3,3,5,2,3,1,9,5,10,1,1,5,5,1,5,5,4,3,5,1,1,1,4,3,1,1,5,4,3,3,3,4,5,5,5,5,5,5,5,5,5,5,5,5,14000,99,99,1,1,3,3,2,4,1,1,3,3,3,1,1,1,3,3,2,4,2,2,1,6,1,7,3,6,NA,NA,NA,NA,NA,NA,NA,NA,NA,NA,NA,NA,NA,NA,NA,NA,NA,NA,NA,NA,NA,NA,NA,NA,NA,NA,NA,237810980007997,213,1,1839,3.3333333333333335,3.6666666666666665,1.6666666666666667,2,2.8,3,2.6666666666666665,3.5,4,"Higher education (e.g., university degree or higher education diploma)",Woman,38,Not religious at all (1),Rural,14000,9.546812608597396,"March 07, 2023"
2023-03-07 10:26:59,2023-03-07 11:10:51,0,100,2632,1,2023-03-07 11:10:52,R_28BfxMPxWH4lxdw,anonymous,FR,1,0,NA,54,4,213,3,5,5,6,4,2,1,4,2,4,4,4,4,1,Les plus riches parce qu'ils ont les moyens financiers.,NA,3,6,1,5,5,4,3,4,3,2,5,3,3,5,4,5,4,5,4,4,3,3,3,4,3,4,3,4,3,3,4,3,3,2,2,3,2,3,3,4,3,5,3,3,1,7,9,7,1,3,4,4,3,3,3,4,1,4,1,3,1,5,4,1,1,3,3,2,3,3,4,5,4,4,3,5,5,5,5,5,3,5,5,3400,3,3,2,1,4,4,3,4,3,3,4,4,4,4,3,3,4,4,4,4,4,3,1,4,6,6,6,6,NA,NA,NA,NA,NA,NA,NA,NA,NA,NA,NA,NA,NA,NA,NA,NA,NA,NA,NA,NA,NA,NA,NA,NA,NA,NA,NA,237810979462372,213,1,1846,3.3333333333333335,4,3,3.3333333333333335,3.8,4,3.4166666666666665,3.6666666666666665,4,"Higher education (e.g., university degree or higher education diploma)",Woman,54,(2),Rural,3400,8.131530710604252,"March 07, 2023"
2023-03-07 10:47:54,2023-03-07 11:11:12,0,100,1398,1,2023-03-07 11:11:13,R_2tEuA4F5ngBhB4z,anonymous,FR,1,1,NA,38,4,213,4,4,4,1,1,1,1,1,2,2,4,1,1,1,"Tous le monde. La science et large, et selon le domaine cela touche tous le monde. En individuel, industriel, l'économie, l'écologie, militaire, cela a de multiples impact",NA,4,6,1,5,5,3,3,5,4,2,5,2,1,3,1,5,5,4,4,4,5,3,3,5,4,4,4,5,4,3,3,5,4,4,4,4,3,3,3,2,4,2,3,2,1,8,9,8,3,3,4,4,2,4,4,3,4,4,1,1,1,5,1,5,2,4,2,3,3,3,1,5,5,5,5,5,5,5,5,5,5,5,5,30000,3,3,1,1,4,5,5,4,3,4,4,4,4,3,4,4,4,5,5,3,4,3,1,1,2,2,2,5,NA,NA,NA,NA,NA,NA,NA,NA,NA,NA,NA,NA,NA,NA,NA,NA,NA,NA,NA,NA,NA,NA,NA,NA,NA,NA,NA,237810979465462,213,1,1847,3.3333333333333335,4.666666666666667,4.333333333333333,3.3333333333333335,2.4,4,3.9166666666666665,4,4,"Higher education (e.g., university degree or higher education diploma)",Man,38,Not religious at all (1),Rural,30000,10.308952660644293,"March 07, 2023"
2023-03-07 11:03:52,2023-03-07 11:13:03,0,100,550,1,2023-03-07 11:13:03,R_3j9At2ziBZCiQ7o,anonymous,FR,1,0,NA,52,4,213,4,5,3,1,2,2,4,1,2,2,5,1,1,1,NA,sa pertinence à exposer des sujets,4,4,1,5,4,3,3,4,3,3,3,4,5,5,5,5,4,4,4,4,3,4,3,4,4,4,4,4,4,4,4,5,4,4,3,2,3,3,1,3,3,3,3,3,1,5,5,5,1,3,4,3,3,4,1,1,4,4,1,3,3,3,3,3,3,3,1,4,1,4,1,4,4,4,4,4,4,5,5,5,5,5,5,9999999999999999,99,99,3,2,5,5,4,2,3,2,5,5,4,2,3,2,5,5,4,2,3,2,1,1,1,4,5,7,NA,NA,NA,NA,NA,NA,NA,NA,NA,NA,NA,NA,NA,NA,NA,NA,NA,NA,NA,NA,NA,NA,NA,NA,NA,NA,NA,237810979994738,213,1,1848,4,4,3.6666666666666665,3.6666666666666665,4.6,4,3.8333333333333335,4,4,"Higher education (e.g., university degree or higher education diploma)",Woman,52,(3),Urban,NA,NA,"March 07, 2023"
2023-03-07 10:54:49,2023-03-07 11:15:58,0,100,1268,1,2023-03-07 11:15:58,R_1eyEWFvf1uAcKpX,anonymous,FR,1,1,NA,53,4,213,1,4,5,5,3,3,6,4,6,4,4,3,2,1,NA,Son niveau d'études et les diplômes obtenus auprès des universités reconnues.,4,6,5,3,4,3,3,4,4,2,5,3,3,3,4,3,5,4,3,5,3,4,3,4,3,3,2,5,3,3,2,5,3,3,3,3,3,2,3,5,3,4,2,3,1,1,8,5,1,2,3,3,3,3,3,3,3,3,3,2,2,4,3,2,2,2,1,3,3,3,1,5,2,1,2,1,1,3,3,3,4,3,3,0,3,4,1,1,3,4,5,4,2,2,4,4,4,4,2,2,3,4,5,4,2,2,4,5,7,4,4,6,NA,NA,NA,NA,NA,NA,NA,NA,NA,NA,NA,NA,NA,NA,NA,NA,NA,NA,NA,NA,NA,NA,NA,NA,NA,NA,NA,237810980010072,213,1,1851,3.3333333333333335,4.666666666666667,3,2.3333333333333335,3.6,4,3.3333333333333335,4,4,"Higher education (e.g., university degree or higher education diploma)",Man,53,Not religious at all (1),Rural,0,-Inf,"March 07, 2023"
2023-03-07 10:44:29,2023-03-07 11:17:19,0,100,1970,1,2023-03-07 11:17:20,R_d5QG0N7wNWxjECR,anonymous,FR,1,1,NA,50,4,213,3,6,7,7,3,3,6,1,3,2,5,1,5,1,"La science bénéficie à tout le monde , tous les jours....même à ceux qui ne si intéressent pas.",NA,5,4,1,4,5,1,3,3,2,1,5,4,5,5,5,4,2,5,5,5,4,3,2,4,4,3,2,5,4,2,3,5,4,5,4,4,2,2,4,3,1,3,2,2,1,7,7,7,3,5,5,4,1,5,3,2,3,5,1,2,1,4,2,2,1,2,2,3,2,3,2,3,5,5,5,5,5,4,5,5,5,5,5,32000,3,3,1,1,4,3,5,4,4,3,4,4,5,4,3,3,3,4,5,3,4,3,1,1,5,5,3,7,NA,NA,NA,NA,NA,NA,NA,NA,NA,NA,NA,NA,NA,NA,NA,NA,NA,NA,NA,NA,NA,NA,NA,NA,NA,NA,NA,237810979993707,213,1,1852,2.6666666666666665,4.666666666666667,4,2.3333333333333335,4.2,4,3.4166666666666665,3.6666666666666665,4,"Higher education (e.g., university degree or higher education diploma)",Man,50,Not religious at all (1),Rural,32000,10.373491181781864,"March 07, 2023"
2023-03-07 11:04:47,2023-03-07 11:20:09,0,100,921,1,2023-03-07 11:20:09,R_2Pb83M3fVCwxFrd,anonymous,FR,1,1,NA,48,3,213,2,3,1,1,3,1,1,1,1,1,3,1,1,1,ceux qui peuvent bénéficier de la science sont en particulier les personnes atteintes de graves maladies comme le cancer ou autre,NA,4,4,1,5,5,3,3,3,1,1,2,2,3,3,1,4,5,2,2,4,4,4,3,4,4,4,2,4,4,4,2,4,3,5,5,5,4,3,3,3,3,4,4,4,1,10,10,9,1,4,3,5,1,4,3,3,4,1,1,3,1,5,3,1,2,5,1,3,3,3,1,5,5,5,4,5,5,5,5,5,4,5,5,1340,99,5,1,2,4,4,4,4,3,4,5,4,4,5,4,4,4,4,4,4,3,4,1,6,8,4,6,5,NA,NA,NA,NA,NA,NA,NA,NA,NA,NA,NA,NA,NA,NA,NA,NA,NA,NA,NA,NA,NA,NA,NA,NA,NA,NA,NA,237810979989532,213,1,1853,4,4,4,2.3333333333333335,2.8,3,3.5833333333333335,4,3,"Secondary education (e.g., high school)",Man,48,Not religious at all (1),Urban,1340,7.200424892944957,"March 07, 2023"
2023-03-07 11:12:33,2023-03-07 11:22:11,0,100,577,1,2023-03-07 11:22:11,R_2sbsXmNYZVIE6dI,anonymous,FR,1,0,NA,67,4,213,4,4,5,5,5,5,5,5,5,5,5,5,5,5,NA,"le fait de le prouver, de donner de multiples informations, de donner des exemples,",4,4,1,5,5,5,5,5,5,5,5,4,4,4,5,4,4,4,4,4,4,4,4,5,4,4,4,4,4,4,4,5,5,5,4,4,4,4,5,4,5,4,5,4,1,9,9,9,8,4,1,2,4,2,2,1,2,2,1,4,4,2,4,4,4,2,2,2,2,2,2,4,4,4,4,4,4,4,4,4,4,4,4,2200,99,3,4,1,4,4,4,4,4,4,4,4,4,4,4,4,4,4,4,4,4,4,1,4,8,6,6,4,NA,NA,NA,NA,NA,NA,NA,NA,NA,NA,NA,NA,NA,NA,NA,NA,NA,NA,NA,NA,NA,NA,NA,NA,NA,NA,NA,237810979989530,213,1,1856,4,4.333333333333333,4,4,4.2,5,4.083333333333333,4.166666666666667,4,"Higher education (e.g., university degree or higher education diploma)",Woman,67,(4),Rural,2200,7.696212639346407,"March 07, 2023"
2023-03-07 11:02:33,2023-03-07 11:24:03,0,100,1290,1,2023-03-07 11:24:04,R_1cSWDm0o9umAZnm,anonymous,FR,1,1,NA,58,4,213,2,5,5,1,3,5,1,1,2,3,4,1,1,1,NA,si le scientifique travaille en groupe si des publications mondiales ou nationales sont faites s'il est reconnu par ces paires,3,6,1,5,5,2,2,5,4,2,3,4,2,4,3,4,4,4,2,4,4,3,3,4,4,4,3,4,4,4,3,3,4,3,3,4,3,4,2,2,4,2,3,2,1,7,6,8,4,4,4,3,2,3,3,2,2,4,2,4,3,2,3,4,4,2,3,3,3,4,1,4,4,4,4,4,4,4,4,4,4,4,4,3000,4,4,3,1,3,4,4,4,3,3,3,5,5,3,3,3,3,5,5,3,3,3,2,2,1,2,4,7,NA,NA,NA,NA,NA,NA,NA,NA,NA,NA,NA,NA,NA,NA,NA,NA,NA,NA,NA,NA,NA,NA,NA,NA,NA,NA,NA,237810979413014,213,1,1858,3.6666666666666665,4,4,3,3.4,4,3.6666666666666665,3.8333333333333335,4,"Higher education (e.g., university degree or higher education diploma)",Man,58,(3),Rural,3000,8.006367567650246,"March 07, 2023"
2023-03-07 11:12:05,2023-03-07 11:25:49,0,100,823,1,2023-03-07 11:25:49,R_3MswsAyiTK4QNFQ,anonymous,FR,1,1,NA,38,3,213,2,3,5,3,3,3,3,3,3,3,3,1,1,1,un peu tout le monde ne seraisse déjà pour la santé,NA,3,4,1,4,4,4,4,3,3,3,3,3,3,3,3,4,3,3,3,5,4,4,4,5,4,4,4,4,4,4,4,4,4,4,4,4,4,4,1,1,1,4,3,4,1,9,9,9,1,4,3,2,2,2,2,2,1,2,2,2,2,2,3,2,2,3,2,3,3,3,2,3,3,3,3,3,3,3,3,3,3,3,3,22000,99,99,2,2,4,4,4,4,4,4,4,4,4,4,4,4,4,4,4,4,4,4,4,4,5,4,4,5,NA,NA,NA,NA,NA,NA,NA,NA,NA,NA,NA,NA,NA,NA,NA,NA,NA,NA,NA,NA,NA,NA,NA,NA,NA,NA,NA,237810979612775,213,1,1859,4,4.666666666666667,4,4,3,3,4.166666666666667,4.333333333333333,3,"Secondary education (e.g., high school)",Man,38,(2),Urban,22000,9.998797732340453,"March 07, 2023"
2023-03-07 11:09:31,2023-03-07 11:29:02,0,100,1170,1,2023-03-07 11:29:02,R_2COLzTr8ZOmlJcF,anonymous,FR,1,1,NA,59,3,213,2,2,2,3,3,1,3,1,1,2,2,4,4,1,NA,Sa connaissance,4,4,1,4,3,4,5,4,3,3,4,4,3,3,3,3,3,3,3,4,3,3,3,4,3,4,3,4,3,3,4,4,4,3,3,2,3,3,3,2,3,3,3,3,1,8,7,7,3,2,3,2,2,4,2,2,2,3,2,2,2,2,3,3,2,3,2,2,3,3,1,3,3,4,3,3,3,3,3,4,4,4,3,0,99,99,1,1,3,3,2,3,3,2,3,3,3,3,3,3,3,3,3,3,3,3,4,3,5,4,3,5,NA,NA,NA,NA,NA,NA,NA,NA,NA,NA,NA,NA,NA,NA,NA,NA,NA,NA,NA,NA,NA,NA,NA,NA,NA,NA,NA,237810979988496,213,1,1862,3.3333333333333335,4,3,3.3333333333333335,3.2,3,3.4166666666666665,3.6666666666666665,3,"Secondary education (e.g., high school)",Man,59,Not religious at all (1),Rural,0,-Inf,"March 07, 2023"
2023-03-07 11:17:58,2023-03-07 11:31:15,0,100,797,1,2023-03-07 11:31:16,R_24dFjT7C0kAoGZw,anonymous,FR,1,0,NA,35,4,213,1,1,1,3,3,4,2,1,2,2,3,2,1,1,"Tout le monde que ce soit la médecine, l'ingénierie ou la mécanique par exemple",NA,5,6,1,4,5,4,2,5,4,2,5,5,3,3,3,4,5,5,3,4,4,3,3,5,4,3,2,4,3,3,2,1,3,4,3,3,2,1,3,2,4,3,3,3,1,10,7,8,1,2,4,2,3,3,3,3,2,3,3,3,2,4,2,2,3,4,3,2,3,3,1,5,5,5,4,5,5,5,5,5,5,5,5,42000,1,4,3,1,3,4,3,3,2,3,3,3,4,4,3,4,3,3,4,3,2,2,1,4,1,6,6,6,NA,NA,NA,NA,NA,NA,NA,NA,NA,NA,NA,NA,NA,NA,NA,NA,NA,NA,NA,NA,NA,NA,NA,NA,NA,NA,NA,237718974277830,213,1,1863,3,4.333333333333333,3.6666666666666665,2.3333333333333335,3.8,5,3.3333333333333335,3.6666666666666665,4,"Higher education (e.g., university degree or higher education diploma)",Woman,35,(3),Rural,42000,10.645424897265505,"March 07, 2023"
2023-03-07 11:22:39,2023-03-07 11:34:09,0,100,690,1,2023-03-07 11:34:10,R_1EYabZwUlcwXQmU,anonymous,FR,1,0,NA,50,4,213,3,3,3,3,2,1,2,2,1,2,2,2,1,1,"la science représente la plus grande entreprise collective. Elle nous permet d’avoir une vie plus longue et en meilleure santé, de surveiller notre santé, de produire des médicaments pour guérir les maladies et de soulager maux et douleurs et rend la vie plus agréable, elle intervient dans les sports, la musique, les divertissements et nous permet de bénéficier des dernières technologies de communication.",NA,3,4,1,4,4,5,3,5,4,2,4,3,3,5,3,5,5,4,3,4,4,4,2,4,3,4,4,4,4,4,3,5,4,5,3,4,4,4,3,3,4,4,3,4,1,8,9,10,1,3,5,3,3,3,3,1,1,3,1,2,2,5,1,2,2,4,3,4,4,4,3,3,3,3,3,3,5,3,5,3,4,4,5,0,99,99,1,1,5,4,3,3,3,2,3,3,3,3,3,3,4,4,3,3,3,3,4,5,7,1,3,5,NA,NA,NA,NA,NA,NA,NA,NA,NA,NA,NA,NA,NA,NA,NA,NA,NA,NA,NA,NA,NA,NA,NA,NA,NA,NA,NA,237718975283455,213,1,1866,4,4,3.6666666666666665,3,3.8,4,3.6666666666666665,4,4,"Higher education (e.g., university degree or higher education diploma)",Woman,50,Not religious at all (1),Rural,0,-Inf,"March 07, 2023"
2023-03-07 11:21:20,2023-03-07 11:39:23,0,100,1082,1,2023-03-07 11:39:23,R_1oczRvUwgKtfUsJ,anonymous,FR,1,0,NA,44,4,213,1,5,6,6,1,1,3,1,3,3,5,1,1,1,NA,Les preuves,5,6,1,5,4,4,2,5,5,4,3,3,3,5,4,5,3,4,3,4,3,4,3,4,4,4,4,4,3,4,3,4,4,4,2,3,3,3,3,3,3,3,3,3,1,6,4,8,1,3,3,4,2,3,2,2,4,3,3,4,3,3,3,3,3,3,2,3,3,3,2,3,3,3,3,3,3,3,3,3,3,3,3,38000,3,99,2,1,4,4,4,4,4,4,4,4,4,4,4,4,4,4,4,3,3,3,2,2,4,5,5,3,NA,NA,NA,NA,NA,NA,NA,NA,NA,NA,NA,NA,NA,NA,NA,NA,NA,NA,NA,NA,NA,NA,NA,NA,NA,NA,NA,237810979569824,213,1,1868,4,4,3.3333333333333335,3.3333333333333335,3.6,4,3.6666666666666665,4,4,"Higher education (e.g., university degree or higher education diploma)",Woman,44,(2),Rural,38000,10.545341438708522,"March 07, 2023"
2023-03-07 11:17:54,2023-03-07 11:40:09,0,100,1335,1,2023-03-07 11:40:10,R_28Mqhx6s9iXOphC,anonymous,FR,1,0,NA,62,3,213,5,5,5,5,4,1,5,5,1,5,5,7,3,1,NA,Le nombre de ses publications dans des revues scientifiques,4,6,1,4,2,4,2,3,2,2,4,2,3,1,3,4,5,4,3,4,3,2,3,4,4,3,2,3,3,2,2,3,2,4,4,4,2,3,4,5,3,3,3,3,1,7,9,5,5,1,4,4,2,3,2,2,4,4,3,2,2,4,3,2,2,4,3,2,1,3,1,4,4,4,4,4,4,3,4,3,4,4,4,36000,5,3,4,2,3,3,4,2,2,2,2,3,4,2,2,2,3,4,2,2,2,2,2,6,1,1,4,6,NA,NA,NA,NA,NA,NA,NA,NA,NA,NA,NA,NA,NA,NA,NA,NA,NA,NA,NA,NA,NA,NA,NA,NA,NA,NA,NA,237810980039695,213,1,1869,2.3333333333333335,3.6666666666666665,3.3333333333333335,2.3333333333333335,2.8,4,2.9166666666666665,3,3,"Secondary education (e.g., high school)",Woman,62,(4),Urban,36000,10.491274217438248,"March 07, 2023"
2023-03-07 11:34:35,2023-03-07 11:50:12,0,100,936,1,2023-03-07 11:50:12,R_2q4aOJM2YPUbFix,anonymous,FR,1,0,NA,42,4,213,3,2,3,1,2,1,3,1,2,1,4,1,1,1,NA,Le fait que le ou la scientifique est des résultats et utilisent les fonds à bon escient et aussi de ne pas être trop médiatisé,4,4,2,5,4,3,2,5,4,3,3,3,5,2,5,4,1,4,4,3,3,4,4,4,4,4,3,4,3,4,4,5,4,5,4,4,4,2,2,2,3,4,2,3,1,8,5,10,1,3,3,1,3,4,1,2,1,2,1,1,2,4,2,2,1,1,1,3,3,3,1,5,4,5,5,5,5,5,5,5,5,5,5,38000,3,5,1,1,3,5,5,3,1,2,4,5,5,2,1,2,3,5,5,2,1,2,1,4,8,6,3,4,NA,NA,NA,NA,NA,NA,NA,NA,NA,NA,NA,NA,NA,NA,NA,NA,NA,NA,NA,NA,NA,NA,NA,NA,NA,NA,NA,237457968341107,213,1,1873,4,3.6666666666666665,3.3333333333333335,3.6666666666666665,3.2,4,3.6666666666666665,3.8333333333333335,4,"Higher education (e.g., university degree or higher education diploma)",Woman,42,Not religious at all (1),Rural,38000,10.545341438708522,"March 07, 2023"
2023-03-07 11:50:26,2023-03-07 12:03:20,0,100,774,1,2023-03-07 12:03:21,R_3EgS02pPtsHepmA,anonymous,FR,1,0,NA,38,3,213,1,2,1,1,3,3,2,1,1,3,3,1,1,1,Nous en bénéficions tous mais à des échelles différentes,NA,3,6,1,5,5,4,2,3,2,1,5,2,4,1,3,5,5,4,4,3,2,2,3,4,3,3,2,4,3,3,3,3,2,3,3,3,3,3,4,5,3,4,3,4,1,8,5,7,2,1,4,4,2,3,1,3,3,4,3,1,1,5,3,1,1,5,2,3,3,3,2,4,4,4,4,3,3,5,5,5,5,3,4,1187,99,99,2,1,3,4,3,4,3,1,3,3,3,3,3,3,3,4,4,4,3,2,1,5,5,5,3,6,NA,NA,NA,NA,NA,NA,NA,NA,NA,NA,NA,NA,NA,NA,NA,NA,NA,NA,NA,NA,NA,NA,NA,NA,NA,NA,NA,236850617204990,213,1,1875,2.6666666666666665,3.6666666666666665,2.6666666666666665,2.6666666666666665,3,4,2.9166666666666665,3.1666666666666665,3,"Secondary education (e.g., high school)",Woman,38,(2),Rural,1187,7.079184394609668,"March 07, 2023"
2023-03-07 11:57:36,2023-03-07 12:08:33,0,100,656,1,2023-03-07 12:08:33,R_pa6hhhSbAT9HmKJ,anonymous,FR,1,1,NA,37,4,213,4,5,5,5,5,3,5,3,2,4,5,2,2,1,"Tout le monde bénéficie de la science,  il faut être curieux",NA,4,4,4,5,5,5,5,4,4,3,4,4,4,5,5,5,5,4,4,4,3,4,4,4,4,5,4,4,4,4,4,5,3,3,3,3,4,3,3,3,4,4,3,3,1,10,8,7,2,3,4,3,3,4,2,3,3,2,2,2,2,4,2,2,2,4,2,3,3,3,2,3,3,3,3,3,3,4,4,4,4,4,4,28000,3,2,3,1,4,4,3,3,3,4,3,4,3,3,2,4,3,3,3,3,2,3,5,5,7,5,4,4,NA,NA,NA,NA,NA,NA,NA,NA,NA,NA,NA,NA,NA,NA,NA,NA,NA,NA,NA,NA,NA,NA,NA,NA,NA,NA,NA,237810979464434,213,1,1877,4.333333333333333,4,3.6666666666666665,4,4.6,3,4,4.166666666666667,4,"Higher education (e.g., university degree or higher education diploma)",Man,37,(3),Rural,28000,10.239959789157341,"March 07, 2023"
2023-03-07 11:48:43,2023-03-07 12:10:42,0,100,1319,1,2023-03-07 12:10:43,R_3Q03hXNeL2NMN1O,anonymous,FR,1,0,NA,68,3,213,1,1,1,1,1,1,1,1,1,1,1,1,1,1,NA,AUCUNE IDEE,1,3,1,3,3,5,3,1,1,1,1,1,1,1,1,1,1,4,2,3,3,3,3,4,2,4,1,4,3,2,1,2,2,2,2,2,3,4,5,5,3,4,5,5,1,9,2,9,1,3,1,1,1,1,1,1,1,1,3,1,1,4,2,1,1,5,1,1,3,3,1,4,4,4,4,4,4,4,4,4,4,4,4,882,99,99,3,2,2,2,2,2,2,2,3,3,3,3,3,3,2,2,2,2,2,2,3,7,9,1,1,3,NA,NA,NA,NA,NA,NA,NA,NA,NA,NA,NA,NA,NA,NA,NA,NA,NA,NA,NA,NA,NA,NA,NA,NA,NA,NA,NA,237810979989541,213,1,1878,3,3.6666666666666665,2.6666666666666665,1.6666666666666667,1,3,2.75,3.3333333333333335,3,"Secondary education (e.g., high school)",Woman,68,(3),Urban,882,6.782192056006791,"March 07, 2023"
2023-03-07 12:05:16,2023-03-07 12:16:39,0,100,682,1,2023-03-07 12:16:39,R_3JnqNxKTD4dwgFq,anonymous,FR,1,0,NA,64,3,213,1,5,1,1,1,1,1,1,1,3,5,1,1,1,NA,la légitimité de la chose recherchée,3,6,1,5,3,4,2,5,3,2,4,1,2,4,2,4,5,2,5,4,4,5,3,5,4,5,3,4,4,5,3,5,3,5,4,4,4,2,1,4,4,4,3,3,1,9,7,9,2,3,2,2,3,3,3,2,2,3,3,2,1,5,2,3,1,4,1,3,3,4,1,5,5,5,5,5,5,5,5,5,5,5,5,2200,3,4,1,2,4,4,2,3,2,3,3,3,3,3,3,3,4,4,2,2,2,3,1,7,9,4,7,6,NA,NA,NA,NA,NA,NA,NA,NA,NA,NA,NA,NA,NA,NA,NA,NA,NA,NA,NA,NA,NA,NA,NA,NA,NA,NA,NA,237718975513663,213,1,1880,5,4.333333333333333,4,3,2.8,4,4.083333333333333,4.666666666666667,3,"Secondary education (e.g., high school)",Woman,64,Not religious at all (1),Urban,2200,7.696212639346407,"March 07, 2023"
2023-03-07 12:07:50,2023-03-07 12:26:46,0,100,1135,1,2023-03-07 12:26:47,R_VLjAHqiPVoYoVwt,anonymous,FR,1,1,NA,49,4,213,3,5,6,5,5,5,5,4,2,3,4,3,3,1,L'ensemble de la population bénéficie de l'avancée de la science dans différents domaines: santé / nouvelles technologies  / changement climatique...,NA,4,4,5,4,5,5,3,3,3,2,4,4,3,3,4,4,2,4,3,4,3,3,2,4,3,4,3,4,4,4,2,3,3,4,3,4,4,3,2,2,3,4,4,3,1,9,9,8,1,4,2,3,2,3,3,3,3,3,2,3,3,4,3,3,4,3,3,3,3,3,2,5,5,5,5,5,5,5,5,5,5,5,5,40000,3,3,2,1,4,4,4,5,3,3,4,4,4,5,3,3,4,4,4,4,3,3,1,1,2,2,2,6,NA,NA,NA,NA,NA,NA,NA,NA,NA,NA,NA,NA,NA,NA,NA,NA,NA,NA,NA,NA,NA,NA,NA,NA,NA,NA,NA,237298315375641,213,1,1883,3.6666666666666665,4,3.3333333333333335,2.3333333333333335,3.2,4,3.3333333333333335,3.8333333333333335,4,"Higher education (e.g., university degree or higher education diploma)",Man,49,(2),Rural,40000,10.596634733096073,"March 07, 2023"
2023-03-07 12:12:33,2023-03-07 12:27:45,0,100,912,1,2023-03-07 12:27:45,R_3kAkq6f8XEf9vAQ,anonymous,FR,1,0,NA,39,3,213,3,5,3,3,3,1,3,3,1,3,4,3,2,2,NA,"Renommée, etudes sur les recherches,",3,6,1,4,4,3,4,4,4,3,4,3,4,3,5,5,5,5,5,4,3,4,3,4,4,4,3,4,3,4,3,4,4,4,4,4,5,2,3,3,4,3,3,2,1,6,3,5,2,3,3,4,2,3,3,3,4,4,2,3,2,4,3,3,2,4,2,3,3,3,1,4,4,4,4,4,4,5,5,5,5,5,5,40000,4,5,2,1,3,4,3,3,2,3,3,3,3,3,3,3,4,4,4,3,3,3,3,4,5,7,7,5,NA,NA,NA,NA,NA,NA,NA,NA,NA,NA,NA,NA,NA,NA,NA,NA,NA,NA,NA,NA,NA,NA,NA,NA,NA,NA,NA,237810979558488,213,1,1884,4,4,3.3333333333333335,3,4,5,3.5833333333333335,4,3,"Secondary education (e.g., high school)",Woman,39,(2),Rural,40000,10.596634733096073,"March 07, 2023"
2023-03-07 12:09:44,2023-03-07 12:35:23,0,100,1538,1,2023-03-07 12:35:24,R_2Tq36gxPPfSU77z,anonymous,FR,1,0,NA,53,4,213,2,5,6,6,2,2,5,1,1,3,5,3,4,1,"Je ne comprend pas bien la question.. Nous sommes tous bénéficiaires de la science, elle touche tous les domaine de la vie !",NA,4,4,1,5,5,5,3,5,3,3,3,5,3,5,5,5,5,4,3,4,4,4,3,4,4,4,3,4,4,4,3,4,4,4,4,4,3,3,2,1,2,3,4,2,1,8,2,8,2,4,3,3,3,3,3,2,3,3,1,2,2,3,2,2,3,3,2,3,3,3,4,5,5,5,5,5,5,5,5,5,5,5,5,35000,3,3,1,2,4,4,4,4,3,4,3,3,3,3,3,3,4,3,4,5,4,5,1,1,3,1,3,6,NA,NA,NA,NA,NA,NA,NA,NA,NA,NA,NA,NA,NA,NA,NA,NA,NA,NA,NA,NA,NA,NA,NA,NA,NA,NA,NA,237810980041767,213,1,1886,4,4,4,3,4.6,4,3.75,4,4,"Higher education (e.g., university degree or higher education diploma)",Woman,53,Not religious at all (1),Urban,35000,10.46310334047155,"March 07, 2023"
2023-03-07 12:18:01,2023-03-07 12:41:33,0,100,1412,1,2023-03-07 12:41:34,R_zfevv9D3gzUxLOh,anonymous,FR,1,2,non binaire,21,3,213,3,3,2,4,1,1,4,1,2,2,4,3,1,2,"globalement la science a une répercussion sur tout le monde (l'avancé de la médecine par exemple offre des soins plus adapté)   mais d'un point de vu savoir, connaissance et accès au article etc c'est très difficile pour des personnes qui n'ont pas étudié ou qui ne sont pas famillier avec ce monde là (en terme de vocabulaire par exemple)   heureusement il y a de la vulgarisation (sur youtube notamment) qui nous permet de rattraper légèrement ce retard",NA,4,6,1,5,5,5,1,5,5,3,4,3,1,4,4,5,3,5,3,3,3,4,3,3,3,4,2,4,3,3,3,4,4,5,4,5,4,1,3,4,3,5,3,2,1,10,1,10,1,4,5,5,2,5,4,5,5,4,1,1,1,1,1,1,1,5,2,3,3,3,3,5,5,3,4,3,4,5,5,4,5,3,5,2000,2,1,1,1,3,4,3,4,1,2,3,4,4,1,1,2,2,3,3,3,4,3,1,2,6,7,6,4,NA,NA,NA,NA,NA,NA,NA,NA,NA,NA,NA,NA,NA,NA,NA,NA,NA,NA,NA,NA,NA,NA,NA,NA,NA,NA,NA,237361110076518,213,1,1888,3.6666666666666665,3.3333333333333335,3,2.6666666666666665,3,5,3.1666666666666665,3.5,3,"Secondary education (e.g., high school)",Prefer to self-describe,21,Not religious at all (1),Rural,2000,7.600902459542082,"March 07, 2023"
2023-03-07 12:40:58,2023-03-07 12:58:34,0,100,1055,1,2023-03-07 12:58:34,R_3lLekEO73sB7Q8f,anonymous,FR,1,1,NA,34,4,213,6,5,5,5,5,3,6,5,2,4,5,3,1,2,NA,Son expertise et le financement de ses études,5,6,1,5,5,4,3,3,2,2,3,5,3,5,5,5,3,4,4,4,4,4,3,4,4,4,4,3,4,4,4,5,3,4,2,4,2,2,2,4,3,3,3,2,1,8,4,5,4,5,4,4,2,3,4,4,5,4,1,2,3,2,3,3,3,3,3,3,2,3,3,3,4,3,4,4,5,5,5,5,5,5,5,4800,2,3,1,2,4,4,5,4,4,4,4,4,5,5,4,3,4,4,5,4,3,3,1,1,1,4,4,7,NA,NA,NA,NA,NA,NA,NA,NA,NA,NA,NA,NA,NA,NA,NA,NA,NA,NA,NA,NA,NA,NA,NA,NA,NA,NA,NA,237718972873858,213,1,1891,4,3.6666666666666665,4,3.6666666666666665,4.2,4,3.8333333333333335,3.8333333333333335,4,"Higher education (e.g., university degree or higher education diploma)",Man,34,Not religious at all (1),Urban,4800,8.476371196895983,"March 07, 2023"
2023-03-07 12:41:20,2023-03-07 13:15:34,0,100,2054,1,2023-03-07 13:15:34,R_1BXXx8vbZpHV7qP,anonymous,FR,1,1,NA,54,3,213,1,1,1,1,1,1,1,1,1,1,1,1,1,1,je ne sais pas,NA,3,4,1,5,5,5,4,3,4,3,2,4,4,4,4,3,3,4,4,4,3,3,4,4,3,4,3,5,4,3,4,4,3,2,3,3,3,2,4,2,3,3,2,3,1,7,5,7,2,4,4,4,2,4,4,3,4,4,1,3,2,3,3,2,2,4,3,3,3,3,2,5,5,5,5,5,5,5,5,5,5,5,5,50000,3,2,1,1,4,4,3,3,3,4,3,3,3,2,3,3,3,3,3,3,3,3,1,2,5,4,3,6,NA,NA,NA,NA,NA,NA,NA,NA,NA,NA,NA,NA,NA,NA,NA,NA,NA,NA,NA,NA,NA,NA,NA,NA,NA,NA,NA,237718971829432,213,1,1893,3.3333333333333335,4.333333333333333,3.3333333333333335,3.6666666666666665,3.8,3,3.6666666666666665,3.8333333333333335,3,"Secondary education (e.g., high school)",Man,54,Not religious at all (1),Rural,50000,10.819778284410283,"March 07, 2023"
2023-03-07 12:59:49,2023-03-07 13:22:27,0,100,1357,1,2023-03-07 13:22:28,R_1ojUbapgz2NKfEe,anonymous,FR,1,0,NA,59,4,213,4,3,1,1,5,1,1,1,3,4,5,1,1,1,NA,"sa formation, son cursus professionnel",4,2,1,4,4,4,4,4,4,1,3,4,1,4,4,4,1,5,3,3,4,4,3,4,3,4,3,4,3,4,3,5,4,3,5,5,3,4,3,3,1,4,2,1,1,5,5,7,1,3,5,1,3,1,1,3,1,3,3,3,4,1,4,4,4,1,2,2,2,3,1,4,4,4,4,4,4,4,4,4,4,4,4,50000,4,3,2,2,3,3,4,3,2,3,3,3,2,4,2,2,3,2,2,3,3,3,1,2,4,4,6,7,NA,NA,NA,NA,NA,NA,NA,NA,NA,NA,NA,NA,NA,NA,NA,NA,NA,NA,NA,NA,NA,NA,NA,NA,NA,NA,NA,237810979998899,213,1,1895,4,3.6666666666666665,3.3333333333333335,3,2.8,5,3.5,3.8333333333333335,4,"Higher education (e.g., university degree or higher education diploma)",Woman,59,(2),Urban,50000,10.819778284410283,"March 07, 2023"
2023-03-07 13:20:06,2023-03-07 13:35:57,0,100,950,1,2023-03-07 13:35:57,R_1Pcm1VowwyGGnZi,anonymous,FR,1,0,NA,45,4,213,3,3,3,1,3,3,4,2,1,3,4,3,2,1,"les personnes riches et les personnes dits ""français moyens""",NA,4,6,1,5,5,4,1,3,2,2,5,5,5,4,4,4,1,5,5,4,4,3,4,5,3,4,3,4,4,4,3,4,4,5,4,5,4,3,2,2,4,4,4,3,1,7,5,6,5,4,4,2,2,4,3,3,2,4,2,2,2,4,3,3,3,3,2,3,1,3,1,4,4,4,4,4,4,4,4,4,4,4,4,17000,99,4,1,2,4,4,4,4,2,3,4,4,4,4,4,4,4,5,5,3,3,3,1,6,1,5,4,5,NA,NA,NA,NA,NA,NA,NA,NA,NA,NA,NA,NA,NA,NA,NA,NA,NA,NA,NA,NA,NA,NA,NA,NA,NA,NA,NA,237810979419182,213,1,1897,3.6666666666666665,4.333333333333333,3.6666666666666665,3.3333333333333335,3.8,5,3.75,4,4,"Higher education (e.g., university degree or higher education diploma)",Woman,45,Not religious at all (1),Urban,17000,9.740968623038354,"March 07, 2023"
2023-03-07 13:25:36,2023-03-07 13:37:14,0,100,697,1,2023-03-07 13:37:15,R_uyKqJeJQ2D9rWhz,anonymous,FR,1,1,NA,31,4,213,2,5,3,3,5,2,2,2,4,4,3,1,1,1,les pays riches ont un meilleur accès à la santé,NA,3,6,1,3,5,3,1,4,4,3,2,3,4,3,4,4,3,3,3,4,4,3,3,5,4,4,2,4,4,4,3,4,3,3,2,2,2,1,4,3,3,4,3,4,1,7,6,7,2,4,5,4,1,5,3,3,3,5,1,2,1,3,3,2,1,4,2,3,2,3,1,4,5,3,4,3,5,5,5,4,5,4,5,40000,3,3,1,1,4,4,4,4,3,3,3,4,4,3,2,3,4,5,4,4,3,4,1,2,4,2,5,5,NA,NA,NA,NA,NA,NA,NA,NA,NA,NA,NA,NA,NA,NA,NA,NA,NA,NA,NA,NA,NA,NA,NA,NA,NA,NA,NA,237718975279281,213,1,1898,3.6666666666666665,4.333333333333333,4,2.6666666666666665,3.4,4,3.6666666666666665,4,4,"Higher education (e.g., university degree or higher education diploma)",Man,31,Not religious at all (1),Rural,40000,10.596634733096073,"March 07, 2023"
2023-03-07 13:20:55,2023-03-07 13:40:15,0,100,1160,1,2023-03-07 13:40:16,R_1mxsXuDL9MEvzO9,anonymous,FR,1,0,NA,53,4,213,3,3,3,1,3,1,3,1,1,3,3,3,1,1,je pense que tous le monde beneficie de la science a different stade. et selon les moyens et possibilités.,NA,3,4,1,5,5,5,5,5,4,4,3,5,5,5,5,5,1,5,5,5,4,4,4,5,4,4,3,4,4,3,3,4,4,3,3,3,3,3,2,2,3,3,3,3,1,7,7,7,1,4,3,3,3,4,3,3,3,4,1,2,2,4,2,2,2,4,3,3,3,3,3,5,5,5,5,5,5,5,5,5,5,5,5,40000,99,2,1,1,4,4,3,3,3,3,4,4,3,3,2,4,4,4,2,3,2,4,2,6,9,3,4,7,NA,NA,NA,NA,NA,NA,NA,NA,NA,NA,NA,NA,NA,NA,NA,NA,NA,NA,NA,NA,NA,NA,NA,NA,NA,NA,NA,237810980041778,213,1,1900,3.6666666666666665,4.666666666666667,4,3.3333333333333335,4.2,5,3.9166666666666665,4.166666666666667,4,"Higher education (e.g., university degree or higher education diploma)",Woman,53,Not religious at all (1),Rural,40000,10.596634733096073,"March 07, 2023"
2023-03-07 13:17:48,2023-03-07 13:44:22,0,100,1594,1,2023-03-07 13:44:23,R_3IS6JOHvDyjYcLn,anonymous,FR,1,1,NA,48,3,213,7,7,7,7,7,6,6,5,3,4,5,4,2,1,NA,Je ne sais pas,2,6,1,5,5,5,2,3,3,1,5,3,1,3,2,4,5,3,4,4,3,3,3,4,3,3,2,3,2,2,2,2,2,5,5,5,3,3,3,5,3,4,4,4,1,10,1,10,1,3,4,2,2,3,4,4,2,3,1,1,1,5,1,1,1,5,2,2,2,3,2,4,4,4,3,4,4,5,5,5,4,5,5,2300,99,99,1,2,3,3,3,3,3,3,3,3,3,3,3,3,3,3,3,3,3,3,5,7,7,4,5,4,NA,NA,NA,NA,NA,NA,NA,NA,NA,NA,NA,NA,NA,NA,NA,NA,NA,NA,NA,NA,NA,NA,NA,NA,NA,NA,NA,237810979614842,213,1,1902,2.6666666666666665,3.6666666666666665,2.6666666666666665,2.3333333333333335,2.8,3,2.8333333333333335,3.1666666666666665,3,"Secondary education (e.g., high school)",Man,48,Not religious at all (1),Urban,2300,7.7406644019172415,"March 07, 2023"
2023-03-06 14:58:25,2023-03-07 14:01:04,0,100,82959,1,2023-03-07 14:01:05,R_214z71SypDfWMT4,anonymous,FR,1,0,NA,53,4,213,2,4,3,3,2,1,5,1,2,3,4,1,1,1,NA,Ses recherches et ses publications,3,4,1,4,4,5,2,3,2,2,4,3,2,3,3,4,4,4,3,4,4,3,3,4,3,3,3,4,4,3,3,4,3,3,3,3,3,3,2,2,1,3,2,2,1,9,3,10,1,3,2,3,1,3,2,1,1,4,1,2,2,3,1,2,3,3,3,3,3,3,2,5,5,5,5,5,5,5,5,5,5,5,5,5000,99,99,4,1,4,4,4,4,4,4,3,3,3,3,3,3,4,4,4,4,4,4,1,1,1,1,1,5,NA,NA,NA,NA,NA,NA,NA,NA,NA,NA,NA,NA,NA,NA,NA,NA,NA,NA,NA,NA,NA,NA,NA,NA,NA,NA,NA,237718975588551,213,1,1905,3,4,3.6666666666666665,3,3,3,3.4166666666666665,3.5,4,"Higher education (e.g., university degree or higher education diploma)",Woman,53,(4),Rural,5000,8.517193191416238,"March 06, 2023"
2023-03-07 10:48:40,2023-03-07 14:06:28,0,100,11868,1,2023-03-07 14:06:29,R_2qjFm6PKQmuTBvN,anonymous,FR,1,0,NA,32,4,213,2,3,1,1,3,1,1,1,3,3,4,1,3,1,Les personnes ayant accès aux médias digitaux,NA,3,4,5,4,4,5,4,4,5,4,4,1,3,3,3,5,3,3,3,3,5,4,4,5,3,4,2,5,3,2,1,5,3,5,5,1,5,1,4,5,3,3,3,4,1,10,1,10,1,2,5,5,3,5,4,1,5,5,1,4,4,5,3,4,1,5,2,3,3,3,3,2,2,5,2,5,3,2,2,5,2,5,2,120000,4,4,5,1,3,3,3,3,3,3,4,4,4,4,4,4,3,3,3,3,3,3,6,6,9,7,7,6,NA,NA,NA,NA,NA,NA,NA,NA,NA,NA,NA,NA,NA,NA,NA,NA,NA,NA,NA,NA,NA,NA,NA,NA,NA,NA,NA,237810979628239,213,1,1907,3.3333333333333335,4.333333333333333,3.6666666666666665,2.3333333333333335,2.6,4,3.4166666666666665,3.8333333333333335,4,"Higher education (e.g., university degree or higher education diploma)",Woman,32,Very strongly religious (5),Rural,120000,11.695247021764184,"March 07, 2023"
2023-03-07 13:55:03,2023-03-07 14:10:35,0,100,931,1,2023-03-07 14:10:35,R_3fxAXqD5OEaEw1t,anonymous,FR,1,0,NA,65,4,213,5,3,3,1,2,1,2,2,3,3,4,1,1,2,Tout le monde,NA,5,2,1,5,5,5,2,4,3,3,5,5,4,5,5,5,1,5,4,4,4,4,4,4,4,4,4,4,4,4,4,5,4,4,3,5,3,3,1,3,3,4,1,1,1,6,2,10,1,2,4,4,2,4,3,3,3,3,1,2,3,4,4,3,4,3,3,3,3,3,3,4,4,3,4,3,5,3,3,3,3,3,3,27000,1,2,2,2,5,4,4,5,3,4,3,3,4,4,2,3,4,4,4,4,2,4,1,1,1,3,4,6,NA,NA,NA,NA,NA,NA,NA,NA,NA,NA,NA,NA,NA,NA,NA,NA,NA,NA,NA,NA,NA,NA,NA,NA,NA,NA,NA,237810979480655,213,1,1908,4,4,4,4,4,5,4,4,4,"Higher education (e.g., university degree or higher education diploma)",Woman,65,(2),Urban,27000,10.203592144986466,"March 07, 2023"
2023-03-07 14:07:55,2023-03-07 14:19:26,0,100,690,1,2023-03-07 14:19:27,R_V3Imk4xhp572sDv,anonymous,FR,1,1,NA,59,4,213,3,5,5,3,3,1,3,2,2,3,3,1,1,1,tout le monde,NA,5,6,1,5,5,5,5,5,5,5,2,5,5,5,5,5,2,4,4,4,4,4,4,5,4,4,4,4,4,4,4,5,5,4,4,4,3,3,1,1,4,4,2,2,1,10,1,10,1,5,4,4,3,4,4,1,1,1,1,1,1,5,1,1,1,5,2,3,3,3,2,5,5,5,5,5,5,5,5,5,5,5,5,90000,2,2,1,1,4,4,4,4,4,4,4,4,4,4,4,4,4,4,4,4,1,4,1,1,1,2,2,7,NA,NA,NA,NA,NA,NA,NA,NA,NA,NA,NA,NA,NA,NA,NA,NA,NA,NA,NA,NA,NA,NA,NA,NA,NA,NA,NA,237361107931151,213,1,1910,4,4.333333333333333,4,4,4.4,4,4.083333333333333,4.166666666666667,4,"Higher education (e.g., university degree or higher education diploma)",Man,59,Not religious at all (1),Rural,90000,11.407564949312402,"March 07, 2023"
2023-03-07 14:13:54,2023-03-07 14:30:29,0,100,994,1,2023-03-07 14:30:30,R_27QnM5WD3ifaJuE,anonymous,FR,1,1,NA,52,4,213,1,4,5,1,3,3,3,1,2,1,1,1,1,1,NA,"ses publications, sa réputation, son indépendance.",4,6,5,5,4,4,2,4,4,1,4,3,1,5,1,4,5,4,2,4,3,3,2,4,3,3,3,3,3,3,2,4,2,4,3,3,3,2,3,4,3,3,3,3,1,8,10,7,1,3,5,4,1,4,2,2,3,4,1,1,1,5,3,1,1,5,1,3,3,3,1,5,5,5,5,5,5,5,5,5,5,5,5,20000,3,3,3,2,3,3,3,3,1,2,3,3,3,3,3,3,4,4,4,4,3,3,1,3,6,3,3,5,NA,NA,NA,NA,NA,NA,NA,NA,NA,NA,NA,NA,NA,NA,NA,NA,NA,NA,NA,NA,NA,NA,NA,NA,NA,NA,NA,237810979997863,213,1,1912,3,3.6666666666666665,3,2.3333333333333335,3,3,3,3.3333333333333335,4,"Higher education (e.g., university degree or higher education diploma)",Man,52,(3),Urban,20000,9.903487552536127,"March 07, 2023"
2023-03-07 14:01:44,2023-03-07 15:01:00,0,100,3556,1,2023-03-07 15:01:01,R_29mKn6F0HVrex4x,anonymous,FR,1,0,NA,30,4,213,2,5,4,1,2,1,5,1,1,3,6,5,1,1,"Les lobbys … je trouve que la science est détournée à leur avantage, par eux-mêmes, et qu’elle leur est plus facilement accessible qu’à nous.",NA,2,4,1,5,5,4,1,3,2,2,4,3,1,4,3,5,4,5,4,5,4,4,3,5,4,5,2,5,4,4,2,4,4,5,4,4,2,2,2,4,4,4,3,3,1,2,1,10,1,3,4,5,3,5,5,4,5,5,1,1,1,5,1,1,2,5,2,3,3,3,2,5,5,5,5,5,5,5,5,5,5,5,5,25000,1,2,1,1,4,4,4,4,3,3,3,4,3,4,3,3,4,4,4,4,4,3,1,1,2,4,3,3,NA,NA,NA,NA,NA,NA,NA,NA,NA,NA,NA,NA,NA,NA,NA,NA,NA,NA,NA,NA,NA,NA,NA,NA,NA,NA,NA,237810979455174,213,1,1915,4.333333333333333,5,4,2.3333333333333335,3,5,3.9166666666666665,4.666666666666667,4,"Higher education (e.g., university degree or higher education diploma)",Woman,30,Not religious at all (1),Rural,25000,10.126631103850338,"March 07, 2023"
2023-03-07 14:52:40,2023-03-07 15:08:45,0,100,965,1,2023-03-07 15:08:46,R_1jByYXeWmvZ2605,anonymous,FR,1,0,NA,57,3,213,1,1,1,1,1,1,1,1,1,1,5,4,1,1,PAS NOUS DEJA SE SONT CEUX QUI ON DE L ARGENT,NA,2,4,1,5,2,4,1,2,2,2,5,1,1,3,1,5,1,5,3,4,3,2,3,5,3,3,3,4,3,2,2,3,2,4,4,4,3,3,4,5,4,5,5,3,1,10,1,10,1,3,5,3,1,5,1,1,3,2,1,1,1,5,3,1,1,5,1,1,3,3,1,5,5,5,5,5,5,5,5,5,5,5,5,3500,99,99,5,1,3,3,3,3,2,3,3,3,3,3,3,3,3,3,3,3,3,3,1,5,9,4,6,5,NA,NA,NA,NA,NA,NA,NA,NA,NA,NA,NA,NA,NA,NA,NA,NA,NA,NA,NA,NA,NA,NA,NA,NA,NA,NA,NA,237810979995788,213,1,1917,2.3333333333333335,4.333333333333333,3,2.6666666666666665,1.4,3,3.0833333333333335,3.3333333333333335,3,"Secondary education (e.g., high school)",Woman,57,Very strongly religious (5),Rural,3500,8.160518247477505,"March 07, 2023"
2023-03-07 15:02:29,2023-03-07 15:09:48,0,100,438,1,2023-03-07 15:09:48,R_2Ym5LScD0PTsG1x,anonymous,FR,1,1,NA,38,4,213,2,2,1,1,3,1,3,1,1,1,3,1,1,1,NA,"son propos mesuré, prudent et qui repose sur des faits",4,4,1,5,5,4,3,5,4,2,5,4,4,5,5,5,4,4,3,4,4,4,3,4,4,4,4,5,4,4,3,5,4,3,3,3,3,3,3,3,3,4,3,2,1,8,5,10,3,4,3,4,1,3,2,1,4,4,2,3,3,3,3,2,3,3,2,3,2,3,1,4,4,4,4,4,5,5,5,5,5,5,5,2000,3,3,1,2,4,4,4,3,3,4,4,4,4,3,3,4,4,4,4,3,3,4,1,1,5,6,4,5,NA,NA,NA,NA,NA,NA,NA,NA,NA,NA,NA,NA,NA,NA,NA,NA,NA,NA,NA,NA,NA,NA,NA,NA,NA,NA,NA,237810979993709,213,1,1918,4,4.333333333333333,4,3.3333333333333335,4.4,4,3.9166666666666665,4.166666666666667,4,"Higher education (e.g., university degree or higher education diploma)",Man,38,Not religious at all (1),Urban,2000,7.600902459542082,"March 07, 2023"
2023-03-07 15:02:08,2023-03-07 15:11:37,0,100,568,1,2023-03-07 15:11:37,R_1HdZEKSBlNWwZC5,anonymous,FR,1,0,NA,33,3,213,2,1,1,1,2,1,2,1,1,2,5,5,1,1,Les scientifiques,NA,3,2,1,4,3,3,4,3,3,3,3,4,3,3,3,3,3,3,3,3,3,3,3,3,3,3,3,3,3,3,3,3,3,3,3,3,3,3,3,3,3,3,3,3,1,5,5,5,5,3,3,4,3,3,3,3,4,4,3,3,3,3,3,3,3,3,2,2,2,2,2,3,3,3,3,3,3,3,3,3,3,3,3,16000,3,3,3,2,3,3,3,2,3,3,3,3,3,3,3,3,3,3,3,2,3,3,4,4,5,4,4,5,NA,NA,NA,NA,NA,NA,NA,NA,NA,NA,NA,NA,NA,NA,NA,NA,NA,NA,NA,NA,NA,NA,NA,NA,NA,NA,NA,237298315254950,213,1,1919,3,3,3,3,3.2,3,3,3,3,"Secondary education (e.g., high school)",Woman,33,(3),Urban,16000,9.680344001221918,"March 07, 2023"
2023-03-07 15:02:51,2023-03-07 15:31:23,0,100,1711,1,2023-03-07 15:31:23,R_1FgmNapZ0U9MBE4,anonymous,FR,1,0,NA,42,3,213,1,4,4,1,4,1,4,1,1,4,4,1,1,1,NA,quand il y a des résultats. et des bons jusau'au bout pas qu'un temps,5,4,1,5,5,5,5,3,3,3,3,4,3,4,4,4,4,4,4,3,3,3,3,4,3,4,3,4,3,3,3,4,3,3,3,3,3,3,3,3,3,3,3,3,1,4,4,3,2,3,3,3,3,3,3,3,3,3,1,2,2,4,4,2,1,1,1,1,2,3,1,5,5,5,5,5,5,5,5,5,5,5,5,NA,99,99,3,2,2,2,2,2,2,2,2,2,2,2,2,2,2,2,2,2,2,2,5,7,9,7,7,6,NA,NA,NA,NA,NA,NA,NA,NA,NA,NA,NA,NA,NA,NA,NA,NA,NA,NA,NA,NA,NA,NA,NA,NA,NA,NA,NA,237457967595723,213,1,1924,3.3333333333333335,3.6666666666666665,3,3,3.8,4,3.25,3.5,3,"Secondary education (e.g., high school)",Woman,42,(3),Urban,NA,NA,"March 07, 2023"
2023-03-07 15:21:10,2023-03-07 15:38:17,0,100,1026,1,2023-03-07 15:38:18,R_1RY0NXavJGVyGAx,anonymous,FR,1,0,NA,45,3,213,1,1,1,1,1,1,1,1,1,1,3,2,1,1,"ceux qui bénéficie le plus de la science est les plus riche, le gouvernement ils ont plus de moyens financier",NA,3,4,1,4,5,5,2,3,4,2,4,3,3,3,3,4,3,4,3,4,3,3,3,4,4,3,3,4,3,3,3,4,4,3,2,3,4,3,3,3,3,4,3,3,1,5,6,6,1,4,4,2,2,4,2,4,3,4,1,3,3,3,3,2,2,4,1,3,2,3,1,2,5,2,2,3,3,2,5,2,2,4,4,820,99,2,2,1,4,4,3,4,3,3,4,4,3,4,3,3,4,4,3,4,2,3,1,1,6,4,2,6,NA,NA,NA,NA,NA,NA,NA,NA,NA,NA,NA,NA,NA,NA,NA,NA,NA,NA,NA,NA,NA,NA,NA,NA,NA,NA,NA,237810979489897,213,1,1926,3,4,3.3333333333333335,3,3,3,3.3333333333333335,3.5,3,"Secondary education (e.g., high school)",Woman,45,(2),Rural,820,6.709304340258298,"March 07, 2023"
2023-03-07 14:21:08,2023-03-07 15:42:48,0,100,4899,1,2023-03-07 15:42:48,R_3MxR7dx0EdLFbB1,anonymous,FR,1,1,NA,33,4,213,2,2,4,2,1,2,3,1,1,3,3,1,1,2,La médecine car c’est un domaine qui demande une évolution constante,NA,4,4,4,5,5,4,3,5,5,3,4,4,4,3,3,4,5,5,4,4,4,3,3,4,4,3,2,4,4,3,2,4,3,4,2,4,4,3,4,3,4,3,3,4,1,8,5,8,2,4,4,4,4,3,2,2,2,2,1,2,2,4,2,2,2,4,1,3,3,3,1,4,5,4,5,1,5,5,4,4,3,5,5,32000,2,4,3,1,3,4,4,4,3,2,5,4,4,3,4,3,3,4,4,4,4,3,1,1,3,3,4,6,NA,NA,NA,NA,NA,NA,NA,NA,NA,NA,NA,NA,NA,NA,NA,NA,NA,NA,NA,NA,NA,NA,NA,NA,NA,NA,NA,237810979462376,213,1,1927,3,4,4,2.3333333333333335,3.8,4,3.3333333333333335,3.5,4,"Higher education (e.g., university degree or higher education diploma)",Man,33,(3),Rural,32000,10.373491181781864,"March 07, 2023"
2023-03-07 15:02:46,2023-03-07 15:47:52,0,100,2705,1,2023-03-07 15:47:52,R_xo2NZUJ6TlDjdKN,anonymous,FR,1,1,NA,39,4,213,2,2,3,3,4,2,1,1,2,1,3,3,3,3,NA,NA,3,4,1,4,4,4,4,4,4,4,4,4,3,3,4,4,4,4,4,4,4,3,3,4,3,4,4,4,3,3,4,4,4,3,4,4,4,4,3,4,3,3,4,4,1,8,9,9,8,4,3,4,4,3,3,3,2,3,1,4,3,4,4,3,3,4,3,2,3,3,2,4,3,3,4,4,4,4,4,3,4,4,4,3600,2,3,2,1,3,4,4,3,4,3,3,3,3,4,4,4,3,3,4,3,3,3,5,5,7,5,5,7,NA,NA,NA,NA,NA,NA,NA,NA,NA,NA,NA,NA,NA,NA,NA,NA,NA,NA,NA,NA,NA,NA,NA,NA,NA,NA,NA,237718972310623,213,1,1929,3.3333333333333335,4,3.3333333333333335,3.6666666666666665,3.6,4,3.5833333333333335,3.6666666666666665,4,"Higher education (e.g., university degree or higher education diploma)",Man,39,(2),Rural,3600,8.1886891244442,"March 07, 2023"
2023-03-03 15:27:53,2023-03-07 16:09:20,0,100,348087,1,2023-03-07 16:09:21,R_22tcBhtC55ERK4j,anonymous,FR,1,0,NA,40,4,213,2,2,2,2,2,2,2,2,2,2,3,3,3,1,NA,Je ne sais pas,3,2,1,5,5,3,3,4,1,4,3,5,3,5,5,5,5,4,4,3,3,3,3,3,3,3,3,3,3,3,3,4,2,3,3,3,3,3,4,3,3,3,3,3,1,10,10,10,1,3,5,3,1,4,3,3,3,5,1,1,1,5,1,1,1,5,2,3,3,3,2,5,5,5,5,5,5,5,5,5,5,5,5,70000,3,3,1,1,3,3,3,2,3,3,3,3,3,1,3,3,2,2,2,1,2,2,1,7,2,4,4,8,NA,NA,NA,NA,NA,NA,NA,NA,NA,NA,NA,NA,NA,NA,NA,NA,NA,NA,NA,NA,NA,NA,NA,NA,NA,NA,NA,237457967298618,213,1,1930,3,3,3,3,4.6,3,3,3,4,"Higher education (e.g., university degree or higher education diploma)",Woman,40,Not religious at all (1),Rural,70000,11.156250521031495,"March 03, 2023"
2023-03-07 16:30:02,2023-03-07 16:45:58,0,100,956,1,2023-03-07 16:45:59,R_27Do4GUSGFyPlX0,anonymous,FR,1,0,NA,59,3,213,4,4,1,2,5,6,5,1,1,4,4,1,1,1,NA,Que ses dires soit cohérent avec la réalités et d'être reconnu par ses pairs,3,4,1,4,4,3,1,4,4,2,1,3,1,3,2,5,5,5,5,4,4,3,2,5,4,4,2,5,4,4,3,5,4,4,1,3,4,3,3,3,4,3,4,4,1,5,5,5,7,3,2,3,3,3,2,3,1,1,3,3,2,4,3,3,3,4,3,2,3,3,1,5,5,5,4,4,5,4,5,4,4,4,5,33000,99,4,1,1,4,4,3,4,3,3,3,4,3,3,3,3,3,3,3,3,3,3,1,7,2,2,4,5,NA,NA,NA,NA,NA,NA,NA,NA,NA,NA,NA,NA,NA,NA,NA,NA,NA,NA,NA,NA,NA,NA,NA,NA,NA,NA,NA,237810979990577,213,1,1931,3.6666666666666665,4.666666666666667,4,2.3333333333333335,2.8,4,3.6666666666666665,4.166666666666667,3,"Secondary education (e.g., high school)",Woman,59,Not religious at all (1),Rural,33000,10.404262840448617,"March 07, 2023"
2023-03-07 16:25:08,2023-03-07 16:48:38,0,100,1410,1,2023-03-07 16:48:39,R_eo1Yxwj282z5Hxf,anonymous,FR,1,1,NA,45,4,213,3,3,3,3,3,3,3,3,3,3,4,4,4,4,ne sais pas,NA,3,4,4,3,3,3,3,3,3,3,3,3,3,3,3,3,3,3,3,3,3,3,3,3,3,3,3,3,3,3,3,3,3,3,3,3,3,3,3,3,3,3,3,3,1,6,6,6,6,3,3,3,3,3,3,3,3,3,3,3,3,3,3,3,3,3,2,2,2,2,2,3,3,3,3,3,3,3,3,3,3,3,3,50000,3,4,3,2,3,3,3,3,3,3,3,3,3,3,3,3,3,3,3,3,3,3,5,5,6,4,4,7,NA,NA,NA,NA,NA,NA,NA,NA,NA,NA,NA,NA,NA,NA,NA,NA,NA,NA,NA,NA,NA,NA,NA,NA,NA,NA,NA,237810979474475,213,1,1934,3,3,3,3,3,3,3,3,4,"Higher education (e.g., university degree or higher education diploma)",Man,45,(3),Urban,50000,10.819778284410283,"March 07, 2023"
2023-03-07 16:56:54,2023-03-07 17:09:20,0,100,745,1,2023-03-07 17:09:21,R_27yc0HGF1bfU6e6,anonymous,FR,1,1,NA,38,4,213,4,4,5,4,2,4,5,1,3,4,4,1,3,1,"Selon moi c'est le grand public qui devrait le plus bénéficier de la science or j'ai l'impression que dans notre société actuelle, ce sont plutôt une poignée de personnes riches, une sorte d'élite seulement à qui cela profite vraiment",NA,2,6,1,5,5,5,1,2,1,1,4,4,5,4,5,5,4,4,3,4,4,4,4,5,4,4,4,4,4,4,4,4,4,5,5,5,4,1,2,4,4,4,2,2,1,7,9,8,1,3,5,5,1,5,4,4,5,5,1,1,1,5,1,1,1,4,3,3,3,3,2,5,5,5,5,5,5,5,5,5,5,5,5,25000,3,2,1,1,4,4,4,4,3,4,4,4,4,3,3,3,4,4,4,4,3,3,1,4,5,5,3,6,NA,NA,NA,NA,NA,NA,NA,NA,NA,NA,NA,NA,NA,NA,NA,NA,NA,NA,NA,NA,NA,NA,NA,NA,NA,NA,NA,237810980025390,213,1,1937,4,4.333333333333333,4,4,4.4,4,4.083333333333333,4.166666666666667,4,"Higher education (e.g., university degree or higher education diploma)",Man,38,Not religious at all (1),Rural,25000,10.126631103850338,"March 07, 2023"
2023-03-07 16:55:42,2023-03-07 17:11:45,0,100,962,1,2023-03-07 17:11:45,R_2WCpCbclo5x5k4z,anonymous,FR,1,1,NA,35,3,213,2,1,3,2,6,3,6,6,2,1,3,6,5,1,Les personne du gouvernement  nous on nous cache des. Chauses,NA,1,2,5,5,2,1,5,1,5,5,5,5,1,1,5,5,5,5,3,2,2,2,3,4,4,5,2,4,2,2,2,2,2,5,5,5,5,5,5,5,5,5,5,5,1,10,10,5,3,1,5,3,5,1,5,5,1,2,1,1,1,5,5,1,1,1,4,4,3,1,3,5,5,5,5,5,5,1,1,1,1,1,1,12000,99,99,1,1,1,5,5,3,2,5,1,3,4,2,4,3,1,3,4,2,2,2,1,7,9,7,7,1,NA,NA,NA,NA,NA,NA,NA,NA,NA,NA,NA,NA,NA,NA,NA,NA,NA,NA,NA,NA,NA,NA,NA,NA,NA,NA,NA,237718974736396,213,1,1938,3,3.3333333333333335,2.6666666666666665,2.3333333333333335,3.4,3,2.8333333333333335,3.1666666666666665,3,"Secondary education (e.g., high school)",Man,35,Not religious at all (1),Rural,12000,9.392661928770137,"March 07, 2023"
2023-03-07 17:26:58,2023-03-07 17:50:58,0,100,1439,1,2023-03-07 17:51:00,R_1Lkz0qN0sZNhbwt,anonymous,FR,1,1,NA,34,4,213,4,5,6,3,4,1,5,1,2,3,5,5,3,1,NA,"Il sera digne de confiance s'il vérifie, de toutes les manières possibles en son pouvoir, pour affirmer ou infirmer ses résultats. S'il implique également dans ses recherches un maximum de scientifiques compétents dans chacun de leur domaine afin de n'exclure aucune possibilité. Et surtout s'il agit de manière totalement indépendante, c'est-à-dire non payé par les Big pharma pour tronquer les résultats.",4,6,3,5,3,2,4,2,3,1,3,5,4,5,5,4,1,4,4,4,4,4,3,4,3,4,2,4,4,4,4,5,4,3,4,4,4,3,2,3,3,3,2,2,1,10,7,3,1,4,5,4,2,3,1,2,1,4,4,1,1,1,1,1,2,5,1,3,3,3,1,1,4,1,3,1,5,1,5,1,5,1,5,2400,4,5,1,1,4,4,4,3,2,3,3,4,3,3,2,3,4,4,4,2,2,3,3,2,2,7,1,4,NA,NA,NA,NA,NA,NA,NA,NA,NA,NA,NA,NA,NA,NA,NA,NA,NA,NA,NA,NA,NA,NA,NA,NA,NA,NA,NA,237718971908101,213,1,1941,4,4,3.6666666666666665,3,4,4,3.6666666666666665,4,4,"Higher education (e.g., university degree or higher education diploma)",Man,34,Not religious at all (1),Rural,2400,7.783224016336037,"March 07, 2023"
2023-03-07 17:09:45,2023-03-07 17:55:38,0,100,2753,1,2023-03-07 17:55:39,R_3qEfpfsGwu3ewMQ,anonymous,FR,1,1,NA,38,4,213,3,3,2,3,3,3,2,2,2,2,3,2,2,2,L’homme bénéficie le plus de la science car la recherche ameliorer notre quotidien,NA,4,4,1,5,5,4,3,5,5,3,3,4,5,4,4,4,4,4,3,4,4,4,3,4,4,4,3,4,4,4,3,4,4,4,3,4,3,4,1,2,3,4,1,4,1,4,5,10,1,4,2,4,4,3,3,4,4,2,1,3,3,2,3,2,3,3,3,3,3,3,3,5,5,5,5,5,5,5,5,5,5,5,5,100000,3,4,4,2,4,4,4,3,4,3,4,4,4,4,4,4,4,4,4,4,3,3,3,7,4,5,4,6,NA,NA,NA,NA,NA,NA,NA,NA,NA,NA,NA,NA,NA,NA,NA,NA,NA,NA,NA,NA,NA,NA,NA,NA,NA,NA,NA,237718974514205,213,1,1943,4,4,4,3,4.2,4,3.75,4,4,"Higher education (e.g., university degree or higher education diploma)",Man,38,(4),Urban,100000,11.512925464970229,"March 07, 2023"
2023-03-07 17:45:05,2023-03-07 17:58:01,0,100,775,1,2023-03-07 17:58:01,R_1eWPyQKrfywuThp,anonymous,FR,1,0,NA,43,3,213,1,3,1,1,3,1,1,1,1,2,2,1,1,1,"Les humains, cela permet de mieux connaitre le monde dans lequel nous vivons et peut aider au quotidien, notamment dans la guérison de certaines maladies.",NA,4,2,1,5,4,3,3,4,4,1,1,4,1,5,1,4,5,5,4,4,4,4,3,4,3,4,4,4,4,4,3,5,4,3,3,3,4,4,2,1,3,3,2,2,1,9,5,9,1,3,4,2,3,1,1,1,3,4,2,1,1,4,2,2,2,4,1,2,3,3,1,4,4,4,4,4,4,5,5,5,5,5,5,21000,99,99,1,1,4,5,4,3,3,3,3,4,4,4,3,3,4,4,3,4,2,2,1,2,2,2,5,5,NA,NA,NA,NA,NA,NA,NA,NA,NA,NA,NA,NA,NA,NA,NA,NA,NA,NA,NA,NA,NA,NA,NA,NA,NA,NA,NA,236850617482260,213,1,1944,4,4,3.6666666666666665,3.3333333333333335,3.2,4,3.75,4,3,"Secondary education (e.g., high school)",Woman,43,Not religious at all (1),Rural,21000,9.95227771670556,"March 07, 2023"
2023-03-07 17:50:04,2023-03-07 18:12:31,0,100,1347,1,2023-03-07 18:12:32,R_3iJAtf25V6yF2F2,anonymous,FR,1,0,NA,38,4,213,1,3,3,3,3,1,1,1,1,1,3,3,3,1,Les gouvernements et les associations > fonds importants financiers,NA,2,2,5,3,3,3,3,2,2,2,2,4,3,3,4,4,2,4,3,3,3,3,3,3,3,3,3,3,3,3,3,3,3,3,3,3,3,3,3,3,3,3,3,3,1,5,5,5,5,3,1,1,1,1,1,1,1,1,2,3,3,3,3,3,3,3,1,2,2,2,1,4,4,4,4,4,4,4,4,4,4,4,4,60000,3,3,3,2,2,2,2,2,2,2,2,2,2,2,2,2,2,2,2,2,2,2,2,2,3,3,3,7,NA,NA,NA,NA,NA,NA,NA,NA,NA,NA,NA,NA,NA,NA,NA,NA,NA,NA,NA,NA,NA,NA,NA,NA,NA,NA,NA,237718972043378,213,1,1946,3,3,3,3,3.2,3,3,3,4,"Higher education (e.g., university degree or higher education diploma)",Woman,38,(3),Urban,60000,11.002099841204238,"March 07, 2023"
2023-03-07 17:55:02,2023-03-07 18:39:26,0,100,2663,1,2023-03-07 18:39:26,R_1CwtXygsa1GHxaE,anonymous,FR,1,1,NA,59,3,213,3,4,5,4,3,1,5,3,1,4,5,5,3,1,NA,"Peu importe que ce soit une femme ou un homme, le plus important est que cette personne soit convaincante avec une argumentation solide, basée sur des rapports d’experts et qu’elle ne soit pas à la solde d’un laboratoire quelconque ou du gouvernement.",3,4,1,5,5,5,5,3,4,2,5,2,4,2,3,5,5,5,4,4,2,3,2,4,2,3,1,4,3,2,1,2,3,4,4,5,4,3,3,4,4,5,2,3,1,10,5,6,1,3,5,4,2,5,2,4,3,5,1,3,2,5,3,2,2,3,2,3,3,3,2,3,3,3,4,3,3,4,3,5,5,3,5,35000,2,3,3,2,5,4,4,3,3,2,3,4,3,3,2,2,4,4,4,2,3,3,1,4,3,5,4,7,NA,NA,NA,NA,NA,NA,NA,NA,NA,NA,NA,NA,NA,NA,NA,NA,NA,NA,NA,NA,NA,NA,NA,NA,NA,NA,NA,237810979399925,213,1,1949,2.6666666666666665,4,2.3333333333333335,1.3333333333333333,3.2,4,2.5833333333333335,3.3333333333333335,3,"Secondary education (e.g., high school)",Man,59,(3),Urban,35000,10.46310334047155,"March 07, 2023"
2023-03-07 18:33:41,2023-03-07 19:00:07,0,100,1586,1,2023-03-07 19:00:08,R_1JD7vHcr1K8psJl,anonymous,FR,1,0,NA,50,4,213,4,4,3,3,5,4,4,1,4,5,5,1,1,2,nous bénéficions tous de la science surtout dans le médical pour trouver de nouveaux traitements,NA,4,6,1,5,4,5,1,5,5,3,2,4,4,3,3,3,5,3,4,4,4,3,3,5,4,4,3,4,4,3,3,5,4,3,3,3,4,3,2,3,2,2,1,1,1,10,10,10,1,4,5,3,1,2,1,1,1,4,2,3,3,3,1,1,1,4,1,2,1,3,1,3,5,5,5,5,5,5,5,5,5,5,5,0,99,2,1,2,4,4,4,4,4,4,3,3,3,3,3,3,4,5,4,3,4,4,1,5,5,4,4,5,NA,NA,NA,NA,NA,NA,NA,NA,NA,NA,NA,NA,NA,NA,NA,NA,NA,NA,NA,NA,NA,NA,NA,NA,NA,NA,NA,237361102381138,213,1,1951,3.3333333333333335,4.333333333333333,4,3,3.8,3,3.6666666666666665,3.8333333333333335,4,"Higher education (e.g., university degree or higher education diploma)",Woman,50,Not religious at all (1),Urban,0,-Inf,"March 07, 2023"
2023-03-07 18:59:40,2023-03-07 19:17:49,0,100,1088,1,2023-03-07 19:17:50,R_BJqgnpPkrEISqyd,anonymous,FR,1,0,NA,39,4,213,3,4,2,5,3,1,4,1,1,3,4,3,2,1,NA,"Un/une scientifique est digne de confiance  grâce à ces nombreuses études ou expériences, le suivi et le soutien des autres scientifiques et/ou spécialistes.",5,NA,1,5,4,5,3,4,4,4,4,3,4,3,3,5,3,5,3,4,4,3,3,4,3,3,3,4,4,3,3,4,3,4,3,3,2,2,3,3,4,4,4,3,1,5,1,10,1,3,3,3,2,3,1,1,1,4,2,2,2,4,2,2,2,4,1,3,3,3,1,5,5,5,5,5,5,5,5,5,5,5,5,NA,99,99,3,2,4,4,4,3,2,4,4,4,3,3,2,3,3,5,4,3,2,3,2,5,1,5,4,2,NA,NA,NA,NA,NA,NA,NA,NA,NA,NA,NA,NA,NA,NA,NA,NA,NA,NA,NA,NA,NA,NA,NA,NA,NA,NA,NA,237298314576013,213,1,1953,3,4,3.6666666666666665,3,3.2,3,3.4166666666666665,3.5,4,"Higher education (e.g., university degree or higher education diploma)",Woman,39,(3),Urban,NA,NA,"March 07, 2023"
2023-03-07 19:05:53,2023-03-07 19:35:23,0,100,1769,1,2023-03-07 19:35:24,R_1lAISnL0D5yipam,anonymous,FR,1,0,NA,39,4,213,1,1,1,1,1,1,1,1,1,1,1,1,1,1,Les riches,NA,2,6,1,3,5,4,5,1,1,1,2,3,1,4,1,3,5,4,4,3,1,2,2,2,1,2,2,2,2,1,2,3,2,3,4,3,3,2,5,5,4,3,3,4,1,5,5,10,3,2,4,3,1,2,4,4,3,3,2,1,1,5,1,1,1,5,1,3,2,3,1,4,4,4,4,4,4,4,4,4,4,4,4,24500,99,99,1,1,3,3,3,3,2,2,2,2,2,2,2,2,3,3,3,3,3,3,1,6,9,6,4,7,NA,NA,NA,NA,NA,NA,NA,NA,NA,NA,NA,NA,NA,NA,NA,NA,NA,NA,NA,NA,NA,NA,NA,NA,NA,NA,NA,237298315374599,213,1,1955,1.6666666666666667,2.3333333333333335,1.3333333333333333,2,2.8,3,1.8333333333333333,2,4,"Higher education (e.g., university degree or higher education diploma)",Woman,39,Not religious at all (1),Rural,24500,10.106428396532818,"March 07, 2023"
2023-03-07 20:00:38,2023-03-07 20:07:45,0,100,427,1,2023-03-07 20:07:46,R_1QEoLowCf4yCGwM,anonymous,FR,1,1,NA,43,4,213,2,2,2,2,2,2,2,2,2,2,1,1,1,1,NA,rien,1,2,1,1,1,1,1,1,1,1,1,1,1,1,1,1,1,1,1,1,1,1,1,1,1,1,1,1,1,1,1,1,1,1,1,1,1,1,1,1,1,1,1,1,1,1,1,1,1,1,1,1,1,1,1,1,1,1,1,1,1,1,1,1,1,1,1,1,1,1,1,1,1,1,1,1,1,1,1,1,1,1,1,1000,5,5,1,2,1,1,1,1,1,1,1,1,1,1,1,1,1,1,1,1,1,1,4,4,5,7,7,1,NA,NA,NA,NA,NA,NA,NA,NA,NA,NA,NA,NA,NA,NA,NA,NA,NA,NA,NA,NA,NA,NA,NA,NA,NA,NA,NA,237810979505301,213,1,1957,1,1,1,1,1,1,1,1,4,"Higher education (e.g., university degree or higher education diploma)",Man,43,Not religious at all (1),Urban,1000,6.907755278982137,"March 07, 2023"
2023-03-07 19:55:53,2023-03-07 20:18:02,0,100,1328,1,2023-03-07 20:18:02,R_0VtlF0p54Z4DQnT,anonymous,FR,1,0,NA,58,4,213,4,5,4,2,5,4,1,1,5,4,5,1,1,5,la classe moyenne et supérieur car pas accecible au autre,NA,3,4,1,5,4,5,1,2,4,1,4,3,4,1,5,5,2,5,4,3,2,2,3,3,4,3,2,4,4,3,3,3,2,5,2,4,4,3,3,4,4,5,4,4,1,9,6,9,1,2,3,3,3,5,4,3,3,4,1,2,2,2,2,2,1,1,2,3,3,3,1,4,4,4,4,4,4,5,5,5,5,5,5,2600,2,2,3,2,3,2,3,5,1,2,3,3,4,4,5,2,3,4,3,4,2,2,1,6,6,6,4,6,NA,NA,NA,NA,NA,NA,NA,NA,NA,NA,NA,NA,NA,NA,NA,NA,NA,NA,NA,NA,NA,NA,NA,NA,NA,NA,NA,237718973075655,213,1,1959,2.6666666666666665,3.3333333333333335,3.3333333333333335,2.6666666666666665,3,3,3,3,4,"Higher education (e.g., university degree or higher education diploma)",Woman,58,(3),Urban,2600,7.8632667240095735,"March 07, 2023"
2023-03-07 20:04:23,2023-03-07 20:23:56,0,100,1172,1,2023-03-07 20:23:56,R_3kzcr2K52F2mZgn,anonymous,FR,1,1,NA,52,4,213,5,5,5,4,3,1,3,3,1,3,4,1,2,1,LES POLITIQUES AFIN DE MAINTENIR UNE CERTAINE TENSION SOCIALE,NA,2,6,3,4,3,5,2,3,2,2,4,4,4,4,4,4,4,4,4,4,2,2,3,2,3,2,2,4,2,2,2,3,3,4,2,4,4,3,4,5,4,4,4,4,1,7,8,7,4,2,4,2,3,2,2,2,2,3,2,2,4,4,3,2,2,1,1,3,2,2,1,4,4,4,4,4,4,3,3,3,3,3,3,35000,4,4,3,1,3,4,4,2,3,3,3,3,3,3,3,3,3,4,3,2,2,2,5,5,6,6,6,3,NA,NA,NA,NA,NA,NA,NA,NA,NA,NA,NA,NA,NA,NA,NA,NA,NA,NA,NA,NA,NA,NA,NA,NA,NA,NA,NA,237810979992666,213,1,1961,2,3.3333333333333335,2.3333333333333335,2.3333333333333335,4,2,2.5,2.6666666666666665,4,"Higher education (e.g., university degree or higher education diploma)",Man,52,(3),Rural,35000,10.46310334047155,"March 07, 2023"
2023-03-07 20:16:05,2023-03-07 20:32:40,0,100,995,1,2023-03-07 20:32:41,R_3nBl3oVJIAFefLa,anonymous,FR,1,0,NA,30,3,213,4,5,5,6,5,3,6,5,3,6,6,6,1,1,"je pense que la médecine bénéfice le plus de la science, avec les progrès de la science et les nouveautés technologique qui évoluent de plus en plus; la médecine a bien avancé. Par exemple pendant la pandémie du covid le vaccin a vite été préparé. Meme si pendant ce temps il y a eu beaucoup de fausses informations.",NA,5,4,1,5,5,4,2,4,5,2,3,5,2,5,5,5,2,5,5,4,4,4,4,5,4,4,4,4,4,4,2,4,5,5,5,5,5,3,5,4,5,5,4,5,1,10,10,10,1,3,1,5,1,5,2,2,4,5,1,3,1,5,1,3,1,5,1,3,2,3,1,5,5,5,5,5,5,5,5,5,5,5,5,28000,3,2,2,2,5,5,5,5,2,3,5,5,4,5,2,4,4,4,4,4,1,4,1,3,6,7,7,5,NA,NA,NA,NA,NA,NA,NA,NA,NA,NA,NA,NA,NA,NA,NA,NA,NA,NA,NA,NA,NA,NA,NA,NA,NA,NA,NA,237718975559920,213,1,1963,4,4.333333333333333,4,3.3333333333333335,3.8,5,3.9166666666666665,4.166666666666667,3,"Secondary education (e.g., high school)",Woman,30,(2),Urban,28000,10.239959789157341,"March 07, 2023"
2023-03-07 20:22:34,2023-03-07 20:40:14,0,100,1059,1,2023-03-07 20:40:14,R_1eLhYe7nWN7AG1S,anonymous,FR,1,1,NA,50,3,213,1,4,3,1,4,1,1,1,1,3,3,2,2,1,NA,Que ses recherches soient validées par ses pairs,4,6,1,5,5,3,3,3,3,2,4,2,4,4,4,4,4,4,4,4,4,4,3,4,3,4,3,4,3,3,3,4,5,4,4,4,4,2,3,3,4,4,4,2,1,8,8,7,3,4,4,1,2,3,1,1,1,3,2,2,3,4,2,2,3,3,3,3,2,3,2,3,4,3,4,4,4,4,4,4,4,4,4,2000,99,99,3,1,4,4,4,3,2,2,3,3,3,3,4,3,3,3,2,1,2,2,1,2,6,6,3,5,NA,NA,NA,NA,NA,NA,NA,NA,NA,NA,NA,NA,NA,NA,NA,NA,NA,NA,NA,NA,NA,NA,NA,NA,NA,NA,NA,237810979569822,213,1,1965,3.6666666666666665,4,3.3333333333333335,3,3.6,4,3.5,3.8333333333333335,3,"Secondary education (e.g., high school)",Man,50,(3),Rural,2000,7.600902459542082,"March 07, 2023"
2023-03-07 20:09:09,2023-03-07 20:54:03,0,100,2694,1,2023-03-07 20:54:03,R_2xWrbNoDwih4UBJ,anonymous,FR,1,1,NA,38,3,213,1,1,1,1,1,1,1,1,1,1,2,1,1,1,NA,Ses résultats,2,4,1,3,4,3,2,3,4,3,3,3,2,3,3,4,3,3,2,2,2,1,1,4,2,2,3,4,2,2,3,3,1,4,2,3,5,3,5,5,2,3,3,3,1,5,10,5,3,1,3,1,3,1,1,1,1,1,5,1,3,5,3,3,3,3,1,3,3,3,1,4,4,4,4,4,4,4,4,4,4,4,4,37000,2,4,1,2,3,3,3,3,3,3,4,4,3,3,3,4,4,4,3,3,4,3,3,7,7,7,6,2,NA,NA,NA,NA,NA,NA,NA,NA,NA,NA,NA,NA,NA,NA,NA,NA,NA,NA,NA,NA,NA,NA,NA,NA,NA,NA,NA,237298314677376,213,1,1967,1.6666666666666667,3.3333333333333335,2,2.3333333333333335,2.8,3,2.3333333333333335,2.5,3,"Secondary education (e.g., high school)",Man,38,Not religious at all (1),Urban,37000,10.51867319162636,"March 07, 2023"
2023-03-07 20:31:56,2023-03-07 20:59:03,0,100,1627,1,2023-03-07 20:59:04,R_2U6eOKFuHk4XkJA,anonymous,FR,1,0,NA,51,4,213,2,2,3,3,3,2,3,1,1,2,3,2,3,1,NA,La qualité de ses travaux et l’expérience dans son poste,3,5,3,5,5,3,3,4,3,2,2,4,5,5,5,5,5,5,3,4,3,2,2,3,3,3,3,4,3,2,2,3,3,4,4,4,5,1,3,3,1,4,4,2,1,8,5,8,1,2,3,2,3,3,1,1,1,1,1,1,1,4,1,1,1,3,2,3,3,3,1,3,3,3,3,3,3,3,3,3,3,3,3,80000,2,4,4,1,3,3,3,2,2,2,3,3,3,3,3,3,3,4,4,2,3,3,4,5,6,6,1,8,NA,NA,NA,NA,NA,NA,NA,NA,NA,NA,NA,NA,NA,NA,NA,NA,NA,NA,NA,NA,NA,NA,NA,NA,NA,NA,NA,237810980039694,213,1,1969,2.3333333333333335,3.6666666666666665,3,2.3333333333333335,4.8,4,2.8333333333333335,3,4,"Higher education (e.g., university degree or higher education diploma)",Woman,51,(4),Rural,80000,11.289781913656018,"March 07, 2023"
2023-03-07 19:27:12,2023-03-07 20:59:54,0,100,5561,1,2023-03-07 20:59:54,R_C36r3wrabnwZSYF,anonymous,FR,1,1,NA,41,4,213,1,2,2,1,2,1,1,1,1,6,7,2,1,1,NA,La reconnaissance par ses pairs,3,6,1,5,5,5,2,5,5,3,4,5,5,5,5,5,2,5,4,4,4,3,3,5,4,4,4,4,4,4,2,5,5,5,5,2,2,2,1,3,2,2,2,2,1,10,6,7,2,4,4,3,2,4,1,2,4,4,1,2,1,5,1,1,1,5,2,2,3,3,1,5,5,5,5,5,5,5,5,5,5,5,5,3500,3,3,2,1,4,5,5,4,3,3,5,3,5,3,3,3,3,5,5,2,2,4,1,1,6,7,5,8,NA,NA,NA,NA,NA,NA,NA,NA,NA,NA,NA,NA,NA,NA,NA,NA,NA,NA,NA,NA,NA,NA,NA,NA,NA,NA,NA,237457968502844,213,1,1971,3.6666666666666665,4.333333333333333,4,3,4.4,4,3.75,4,4,"Higher education (e.g., university degree or higher education diploma)",Man,41,(2),Rural,3500,8.160518247477505,"March 07, 2023"
2023-03-07 20:58:02,2023-03-07 21:11:24,0,100,802,1,2023-03-07 21:11:25,R_DjYLZdnYHiPL8Od,anonymous,FR,1,1,NA,34,4,213,6,6,6,6,6,6,6,6,6,6,6,6,6,1,NA,Son cv Son point de vue,4,6,1,5,5,2,3,2,2,2,3,5,3,4,5,5,3,5,3,5,4,4,3,5,5,4,4,5,4,4,4,4,4,5,5,5,5,5,2,3,4,3,3,3,1,8,6,10,1,2,5,1,5,4,2,1,3,1,1,1,1,5,1,1,1,5,1,4,3,3,1,5,5,5,5,5,5,5,5,5,5,5,5,0,99,99,2,2,4,4,4,4,2,4,4,4,4,3,3,4,4,4,4,4,3,4,2,4,5,4,2,6,NA,NA,NA,NA,NA,NA,NA,NA,NA,NA,NA,NA,NA,NA,NA,NA,NA,NA,NA,NA,NA,NA,NA,NA,NA,NA,NA,237718973192212,213,1,1972,4,5,4.333333333333333,3.6666666666666665,4,4,4.25,4.5,4,"Higher education (e.g., university degree or higher education diploma)",Man,34,(2),Urban,0,-Inf,"March 07, 2023"
2023-03-07 21:21:51,2023-03-07 21:40:42,0,100,1131,1,2023-03-07 21:40:42,R_2VxvKqBVOf6HvRJ,anonymous,FR,1,0,NA,35,4,213,5,5,3,2,4,2,2,5,1,3,5,2,1,1,NA,"La preuve de l'efficacité de son travail sur le long terme, qui s'exprime avec des mots compressibles pour tous, qui est transparent vis a vis des dépenses engendrées......",2,2,1,3,4,3,1,3,2,2,3,1,2,1,1,5,2,3,4,3,3,3,3,3,2,3,1,4,2,3,1,3,2,2,2,2,2,1,4,5,2,3,2,3,1,5,6,5,1,2,4,3,3,3,3,2,3,2,1,1,1,4,3,1,1,4,2,3,3,3,1,5,5,5,1,4,4,5,5,5,1,5,4,1300,99,99,1,2,2,2,2,2,2,2,3,3,3,3,3,3,2,2,2,2,2,2,1,5,7,6,6,2,NA,NA,NA,NA,NA,NA,NA,NA,NA,NA,NA,NA,NA,NA,NA,NA,NA,NA,NA,NA,NA,NA,NA,NA,NA,NA,NA,237810979564664,213,1,1974,3,3.3333333333333335,2.3333333333333335,1.6666666666666667,1.4,3,2.5833333333333335,3.1666666666666665,4,"Higher education (e.g., university degree or higher education diploma)",Woman,35,Not religious at all (1),Urban,1300,7.170119543449628,"March 07, 2023"
2023-03-07 21:38:43,2023-03-07 21:52:16,0,100,812,1,2023-03-07 21:52:17,R_3CPJGQdNSeLCvUD,anonymous,FR,1,0,NA,38,4,213,3,4,4,2,1,1,2,2,1,2,4,4,1,1,TOUS,NA,4,4,1,5,5,5,1,4,4,4,1,5,5,5,5,5,5,4,4,3,3,3,3,4,3,3,3,3,3,3,3,3,3,5,3,5,4,3,3,4,3,3,3,3,1,10,1,10,1,4,4,3,2,4,2,2,3,3,2,1,1,5,1,1,1,5,2,4,4,4,2,5,5,5,5,5,5,5,5,5,5,5,5,80000,4,4,3,2,3,3,3,4,3,3,3,3,3,3,3,3,3,3,3,3,3,3,1,6,7,2,6,7,NA,NA,NA,NA,NA,NA,NA,NA,NA,NA,NA,NA,NA,NA,NA,NA,NA,NA,NA,NA,NA,NA,NA,NA,NA,NA,NA,237810979421245,213,1,1976,3,3.3333333333333335,3,3,5,4,3.0833333333333335,3.1666666666666665,4,"Higher education (e.g., university degree or higher education diploma)",Woman,38,(3),Urban,80000,11.289781913656018,"March 07, 2023"
2023-03-07 21:51:37,2023-03-07 22:17:06,0,100,1529,1,2023-03-07 22:17:07,R_1ovzwYrMWQYUzXb,anonymous,FR,1,1,NA,52,4,213,3,3,2,1,1,1,1,1,3,2,4,1,2,1,Le monde du vivant et les humains en particulier,NA,3,6,1,4,5,4,3,3,2,1,3,3,4,3,4,3,4,3,3,4,3,3,3,4,3,4,3,4,3,4,2,3,3,4,3,3,4,2,2,3,3,4,4,3,1,5,3,4,4,3,3,2,2,4,2,2,2,4,2,1,1,2,2,1,1,4,3,3,2,3,3,4,4,5,3,4,4,5,5,5,5,5,5,74800,3,3,1,2,3,3,3,2,3,2,4,4,3,3,3,3,3,3,4,2,3,3,2,3,2,2,4,7,NA,NA,NA,NA,NA,NA,NA,NA,NA,NA,NA,NA,NA,NA,NA,NA,NA,NA,NA,NA,NA,NA,NA,NA,NA,NA,NA,237810979989531,213,1,1979,3.6666666666666665,4,3,2.6666666666666665,3.6,3,3.3333333333333335,3.8333333333333335,4,"Higher education (e.g., university degree or higher education diploma)",Man,52,Not religious at all (1),Urban,74800,11.222573163962569,"March 07, 2023"
2023-03-07 22:09:58,2023-03-07 22:22:18,0,100,740,1,2023-03-07 22:22:19,R_1opNRF6lWrJtOIq,anonymous,FR,1,0,NA,31,4,213,1,1,1,1,1,1,1,1,1,1,1,1,1,1,Ne sais pas,NA,3,4,1,3,3,3,3,3,3,3,3,3,3,3,3,3,3,2,2,3,3,3,3,3,3,3,3,3,3,3,3,3,3,3,3,3,3,3,3,3,3,3,3,3,1,4,6,5,4,3,4,4,3,4,3,3,3,3,1,3,3,3,3,3,3,3,3,3,3,3,3,3,3,3,3,3,3,4,4,4,4,4,4,980,99,99,3,2,3,3,3,3,3,3,3,3,3,3,3,3,3,3,3,3,3,3,2,4,2,3,3,2,NA,NA,NA,NA,NA,NA,NA,NA,NA,NA,NA,NA,NA,NA,NA,NA,NA,NA,NA,NA,NA,NA,NA,NA,NA,NA,NA,237810979989534,213,1,1981,3,3,3,3,3,2,3,3,4,"Higher education (e.g., university degree or higher education diploma)",Woman,31,(3),Urban,980,6.887552571664617,"March 07, 2023"
2023-03-07 22:10:28,2023-03-07 22:29:46,0,100,1157,1,2023-03-07 22:29:46,R_8p1IH6NcB0AAc3T,anonymous,FR,1,1,NA,36,4,213,3,2,3,1,1,1,3,1,1,3,3,2,1,1,Tous car ça a fortement impacté notre quotidien,NA,3,6,5,4,5,2,4,3,4,3,4,4,2,3,2,4,3,2,2,3,4,3,2,5,2,3,2,4,4,3,1,4,3,4,1,2,2,1,3,4,3,3,3,4,1,6,10,1,7,4,4,3,3,3,1,1,4,4,2,3,3,3,4,4,4,3,2,3,3,3,1,4,5,4,5,3,5,3,5,2,5,2,5,60000,5,5,1,2,3,3,4,3,1,3,2,2,4,3,3,1,4,4,5,4,3,2,1,4,7,7,7,6,NA,NA,NA,NA,NA,NA,NA,NA,NA,NA,NA,NA,NA,NA,NA,NA,NA,NA,NA,NA,NA,NA,NA,NA,NA,NA,NA,237718975268084,213,1,1982,3,4,3.3333333333333335,1.6666666666666667,2.8,3,3,3.5,4,"Higher education (e.g., university degree or higher education diploma)",Man,36,Not religious at all (1),Urban,60000,11.002099841204238,"March 07, 2023"
2023-03-07 21:59:10,2023-03-07 22:58:24,0,100,3554,1,2023-03-07 22:58:25,R_25z7ihrW4UQueZD,anonymous,FR,1,2,Annie Leroy,65,3,213,1,4,1,1,6,1,1,1,1,2,1,1,2,1,NA,"ses études et ses pratiques, son expérience",3,6,1,4,4,5,3,3,4,2,4,3,3,1,2,3,4,5,2,4,3,2,3,3,3,2,2,4,3,3,2,4,4,3,3,3,4,1,3,4,1,2,3,3,1,5,6,6,3,3,4,4,2,4,2,3,4,4,1,3,1,4,2,1,1,2,2,1,3,2,1,2,2,1,2,1,1,5,5,5,4,5,5,1300,99,99,2,1,4,4,2,3,2,2,2,2,1,2,1,1,4,4,3,2,3,3,1,7,7,4,6,3,NA,NA,NA,NA,NA,NA,NA,NA,NA,NA,NA,NA,NA,NA,NA,NA,NA,NA,NA,NA,NA,NA,NA,NA,NA,NA,NA,237810979611746,213,1,1984,2.3333333333333335,3.6666666666666665,3,2.3333333333333335,2.6,3,2.8333333333333335,3,3,"Secondary education (e.g., high school)",Prefer to self-describe,65,(2),Rural,1300,7.170119543449628,"March 07, 2023"
2023-03-07 23:01:44,2023-03-07 23:13:06,0,100,682,1,2023-03-07 23:13:07,R_DuT1ET60PJuxCRr,anonymous,FR,1,1,NA,37,3,213,1,1,1,1,2,1,1,1,1,1,5,7,5,2,NA,sa fiabilité sur les conseils..,5,4,1,4,4,3,5,5,5,3,5,3,3,4,4,4,3,5,5,3,4,4,3,4,4,4,3,4,3,4,3,4,4,4,3,4,3,2,3,2,4,4,4,4,1,8,9,9,8,4,4,4,2,4,3,2,2,4,3,3,4,4,3,4,4,4,1,4,4,4,1,3,5,2,4,2,5,4,5,5,5,3,5,61000,5,4,1,1,4,4,4,4,2,4,4,4,4,4,4,3,4,3,4,4,3,4,3,5,4,5,4,5,NA,NA,NA,NA,NA,NA,NA,NA,NA,NA,NA,NA,NA,NA,NA,NA,NA,NA,NA,NA,NA,NA,NA,NA,NA,NA,NA,236923091532983,213,1,1986,4,3.6666666666666665,3.6666666666666665,3,3.4,4,3.5833333333333335,3.8333333333333335,3,"Secondary education (e.g., high school)",Man,37,Not religious at all (1),Rural,61000,11.018629143155449,"March 07, 2023"
2023-03-07 23:19:33,2023-03-07 23:25:04,0,100,331,1,2023-03-07 23:25:05,R_3HMiIIRMagjvDds,anonymous,FR,1,1,NA,30,4,213,1,1,1,1,5,1,1,1,1,1,1,5,1,1,NA,Résultat,4,4,1,3,4,3,4,3,4,2,3,1,3,3,4,4,3,5,4,3,4,3,3,4,2,3,4,2,4,2,4,4,4,4,3,3,4,5,4,4,3,4,2,3,1,5,6,8,8,4,3,3,4,1,2,4,3,2,3,3,4,2,4,4,5,3,2,2,1,2,2,3,1,3,3,1,3,3,4,3,3,3,4,2300,4,4,3,2,3,4,2,3,3,2,3,5,1,2,1,2,2,3,3,2,3,1,3,6,5,4,5,3,NA,NA,NA,NA,NA,NA,NA,NA,NA,NA,NA,NA,NA,NA,NA,NA,NA,NA,NA,NA,NA,NA,NA,NA,NA,NA,NA,237718972176609,213,1,1987,2.6666666666666665,3,3.3333333333333335,3.6666666666666665,2.8,3,3.1666666666666665,2.8333333333333335,4,"Higher education (e.g., university degree or higher education diploma)",Man,30,(3),Urban,2300,7.7406644019172415,"March 07, 2023"
2023-03-07 23:36:20,2023-03-08 00:29:46,0,100,3205,1,2023-03-08 00:29:46,R_1PcRSMdvxTHANLx,anonymous,FR,1,0,NA,56,3,213,2,5,5,2,4,2,2,1,2,1,3,2,1,1,NA,De nous prouver ce qu il avance.,3,4,1,4,4,5,4,3,3,3,3,3,3,3,3,3,4,4,3,3,3,3,3,4,3,3,3,4,3,3,3,4,3,1,1,3,4,3,3,4,3,3,3,3,1,5,7,8,1,3,4,3,4,3,2,1,1,2,1,2,1,5,1,1,1,5,4,4,3,3,4,2,2,3,2,3,3,3,3,3,2,3,3,35000,99,99,1,1,3,3,3,3,1,2,3,3,3,3,3,3,3,3,3,3,3,3,4,4,6,4,4,4,NA,NA,NA,NA,NA,NA,NA,NA,NA,NA,NA,NA,NA,NA,NA,NA,NA,NA,NA,NA,NA,NA,NA,NA,NA,NA,NA,237810980003060,213,1,1990,3,3.6666666666666665,3,3,3.2,4,3.1666666666666665,3.3333333333333335,3,"Secondary education (e.g., high school)",Woman,56,Not religious at all (1),Rural,35000,10.46310334047155,"March 07, 2023"
2023-03-08 05:49:19,2023-03-08 06:01:07,0,100,707,1,2023-03-08 06:01:08,R_1jwFS8yvIazGh9K,anonymous,FR,1,0,NA,49,3,213,3,3,3,3,2,2,2,2,1,3,3,2,2,2,Tout le monde,NA,3,4,1,4,4,4,2,3,3,2,3,2,2,2,3,4,3,3,3,4,3,4,3,4,3,3,3,3,3,3,3,3,3,4,3,3,2,3,2,3,3,2,3,2,1,9,7,9,1,3,4,3,2,4,2,3,3,4,3,2,2,2,2,2,4,4,2,3,2,3,1,4,4,4,4,4,4,4,4,4,4,4,4,3100,99,99,1,1,3,3,3,3,3,3,3,3,2,3,2,3,3,3,3,3,2,3,4,4,5,4,5,5,NA,NA,NA,NA,NA,NA,NA,NA,NA,NA,NA,NA,NA,NA,NA,NA,NA,NA,NA,NA,NA,NA,NA,NA,NA,NA,NA,237810979433565,213,1,1992,3.3333333333333335,3.6666666666666665,3,3,2.4,3,3.25,3.5,3,"Secondary education (e.g., high school)",Woman,49,Not religious at all (1),Rural,3100,8.039157390473237,"March 08, 2023"
2023-03-08 08:53:19,2023-03-08 09:01:10,0,100,470,1,2023-03-08 09:01:11,R_2qmb94tCZJVxsGk,anonymous,FR,1,0,NA,42,4,213,3,3,3,1,3,1,3,1,1,1,3,1,1,1,santé,NA,4,4,1,5,5,5,5,4,4,3,3,4,3,4,3,4,4,4,4,4,4,4,4,4,4,4,4,4,4,4,4,4,4,4,4,4,4,2,2,3,2,4,2,3,1,10,10,5,1,4,4,4,2,4,4,3,4,4,2,4,4,4,4,4,3,4,2,2,3,4,3,4,4,4,4,4,4,4,4,4,4,4,4,60000,2,4,2,2,4,4,4,4,4,4,4,4,4,4,4,4,4,4,4,4,4,4,1,5,2,6,5,7,NA,NA,NA,NA,NA,NA,NA,NA,NA,NA,NA,NA,NA,NA,NA,NA,NA,NA,NA,NA,NA,NA,NA,NA,NA,NA,NA,237810979473435,213,1,1994,4,4,4,4,3.6,4,4,4,4,"Higher education (e.g., university degree or higher education diploma)",Woman,42,(2),Urban,60000,11.002099841204238,"March 08, 2023"
2023-03-08 09:30:55,2023-03-08 09:42:24,0,100,689,1,2023-03-08 09:42:24,R_12fk2FILlYMzhQe,anonymous,FR,1,1,NA,55,4,213,3,4,4,2,3,2,2,3,2,3,4,4,3,2,L'industrie,NA,2,6,1,5,5,5,1,2,2,2,4,3,4,4,3,5,5,4,3,4,4,3,3,4,4,4,3,4,4,3,3,4,3,4,4,4,3,3,3,3,4,4,3,3,1,6,2,6,2,3,4,4,3,4,3,3,3,4,1,1,1,1,2,1,1,5,3,3,3,3,2,5,5,5,5,4,5,5,5,5,5,5,5,25000,1,1,1,1,4,4,4,4,3,4,3,3,3,3,3,3,4,4,4,4,2,4,1,5,5,5,5,6,NA,NA,NA,NA,NA,NA,NA,NA,NA,NA,NA,NA,NA,NA,NA,NA,NA,NA,NA,NA,NA,NA,NA,NA,NA,NA,NA,237896423245951,213,1,1996,3.3333333333333335,4,4,3,3.8,4,3.5833333333333335,3.6666666666666665,4,"Higher education (e.g., university degree or higher education diploma)",Man,55,Not religious at all (1),Rural,25000,10.126631103850338,"March 08, 2023"
2023-03-08 09:30:56,2023-03-08 09:57:43,0,100,1606,1,2023-03-08 09:57:43,R_24eMRrVNw2JLnPv,anonymous,FR,1,1,NA,55,3,213,3,3,3,3,3,2,3,1,3,2,3,2,1,1,NA,Les diplômes,5,4,1,5,5,5,4,5,5,4,5,5,5,5,5,5,1,5,5,4,4,4,3,5,4,5,4,4,4,4,3,5,5,4,3,3,2,1,2,2,5,5,3,2,1,9,5,8,6,4,2,3,1,5,4,1,3,1,1,3,3,3,4,3,2,4,3,3,3,3,2,4,5,5,5,5,5,5,5,5,5,5,5,46000,2,5,4,1,5,5,4,3,2,2,3,4,4,4,2,2,5,5,4,3,2,1,2,4,5,5,7,7,NA,NA,NA,NA,NA,NA,NA,NA,NA,NA,NA,NA,NA,NA,NA,NA,NA,NA,NA,NA,NA,NA,NA,NA,NA,NA,NA,237896423509056,213,1,1999,4.333333333333333,4.333333333333333,4,3.3333333333333335,4.2,5,4,4.333333333333333,3,"Secondary education (e.g., high school)",Man,55,(4),Rural,46000,10.736396675471232,"March 08, 2023"
2023-03-08 09:52:41,2023-03-08 10:08:17,0,100,936,1,2023-03-08 10:08:18,R_3q84qZq7qeiMK2D,anonymous,FR,1,1,NA,55,4,213,4,5,4,1,1,1,4,1,2,4,4,1,1,1,les industries qui s'accaparent les brevets. Une histoire d'argent...,NA,3,6,1,4,5,4,1,3,3,2,4,3,4,2,4,4,5,4,3,4,4,3,3,4,3,4,4,4,4,4,2,4,3,5,4,4,4,4,2,3,3,3,3,4,1,5,4,7,1,4,4,3,2,4,2,3,2,2,1,2,1,4,2,1,2,4,2,3,3,3,2,3,5,4,5,3,5,4,5,4,5,4,5,3500,3,4,4,2,4,3,5,5,3,3,4,3,4,4,2,2,4,2,4,3,2,2,1,4,4,4,2,6,NA,NA,NA,NA,NA,NA,NA,NA,NA,NA,NA,NA,NA,NA,NA,NA,NA,NA,NA,NA,NA,NA,NA,NA,NA,NA,NA,237896423498977,213,1,2000,3.6666666666666665,4,3.6666666666666665,3,3.6,3,3.5833333333333335,3.8333333333333335,4,"Higher education (e.g., university degree or higher education diploma)",Man,55,(4),Urban,3500,8.160518247477505,"March 08, 2023"
2023-03-08 09:32:58,2023-03-08 10:10:03,0,100,2225,1,2023-03-08 10:10:04,R_1mC5LGMB9Qpsymt,anonymous,FR,1,1,NA,50,4,213,1,3,3,1,4,4,1,4,2,2,2,1,1,1,NA,Ses résultats de recherche publiés et validés,3,2,1,4,5,4,1,4,4,3,4,4,5,4,5,4,3,5,3,4,4,3,2,4,4,3,3,4,4,3,2,3,3,3,3,3,4,4,2,2,2,2,3,2,1,6,3,10,1,3,4,3,2,3,3,3,3,3,2,3,3,5,1,3,2,1,2,3,3,3,1,4,4,4,4,4,4,4,4,4,4,4,4,60000,3,3,1,1,4,4,4,2,3,2,4,4,4,2,3,3,4,4,4,2,3,2,1,1,2,4,4,6,NA,NA,NA,NA,NA,NA,NA,NA,NA,NA,NA,NA,NA,NA,NA,NA,NA,NA,NA,NA,NA,NA,NA,NA,NA,NA,NA,237896423253155,213,1,2001,3,4,4,2.3333333333333335,4.2,4,3.3333333333333335,3.5,4,"Higher education (e.g., university degree or higher education diploma)",Man,50,Not religious at all (1),Rural,60000,11.002099841204238,"March 08, 2023"
2023-03-08 09:55:10,2023-03-08 10:29:10,0,100,2039,1,2023-03-08 10:29:10,R_22lXqKVRRCEsNMT,anonymous,FR,1,1,NA,58,3,213,1,3,2,1,1,1,1,1,1,1,1,1,1,1,NA,"la rigueur, l'indépendance, l'honnêteté",3,6,1,4,4,3,3,3,2,2,4,4,3,4,4,4,5,5,3,4,4,3,3,4,3,3,3,4,3,3,2,4,3,2,2,2,4,2,3,3,3,3,3,3,1,7,8,4,5,3,4,3,2,3,4,3,3,4,2,3,3,3,3,3,3,4,2,2,2,3,2,3,4,4,5,3,5,3,5,4,4,2,5,45000,4,4,1,2,3,3,3,2,3,2,3,3,3,3,3,3,3,3,3,2,3,2,5,5,6,6,4,6,NA,NA,NA,NA,NA,NA,NA,NA,NA,NA,NA,NA,NA,NA,NA,NA,NA,NA,NA,NA,NA,NA,NA,NA,NA,NA,NA,237896423232581,213,1,2004,3,4,3.3333333333333335,2.6666666666666665,4,5,3.25,3.5,3,"Secondary education (e.g., high school)",Man,58,Not religious at all (1),Urban,45000,10.714417768752456,"March 08, 2023"
2023-03-08 10:20:41,2023-03-08 10:38:14,0,100,1053,1,2023-03-08 10:38:14,R_2CWAFiLvYqypmA7,anonymous,FR,1,0,NA,40,3,213,1,1,1,1,3,1,3,1,1,3,3,1,1,1,NA,Aucune idée,3,6,1,4,3,5,2,3,3,2,4,3,3,3,3,4,3,4,3,3,3,3,3,3,3,3,3,3,3,3,3,3,3,3,3,3,4,2,3,3,4,4,3,3,1,7,5,7,3,3,4,4,2,3,3,3,4,4,2,3,2,5,3,2,2,3,2,2,2,3,2,4,4,4,4,4,4,4,4,4,4,4,4,12000,3,3,2,2,3,3,3,3,3,3,3,3,3,3,3,3,3,3,3,3,3,3,4,4,6,5,4,3,NA,NA,NA,NA,NA,NA,NA,NA,NA,NA,NA,NA,NA,NA,NA,NA,NA,NA,NA,NA,NA,NA,NA,NA,NA,NA,NA,237810979628235,213,1,2006,3,3,3,3,3,3,3,3,3,"Secondary education (e.g., high school)",Woman,40,(2),Urban,12000,9.392661928770137,"March 08, 2023"
2023-03-08 10:13:32,2023-03-08 10:42:37,0,100,1744,1,2023-03-08 10:42:37,R_3ssrcjws3RQgT5E,anonymous,FR,1,1,NA,35,4,213,4,4,1,1,2,1,5,4,1,5,4,5,4,1,NA,"Les résultats de ses recherches, son honnêteté",2,6,1,5,4,2,2,1,4,4,2,2,2,2,2,4,4,3,2,4,2,2,1,4,2,2,2,4,2,1,1,3,2,5,5,5,4,1,4,4,2,3,2,3,1,7,10,8,1,1,5,2,1,4,3,4,3,5,2,1,1,4,1,1,1,4,1,3,3,3,1,3,4,4,4,2,4,4,4,4,4,4,4,55000,5,99,3,1,4,4,4,2,2,3,3,3,3,3,3,3,3,4,4,2,2,2,2,5,7,3,5,3,NA,NA,NA,NA,NA,NA,NA,NA,NA,NA,NA,NA,NA,NA,NA,NA,NA,NA,NA,NA,NA,NA,NA,NA,NA,NA,NA,237718975288371,213,1,2008,1.6666666666666667,4,2,1.3333333333333333,2.4,4,2.25,2.8333333333333335,4,"Higher education (e.g., university degree or higher education diploma)",Man,35,(3),Rural,55000,10.915088464214607,"March 08, 2023"
2023-03-08 10:28:16,2023-03-08 10:50:16,0,100,1319,1,2023-03-08 10:50:17,R_2WxqpZIgdf8bRpA,anonymous,FR,1,1,NA,50,3,213,5,4,4,2,3,2,3,1,2,3,5,3,1,1,Tout le monde en bénéficie directement ou indirectement notamment en matière de médecine.,NA,3,4,1,5,5,5,3,3,3,2,4,4,2,3,5,5,4,4,3,4,4,3,2,3,3,3,3,4,3,3,2,3,3,4,4,4,4,3,3,3,3,3,2,2,1,8,7,9,1,3,4,3,2,4,1,3,3,4,1,2,1,4,1,1,3,4,2,3,3,3,2,3,4,3,4,4,4,5,5,5,5,5,5,40000,3,3,2,2,3,3,3,4,2,3,3,3,3,4,2,3,3,3,3,4,2,3,1,3,7,5,4,6,NA,NA,NA,NA,NA,NA,NA,NA,NA,NA,NA,NA,NA,NA,NA,NA,NA,NA,NA,NA,NA,NA,NA,NA,NA,NA,NA,237896423513194,213,1,2010,3,3.6666666666666665,3.3333333333333335,2.3333333333333335,3.6,3,3.0833333333333335,3.3333333333333335,3,"Secondary education (e.g., high school)",Man,50,(2),Urban,40000,10.596634733096073,"March 08, 2023"
2023-03-08 10:45:37,2023-03-08 10:57:40,0,100,722,1,2023-03-08 10:57:40,R_1QoaFdsaBzExDND,anonymous,FR,1,1,NA,54,4,213,6,5,6,4,6,4,6,3,2,5,4,3,5,2,NA,Qu il ne soit pas rémunéré pour s exprimer,4,4,2,5,5,3,2,4,2,1,4,1,2,4,3,5,5,4,3,3,2,2,3,3,2,2,3,3,2,2,1,4,2,4,4,5,3,3,4,5,4,5,4,5,1,7,6,5,3,2,5,4,2,4,3,3,4,4,1,2,1,2,1,2,1,5,1,3,2,3,1,4,4,4,4,4,4,5,5,4,4,4,4,32000,99,99,3,1,1,3,3,1,2,1,4,4,4,1,1,2,2,2,3,1,1,1,2,4,7,4,6,3,NA,NA,NA,NA,NA,NA,NA,NA,NA,NA,NA,NA,NA,NA,NA,NA,NA,NA,NA,NA,NA,NA,NA,NA,NA,NA,NA,237896423500017,213,1,2012,2,3,2,2.3333333333333335,3,4,2.3333333333333335,2.5,4,"Higher education (e.g., university degree or higher education diploma)",Man,54,(3),Rural,32000,10.373491181781864,"March 08, 2023"
2023-03-08 10:38:21,2023-03-08 11:06:04,0,100,1662,1,2023-03-08 11:06:05,R_1qghbalFXC1qnRo,anonymous,FR,1,1,NA,58,4,213,3,5,5,3,4,5,5,3,3,3,5,3,3,1,NA,Sa capacité a transmettre son savoir ou ses recherches. Le sens et le but de ses recherches.,4,1,1,5,5,5,4,4,4,4,4,5,5,5,4,5,5,5,5,5,4,4,4,4,4,4,4,4,4,4,4,4,4,4,3,4,4,3,4,2,3,2,3,3,1,9,9,9,1,4,3,4,2,1,2,2,4,4,1,1,2,4,1,2,2,3,2,3,3,3,2,5,5,5,5,5,5,5,5,5,5,5,5,25000,3,2,1,2,5,5,5,5,5,5,4,4,4,4,4,5,4,4,4,4,5,5,1,3,5,2,3,7,NA,NA,NA,NA,NA,NA,NA,NA,NA,NA,NA,NA,NA,NA,NA,NA,NA,NA,NA,NA,NA,NA,NA,NA,NA,NA,NA,237896423500803,213,1,2014,4,4.333333333333333,4,4,4.8,5,4.083333333333333,4.166666666666667,4,"Higher education (e.g., university degree or higher education diploma)",Man,58,Not religious at all (1),Urban,25000,10.126631103850338,"March 08, 2023"
2023-03-08 11:17:49,2023-03-08 11:34:56,0,100,1027,1,2023-03-08 11:34:57,R_3Gqd379xtFQ6JF2,anonymous,FR,1,1,NA,57,4,213,3,3,3,3,3,3,3,1,3,1,3,1,1,3,NA,Lorsqu il est prouvé que leurs théorie est véridique,4,3,1,5,4,5,2,4,4,3,3,5,5,1,4,5,5,4,4,4,4,4,4,4,4,4,4,4,4,4,4,4,4,4,4,4,4,1,1,3,3,3,3,3,1,9,2,9,1,4,5,4,1,5,4,5,5,5,1,1,1,5,1,1,1,5,3,3,3,3,3,4,4,4,4,4,4,4,4,4,4,4,4,21500,99,99,1,1,4,4,4,4,4,4,4,4,4,4,4,4,4,4,4,4,4,4,1,1,9,6,6,4,NA,NA,NA,NA,NA,NA,NA,NA,NA,NA,NA,NA,NA,NA,NA,NA,NA,NA,NA,NA,NA,NA,NA,NA,NA,NA,NA,237896423501052,213,1,2016,4,4,4,4,4,4,4,4,4,"Higher education (e.g., university degree or higher education diploma)",Man,57,Not religious at all (1),Rural,21500,9.975808214115753,"March 08, 2023"
2023-03-08 11:37:47,2023-03-08 11:48:54,0,100,667,1,2023-03-08 11:48:55,R_2TSqSnSLTNfWass,anonymous,FR,1,1,NA,56,4,213,4,4,2,1,3,3,1,3,4,4,4,2,2,2,"vaste question les gens aisés, ayant de l'éducation",NA,4,4,1,4,3,4,2,4,4,3,4,3,3,3,4,3,4,3,3,3,4,3,3,3,3,4,3,4,4,3,3,4,4,3,3,3,3,2,3,3,3,3,3,3,1,8,4,8,1,4,3,3,2,3,2,2,2,2,2,3,3,4,3,3,3,3,3,3,3,3,3,4,4,4,4,4,4,4,4,4,4,4,4,32000,3,2,1,2,4,3,4,4,3,3,4,4,4,4,4,4,4,4,4,4,4,4,1,5,2,3,5,6,NA,NA,NA,NA,NA,NA,NA,NA,NA,NA,NA,NA,NA,NA,NA,NA,NA,NA,NA,NA,NA,NA,NA,NA,NA,NA,NA,237896423501830,213,1,2019,3.3333333333333335,3.3333333333333335,3.6666666666666665,3,3.4,3,3.3333333333333335,3.3333333333333335,4,"Higher education (e.g., university degree or higher education diploma)",Man,56,Not religious at all (1),Urban,32000,10.373491181781864,"March 08, 2023"
2023-03-08 12:24:16,2023-03-08 12:42:36,0,100,1099,1,2023-03-08 12:42:36,R_u47JZQniCYsQ7SN,anonymous,FR,1,1,NA,57,4,213,2,1,2,1,1,2,1,1,3,NA,3,1,2,1,NA,Sa crédibilité,3,4,1,4,1,1,3,3,2,1,3,5,4,3,1,4,5,4,2,3,3,2,2,3,3,3,2,4,4,3,3,2,3,3,3,4,5,2,2,2,1,4,2,3,1,10,10,8,1,1,4,1,4,1,1,1,1,1,5,1,1,5,1,1,1,4,2,3,3,3,1,2,2,2,2,2,2,2,2,2,2,2,2,30000,4,4,4,2,4,4,3,2,3,2,4,4,4,2,4,4,3,3,3,2,3,3,3,3,1,1,2,6,NA,NA,NA,NA,NA,NA,NA,NA,NA,NA,NA,NA,NA,NA,NA,NA,NA,NA,NA,NA,NA,NA,NA,NA,NA,NA,NA,237896423501829,213,1,2021,2.6666666666666665,3.3333333333333335,3.3333333333333335,2.3333333333333335,3.6,3,2.9166666666666665,3,4,"Higher education (e.g., university degree or higher education diploma)",Man,57,(4),Urban,30000,10.308952660644293,"March 08, 2023"
2023-03-08 12:59:24,2023-03-08 13:13:53,0,100,868,1,2023-03-08 13:13:54,R_3PH5u2GnN2aSBZv,anonymous,FR,1,0,NA,43,4,213,3,6,6,5,6,6,7,7,3,4,5,2,4,1,"La population en générale soit en terme de recherches ou d'informations, de progrès, de découvertes, de connaissances, d'instruction.",NA,5,4,1,4,5,5,2,5,5,3,3,5,4,5,5,5,4,5,4,5,4,5,4,4,4,4,4,4,4,4,4,4,4,4,4,4,4,4,2,2,4,4,3,3,1,9,7,7,1,4,4,3,4,4,3,3,3,2,1,3,2,3,2,3,3,3,2,3,3,3,2,4,4,4,4,4,4,5,5,5,5,5,5,50000,2,4,1,1,4,4,4,4,4,4,4,4,4,4,3,4,4,4,4,4,3,4,1,1,3,2,2,7,NA,NA,NA,NA,NA,NA,NA,NA,NA,NA,NA,NA,NA,NA,NA,NA,NA,NA,NA,NA,NA,NA,NA,NA,NA,NA,NA,237810980043855,213,1,2023,4.333333333333333,4.333333333333333,4,4,4.6,5,4.166666666666667,4.333333333333333,4,"Higher education (e.g., university degree or higher education diploma)",Woman,43,Not religious at all (1),Rural,50000,10.819778284410283,"March 08, 2023"
2023-03-08 13:54:10,2023-03-08 14:17:45,0,100,1414,1,2023-03-08 14:17:45,R_2sbQYqeIanywHch,anonymous,FR,1,1,NA,59,3,213,5,5,5,6,2,1,4,1,2,3,5,1,5,2,La science pour sauvegarder notre planète pour nos générations futures,NA,3,4,1,5,4,4,3,4,4,3,5,3,4,4,4,5,5,5,4,4,4,5,4,4,3,4,4,5,4,3,4,4,4,5,4,4,4,4,2,2,4,4,4,4,1,9,9,10,1,4,4,2,4,4,3,1,1,1,1,3,3,3,1,2,2,5,2,3,3,3,1,4,4,4,3,4,4,4,4,4,4,4,4,23000,1,3,1,1,3,5,5,4,3,3,3,4,4,4,3,3,3,4,4,3,3,3,1,6,5,2,4,2,NA,NA,NA,NA,NA,NA,NA,NA,NA,NA,NA,NA,NA,NA,NA,NA,NA,NA,NA,NA,NA,NA,NA,NA,NA,NA,NA,237123008159891,213,1,2025,4,4.333333333333333,3.6666666666666665,4,4,4,4,4.166666666666667,3,"Secondary education (e.g., high school)",Man,59,Not religious at all (1),Rural,23000,10.043249494911286,"March 08, 2023"
2023-03-08 17:01:08,2023-03-08 17:14:48,0,100,820,1,2023-03-08 17:14:49,R_2419x8EhFEKCH5z,anonymous,FR,1,0,NA,47,4,213,1,4,4,1,1,2,1,1,1,2,4,1,1,1,l'humanité en général,NA,4,6,1,5,5,3,3,4,4,1,5,3,3,3,3,5,4,5,3,4,3,3,3,4,3,3,3,4,3,3,3,4,3,5,5,5,3,2,3,3,2,2,3,3,1,10,5,5,1,3,4,2,1,1,2,1,2,5,1,1,1,4,3,2,2,4,2,2,3,3,1,4,4,4,4,4,4,4,4,4,4,4,4,29900,99,99,1,2,4,4,4,3,3,3,4,4,4,3,3,3,4,4,4,3,4,3,1,1,5,1,1,3,NA,NA,NA,NA,NA,NA,NA,NA,NA,NA,NA,NA,NA,NA,NA,NA,NA,NA,NA,NA,NA,NA,NA,NA,NA,NA,NA,237810979999939,213,1,2027,3,4,3,3,3.2,4,3.25,3.5,4,"Higher education (e.g., university degree or higher education diploma)",Woman,47,Not religious at all (1),Urban,29900,10.305613759378778,"March 08, 2023"
2023-03-08 17:57:00,2023-03-08 18:05:19,0,100,498,1,2023-03-08 18:05:19,R_2Ttr58wTdT7Voig,anonymous,FR,1,0,NA,52,3,213,1,6,2,1,1,1,1,1,1,2,2,1,1,1,je ne sais pas,NA,2,4,1,4,4,4,3,4,4,4,3,2,3,3,3,4,3,4,4,4,4,4,4,4,4,4,4,4,4,4,4,4,4,3,4,4,3,3,3,4,4,3,4,3,1,6,7,7,3,4,4,3,2,3,3,2,3,3,3,2,3,4,4,3,3,3,1,2,2,3,1,4,4,4,4,4,4,4,4,4,4,4,4,21012,99,99,1,1,4,4,3,3,2,3,3,3,3,3,3,3,3,3,3,3,2,3,2,4,7,6,6,6,NA,NA,NA,NA,NA,NA,NA,NA,NA,NA,NA,NA,NA,NA,NA,NA,NA,NA,NA,NA,NA,NA,NA,NA,NA,NA,NA,236850617220209,213,1,2030,4,4,4,4,2.8,4,4,4,3,"Secondary education (e.g., high school)",Woman,52,Not religious at all (1),Rural,21012,9.952848982073853,"March 08, 2023"
2023-03-08 19:27:53,2023-03-08 20:17:55,0,100,3002,1,2023-03-08 20:17:56,R_2s59Pa5Thxwei1y,anonymous,FR,1,0,NA,52,3,213,1,1,1,1,1,1,1,1,1,1,1,1,1,1,NA,que le scientifique dise la vérité,3,4,1,5,4,3,3,3,3,3,3,3,3,3,3,3,3,4,3,3,3,3,3,3,3,5,3,3,3,3,3,3,3,3,3,3,5,3,3,3,3,3,3,4,1,8,7,9,1,3,4,3,3,3,2,2,2,3,2,3,3,3,3,3,3,3,1,1,1,1,1,3,3,3,3,3,3,4,4,4,3,3,4,520,99,99,1,1,3,3,3,3,3,3,3,3,3,3,3,3,3,3,3,3,3,3,1,4,5,2,5,2,NA,NA,NA,NA,NA,NA,NA,NA,NA,NA,NA,NA,NA,NA,NA,NA,NA,NA,NA,NA,NA,NA,NA,NA,NA,NA,NA,237810979449005,213,1,2031,3.6666666666666665,3,3,3,3,3,3.1666666666666665,3.3333333333333335,3,"Secondary education (e.g., high school)",Woman,52,Not religious at all (1),Rural,520,6.253828811575473,"March 08, 2023"
2023-03-09 04:21:27,2023-03-09 05:22:44,0,100,3677,1,2023-03-09 05:22:45,R_3CWuD1gOJMA02HN,anonymous,FR,1,0,NA,59,3,213,5,5,5,1,4,1,1,1,1,2,4,1,1,1,NA,Son parcours d'études son expérience professionnelle et son âge,3,6,1,4,4,2,2,4,4,2,2,3,2,3,2,3,5,5,3,5,5,5,3,5,4,4,5,5,4,4,5,4,4,4,1,3,4,2,2,2,2,3,4,3,1,6,6,8,2,4,3,2,1,2,2,1,3,4,1,4,4,4,4,3,3,2,2,3,2,3,2,4,4,4,3,4,4,4,4,4,3,4,4,17500,99,3,3,2,4,4,4,4,4,4,4,4,4,3,3,3,4,4,4,4,4,4,1,2,6,2,5,7,NA,NA,NA,NA,NA,NA,NA,NA,NA,NA,NA,NA,NA,NA,NA,NA,NA,NA,NA,NA,NA,NA,NA,NA,NA,NA,NA,237810979581141,213,1,2034,4.333333333333333,5,4.333333333333333,4.333333333333333,3,4,4.5,4.666666666666667,3,"Secondary education (e.g., high school)",Woman,59,(3),Urban,17500,9.769956159911606,"March 09, 2023"
